name,city,type,country,flight_cost,train_cost,bus_cost,hotel_per_day,days,rating
Kabul,Kabul,Capital City,Afghanistan,37600,8250,4500,6100,2,4.4
Afghanistan,Afghanistan,Country,Afghanistan,39000,8600,4700,6400,3,4.1
Badakhshan,Badakhshan,State/Province,Afghanistan,28000,6150,3350,4600,1,4.0
Badakhshān,Badakhshān,State/Province,Afghanistan,28000,6150,3350,4600,1,4.0
Badghis,Badghis,State/Province,Afghanistan,28000,6150,3350,4600,1,4.0
Baghlan,Baghlan,State/Province,Afghanistan,28000,6150,3350,4600,1,4.0
Baghlān,Baghlān,State/Province,Afghanistan,28000,6150,3350,4600,1,4.0
Balkh,Balkh,State/Province,Afghanistan,28000,6150,3350,4600,1,4.0
Bamian,Bamian,State/Province,Afghanistan,28000,6150,3350,4600,1,4.0
Bādghīs,Bādghīs,State/Province,Afghanistan,28000,6150,3350,4600,1,4.0
Bāmyān,Bāmyān,State/Province,Afghanistan,28000,6150,3350,4600,1,4.0
Dāykundī,Dāykundī,State/Province,Afghanistan,28000,6150,3350,4600,1,4.0
Farah,Farah,State/Province,Afghanistan,28000,6150,3350,4600,1,4.0
Faryab,Faryab,State/Province,Afghanistan,28000,6150,3350,4600,1,4.0
Farāh,Farāh,State/Province,Afghanistan,28000,6150,3350,4600,1,4.0
Fāryāb,Fāryāb,State/Province,Afghanistan,28000,6150,3350,4600,1,4.0
Ghazni,Ghazni,State/Province,Afghanistan,28000,6150,3350,4600,1,4.0
Ghaznī,Ghaznī,State/Province,Afghanistan,28000,6150,3350,4600,1,4.0
Ghowr,Ghowr,State/Province,Afghanistan,28000,6150,3350,4600,1,4.0
Ghōr,Ghōr,State/Province,Afghanistan,28000,6150,3350,4600,1,4.0
Helmand,Helmand,State/Province,Afghanistan,28000,6150,3350,4600,1,4.0
Herat,Herat,State/Province,Afghanistan,28000,6150,3350,4600,1,4.0
Herāt,Herāt,State/Province,Afghanistan,28000,6150,3350,4600,1,4.0
Jowzjan,Jowzjan,State/Province,Afghanistan,28000,6150,3350,4600,1,4.0
Jowzjān,Jowzjān,State/Province,Afghanistan,28000,6150,3350,4600,1,4.0
Kabol,Kabol,State/Province,Afghanistan,28000,6150,3350,4600,1,4.0
Kandahar,Kandahar,State/Province,Afghanistan,28000,6150,3350,4600,1,4.0
Kandahār,Kandahār,State/Province,Afghanistan,28000,6150,3350,4600,1,4.0
Kapisa,Kapisa,State/Province,Afghanistan,28000,6150,3350,4600,1,4.0
Khōst,Khōst,State/Province,Afghanistan,28000,6150,3350,4600,1,4.0
Konar,Konar,State/Province,Afghanistan,28000,6150,3350,4600,1,4.0
Kondoz,Kondoz,State/Province,Afghanistan,28000,6150,3350,4600,1,4.0
Kunaṟ,Kunaṟ,State/Province,Afghanistan,28000,6150,3350,4600,1,4.0
Kunduz,Kunduz,State/Province,Afghanistan,28000,6150,3350,4600,1,4.0
Kābul,Kābul,State/Province,Afghanistan,28000,6150,3350,4600,1,4.0
Kāpīsā,Kāpīsā,State/Province,Afghanistan,28000,6150,3350,4600,1,4.0
Laghman,Laghman,State/Province,Afghanistan,28000,6150,3350,4600,1,4.0
Laghmān,Laghmān,State/Province,Afghanistan,28000,6150,3350,4600,1,4.0
Lowgar,Lowgar,State/Province,Afghanistan,28000,6150,3350,4600,1,4.0
Lōgar,Lōgar,State/Province,Afghanistan,28000,6150,3350,4600,1,4.0
Nangarhar,Nangarhar,State/Province,Afghanistan,28000,6150,3350,4600,1,4.0
Nangarhār,Nangarhār,State/Province,Afghanistan,28000,6150,3350,4600,1,4.0
Nimruz,Nimruz,State/Province,Afghanistan,28000,6150,3350,4600,1,4.0
Nīmrōz,Nīmrōz,State/Province,Afghanistan,28000,6150,3350,4600,1,4.0
Nūristān,Nūristān,State/Province,Afghanistan,28000,6150,3350,4600,1,4.0
Oruzgan,Oruzgan,State/Province,Afghanistan,28000,6150,3350,4600,1,4.0
Paktia,Paktia,State/Province,Afghanistan,28000,6150,3350,4600,1,4.0
Paktika,Paktika,State/Province,Afghanistan,28000,6150,3350,4600,1,4.0
Paktiyā,Paktiyā,State/Province,Afghanistan,28000,6150,3350,4600,1,4.0
Paktīkā,Paktīkā,State/Province,Afghanistan,28000,6150,3350,4600,1,4.0
Panjshayr,Panjshayr,State/Province,Afghanistan,28000,6150,3350,4600,1,4.0
Parvan,Parvan,State/Province,Afghanistan,28000,6150,3350,4600,1,4.0
Parwān,Parwān,State/Province,Afghanistan,28000,6150,3350,4600,1,4.0
Samangan,Samangan,State/Province,Afghanistan,28000,6150,3350,4600,1,4.0
Samangān,Samangān,State/Province,Afghanistan,28000,6150,3350,4600,1,4.0
Sar-e Pol,Sar-e Pol,State/Province,Afghanistan,28000,6150,3350,4600,1,4.0
Sar-e Pul,Sar-e Pul,State/Province,Afghanistan,28000,6150,3350,4600,1,4.0
Takhar,Takhar,State/Province,Afghanistan,28000,6150,3350,4600,1,4.0
Takhār,Takhār,State/Province,Afghanistan,28000,6150,3350,4600,1,4.0
Uruzgān,Uruzgān,State/Province,Afghanistan,28000,6150,3350,4600,1,4.0
Vardak,Vardak,State/Province,Afghanistan,28000,6150,3350,4600,1,4.0
Wardak,Wardak,State/Province,Afghanistan,28000,6150,3350,4600,1,4.0
Zabol,Zabol,State/Province,Afghanistan,28000,6150,3350,4600,1,4.0
Zābul,Zābul,State/Province,Afghanistan,28000,6150,3350,4600,1,4.0
Berat,Berat,Administrative Region,Albania,52000,11450,6250,6400,1,4.0
Dibër,Dibër,Administrative Region,Albania,52000,11450,6250,6400,1,4.0
Durrës,Durrës,Administrative Region,Albania,52000,11450,6250,6400,1,4.0
Elbasan,Elbasan,Administrative Region,Albania,52000,11450,6250,6400,1,4.0
Fier,Fier,Administrative Region,Albania,52000,11450,6250,6400,1,4.0
Gjirokastër,Gjirokastër,Administrative Region,Albania,52000,11450,6250,6400,1,4.0
Korçë,Korçë,Administrative Region,Albania,52000,11450,6250,6400,1,4.0
Kukës,Kukës,Administrative Region,Albania,52000,11450,6250,6400,1,4.0
Lezhë,Lezhë,Administrative Region,Albania,52000,11450,6250,6400,1,4.0
Shkodër,Shkodër,Administrative Region,Albania,52000,11450,6250,6400,1,4.0
Tiranë,Tiranë,Administrative Region,Albania,52000,11450,6250,6400,1,4.0
Vlorë,Vlorë,Administrative Region,Albania,52000,11450,6250,6400,1,4.0
Tirana,Tirana,Capital City,Albania,67600,14850,8100,8400,2,4.4
Albania,Albania,Country,Albania,69100,15200,8300,8600,3,4.1
Berat,Berat,State/Province,Albania,64100,14100,7700,8100,1,4.0
Bulqize,Bulqize,State/Province,Albania,64100,14100,7700,8100,1,4.0
Delvine,Delvine,State/Province,Albania,64100,14100,7700,8100,1,4.0
Devoll (Bilisht),Devoll (Bilisht),State/Province,Albania,64100,14100,7700,8100,1,4.0
Diber (Peshkopi),Diber (Peshkopi),State/Province,Albania,64100,14100,7700,8100,1,4.0
Durres,Durres,State/Province,Albania,64100,14100,7700,8100,1,4.0
Elbasan,Elbasan,State/Province,Albania,64100,14100,7700,8100,1,4.0
Fier,Fier,State/Province,Albania,64100,14100,7700,8100,1,4.0
Gjirokaster,Gjirokaster,State/Province,Albania,64100,14100,7700,8100,1,4.0
Gramsh,Gramsh,State/Province,Albania,64100,14100,7700,8100,1,4.0
Has (Krume),Has (Krume),State/Province,Albania,64100,14100,7700,8100,1,4.0
Kavaje,Kavaje,State/Province,Albania,64100,14100,7700,8100,1,4.0
Kolonje (Erseke),Kolonje (Erseke),State/Province,Albania,64100,14100,7700,8100,1,4.0
Korce,Korce,State/Province,Albania,64100,14100,7700,8100,1,4.0
Kruje,Kruje,State/Province,Albania,64100,14100,7700,8100,1,4.0
Kucove,Kucove,State/Province,Albania,64100,14100,7700,8100,1,4.0
Kukes,Kukes,State/Province,Albania,64100,14100,7700,8100,1,4.0
Kurbin,Kurbin,State/Province,Albania,64100,14100,7700,8100,1,4.0
Lezhe,Lezhe,State/Province,Albania,64100,14100,7700,8100,1,4.0
Librazhd,Librazhd,State/Province,Albania,64100,14100,7700,8100,1,4.0
Lushnje,Lushnje,State/Province,Albania,64100,14100,7700,8100,1,4.0
Malesi e Madhe (Koplik),Malesi e Madhe (Koplik),State/Province,Albania,64100,14100,7700,8100,1,4.0
Mallakaster (Ballsh),Mallakaster (Ballsh),State/Province,Albania,64100,14100,7700,8100,1,4.0
Mat (Burrel),Mat (Burrel),State/Province,Albania,64100,14100,7700,8100,1,4.0
Mirdite (Rreshen),Mirdite (Rreshen),State/Province,Albania,64100,14100,7700,8100,1,4.0
Peqin,Peqin,State/Province,Albania,64100,14100,7700,8100,1,4.0
Permet,Permet,State/Province,Albania,64100,14100,7700,8100,1,4.0
Pogradec,Pogradec,State/Province,Albania,64100,14100,7700,8100,1,4.0
Puke,Puke,State/Province,Albania,64100,14100,7700,8100,1,4.0
Sarande,Sarande,State/Province,Albania,64100,14100,7700,8100,1,4.0
Shkoder,Shkoder,State/Province,Albania,64100,14100,7700,8100,1,4.0
Skrapar (Corovode),Skrapar (Corovode),State/Province,Albania,64100,14100,7700,8100,1,4.0
Tepelene,Tepelene,State/Province,Albania,64100,14100,7700,8100,1,4.0
Tirane (Tirana),Tirane (Tirana),State/Province,Albania,64100,14100,7700,8100,1,4.0
Tropoje (Bajram Curri),Tropoje (Bajram Curri),State/Province,Albania,64100,14100,7700,8100,1,4.0
Vlore,Vlore,State/Province,Albania,64100,14100,7700,8100,1,4.0
Algiers,Algiers,Capital City,Algeria,59100,13000,7100,7100,2,4.4
Algeria,Algeria,Country,Algeria,60500,13300,7250,7300,3,4.1
Adrar,Adrar,State/Province,Algeria,57000,12550,6850,7100,1,4.0
Ain Defla,Ain Defla,State/Province,Algeria,57000,12550,6850,7100,1,4.0
Ain Temouchent,Ain Temouchent,State/Province,Algeria,57000,12550,6850,7100,1,4.0
Alger,Alger,State/Province,Algeria,57000,12550,6850,7100,1,4.0
Annaba,Annaba,State/Province,Algeria,57000,12550,6850,7100,1,4.0
Aïn Defla,Aïn Defla,State/Province,Algeria,57000,12550,6850,7100,1,4.0
Aïn Témouchent,Aïn Témouchent,State/Province,Algeria,57000,12550,6850,7100,1,4.0
Batna,Batna,State/Province,Algeria,57000,12550,6850,7100,1,4.0
Bechar,Bechar,State/Province,Algeria,57000,12550,6850,7100,1,4.0
Bejaia,Bejaia,State/Province,Algeria,57000,12550,6850,7100,1,4.0
Biskra,Biskra,State/Province,Algeria,57000,12550,6850,7100,1,4.0
Blida,Blida,State/Province,Algeria,57000,12550,6850,7100,1,4.0
Bordj Badji Mokhtar,Bordj Badji Mokhtar,State/Province,Algeria,57000,12550,6850,7100,1,4.0
Bordj Bou Arreridj,Bordj Bou Arreridj,State/Province,Algeria,57000,12550,6850,7100,1,4.0
Bordj Bou Arréridj,Bordj Bou Arréridj,State/Province,Algeria,57000,12550,6850,7100,1,4.0
Bouira,Bouira,State/Province,Algeria,57000,12550,6850,7100,1,4.0
Boumerdes,Boumerdes,State/Province,Algeria,57000,12550,6850,7100,1,4.0
Boumerdès,Boumerdès,State/Province,Algeria,57000,12550,6850,7100,1,4.0
Béchar,Béchar,State/Province,Algeria,57000,12550,6850,7100,1,4.0
Béjaïa,Béjaïa,State/Province,Algeria,57000,12550,6850,7100,1,4.0
Béni Abbès,Béni Abbès,State/Province,Algeria,57000,12550,6850,7100,1,4.0
Chlef,Chlef,State/Province,Algeria,57000,12550,6850,7100,1,4.0
Constantine,Constantine,State/Province,Algeria,57000,12550,6850,7100,1,4.0
Djanet,Djanet,State/Province,Algeria,57000,12550,6850,7100,1,4.0
Djelfa,Djelfa,State/Province,Algeria,57000,12550,6850,7100,1,4.0
El Bayadh,El Bayadh,State/Province,Algeria,57000,12550,6850,7100,1,4.0
El Meghaier,El Meghaier,State/Province,Algeria,57000,12550,6850,7100,1,4.0
El Meniaa,El Meniaa,State/Province,Algeria,57000,12550,6850,7100,1,4.0
El Oued,El Oued,State/Province,Algeria,57000,12550,6850,7100,1,4.0
El Tarf,El Tarf,State/Province,Algeria,57000,12550,6850,7100,1,4.0
Ghardaia,Ghardaia,State/Province,Algeria,57000,12550,6850,7100,1,4.0
Ghardaïa,Ghardaïa,State/Province,Algeria,57000,12550,6850,7100,1,4.0
Guelma,Guelma,State/Province,Algeria,57000,12550,6850,7100,1,4.0
Illizi,Illizi,State/Province,Algeria,57000,12550,6850,7100,1,4.0
In Guezzam,In Guezzam,State/Province,Algeria,57000,12550,6850,7100,1,4.0
In Salah,In Salah,State/Province,Algeria,57000,12550,6850,7100,1,4.0
Jijel,Jijel,State/Province,Algeria,57000,12550,6850,7100,1,4.0
Khenchela,Khenchela,State/Province,Algeria,57000,12550,6850,7100,1,4.0
Laghouat,Laghouat,State/Province,Algeria,57000,12550,6850,7100,1,4.0
M'sila,M'sila,State/Province,Algeria,57000,12550,6850,7100,1,4.0
Mascara,Mascara,State/Province,Algeria,57000,12550,6850,7100,1,4.0
Medea,Medea,State/Province,Algeria,57000,12550,6850,7100,1,4.0
Mila,Mila,State/Province,Algeria,57000,12550,6850,7100,1,4.0
Mostaganem,Mostaganem,State/Province,Algeria,57000,12550,6850,7100,1,4.0
Médéa,Médéa,State/Province,Algeria,57000,12550,6850,7100,1,4.0
Naama,Naama,State/Province,Algeria,57000,12550,6850,7100,1,4.0
Oran,Oran,State/Province,Algeria,57000,12550,6850,7100,1,4.0
Ouargla,Ouargla,State/Province,Algeria,57000,12550,6850,7100,1,4.0
Ouled Djellal,Ouled Djellal,State/Province,Algeria,57000,12550,6850,7100,1,4.0
Oum el Bouaghi,Oum el Bouaghi,State/Province,Algeria,57000,12550,6850,7100,1,4.0
Relizane,Relizane,State/Province,Algeria,57000,12550,6850,7100,1,4.0
Saida,Saida,State/Province,Algeria,57000,12550,6850,7100,1,4.0
Saïda,Saïda,State/Province,Algeria,57000,12550,6850,7100,1,4.0
Setif,Setif,State/Province,Algeria,57000,12550,6850,7100,1,4.0
Sidi Bel Abbes,Sidi Bel Abbes,State/Province,Algeria,57000,12550,6850,7100,1,4.0
Sidi Bel Abbès,Sidi Bel Abbès,State/Province,Algeria,57000,12550,6850,7100,1,4.0
Skikda,Skikda,State/Province,Algeria,57000,12550,6850,7100,1,4.0
Souk Ahras,Souk Ahras,State/Province,Algeria,57000,12550,6850,7100,1,4.0
Sétif,Sétif,State/Province,Algeria,57000,12550,6850,7100,1,4.0
Tamanghasset,Tamanghasset,State/Province,Algeria,57000,12550,6850,7100,1,4.0
Tamanrasset,Tamanrasset,State/Province,Algeria,57000,12550,6850,7100,1,4.0
Tebessa,Tebessa,State/Province,Algeria,57000,12550,6850,7100,1,4.0
Tiaret,Tiaret,State/Province,Algeria,57000,12550,6850,7100,1,4.0
Timimoun,Timimoun,State/Province,Algeria,57000,12550,6850,7100,1,4.0
Tindouf,Tindouf,State/Province,Algeria,57000,12550,6850,7100,1,4.0
Tipaza,Tipaza,State/Province,Algeria,57000,12550,6850,7100,1,4.0
Tissemsilt,Tissemsilt,State/Province,Algeria,57000,12550,6850,7100,1,4.0
Tizi Ouzou,Tizi Ouzou,State/Province,Algeria,57000,12550,6850,7100,1,4.0
Tlemcen,Tlemcen,State/Province,Algeria,57000,12550,6850,7100,1,4.0
Touggourt,Touggourt,State/Province,Algeria,57000,12550,6850,7100,1,4.0
Tébessa,Tébessa,State/Province,Algeria,57000,12550,6850,7100,1,4.0
Pago Pago,Pago Pago,Capital City,American Samoa,98100,21600,11750,10700,2,4.4
American Samoa,American Samoa,Country,American Samoa,99600,21900,11950,10900,3,4.1
Eastern,Eastern,State/Province,American Samoa,79600,17500,9550,8500,1,4.0
Manu'a,Manu'a,State/Province,American Samoa,79600,17500,9550,8500,1,4.0
Rose Island,Rose Island,State/Province,American Samoa,79600,17500,9550,8500,1,4.0
Swains Island,Swains Island,State/Province,American Samoa,79600,17500,9550,8500,1,4.0
Western,Western,State/Province,American Samoa,79600,17500,9550,8500,1,4.0
Andorra la Vella,Andorra la Vella,Administrative Region,Andorra,51500,11350,6200,5300,1,4.0
Canillo,Canillo,Administrative Region,Andorra,51500,11350,6200,5300,1,4.0
Encamp,Encamp,Administrative Region,Andorra,51500,11350,6200,5300,1,4.0
Escaldes-Engordany,Escaldes-Engordany,Administrative Region,Andorra,51500,11350,6200,5300,1,4.0
La Massana,La Massana,Administrative Region,Andorra,51500,11350,6200,5300,1,4.0
Ordino,Ordino,Administrative Region,Andorra,51500,11350,6200,5300,1,4.0
Sant Julià de Lòria,Sant Julià de Lòria,Administrative Region,Andorra,51500,11350,6200,5300,1,4.0
Andorra,Andorra,Country,Andorra,67600,14850,8100,7100,3,4.1
Luanda,Luanda,Capital City,Angola,59200,13000,7100,7100,2,4.4
Angola,Angola,Country,Angola,60600,13350,7250,7400,3,4.1
Andorra la Vella,Andorra la Vella,State/Province,Angola,57100,12550,6850,7100,1,4.0
Bengo,Bengo,State/Province,Angola,57100,12550,6850,7100,1,4.0
Benguela,Benguela,State/Province,Angola,57100,12550,6850,7100,1,4.0
Bie,Bie,State/Province,Angola,57100,12550,6850,7100,1,4.0
Bié,Bié,State/Province,Angola,57100,12550,6850,7100,1,4.0
Cabinda,Cabinda,State/Province,Angola,57100,12550,6850,7100,1,4.0
Canillo,Canillo,State/Province,Angola,57100,12550,6850,7100,1,4.0
Cuando Cubango,Cuando Cubango,State/Province,Angola,57100,12550,6850,7100,1,4.0
Cuanza Norte,Cuanza Norte,State/Province,Angola,57100,12550,6850,7100,1,4.0
Cuanza Sul,Cuanza Sul,State/Province,Angola,57100,12550,6850,7100,1,4.0
Cuanza-Norte,Cuanza-Norte,State/Province,Angola,57100,12550,6850,7100,1,4.0
Cuanza-Sul,Cuanza-Sul,State/Province,Angola,57100,12550,6850,7100,1,4.0
Cunene,Cunene,State/Province,Angola,57100,12550,6850,7100,1,4.0
Encamp,Encamp,State/Province,Angola,57100,12550,6850,7100,1,4.0
Escaldes-Engordany,Escaldes-Engordany,State/Province,Angola,57100,12550,6850,7100,1,4.0
Huambo,Huambo,State/Province,Angola,57100,12550,6850,7100,1,4.0
Huila,Huila,State/Province,Angola,57100,12550,6850,7100,1,4.0
Huíla,Huíla,State/Province,Angola,57100,12550,6850,7100,1,4.0
La Massana,La Massana,State/Province,Angola,57100,12550,6850,7100,1,4.0
Luanda,Luanda,State/Province,Angola,57100,12550,6850,7100,1,4.0
Lunda Norte,Lunda Norte,State/Province,Angola,57100,12550,6850,7100,1,4.0
Lunda Sul,Lunda Sul,State/Province,Angola,57100,12550,6850,7100,1,4.0
Lunda-Norte,Lunda-Norte,State/Province,Angola,57100,12550,6850,7100,1,4.0
Lunda-Sul,Lunda-Sul,State/Province,Angola,57100,12550,6850,7100,1,4.0
Malange,Malange,State/Province,Angola,57100,12550,6850,7100,1,4.0
Malanje,Malanje,State/Province,Angola,57100,12550,6850,7100,1,4.0
Moxico,Moxico,State/Province,Angola,57100,12550,6850,7100,1,4.0
Namibe,Namibe,State/Province,Angola,57100,12550,6850,7100,1,4.0
Ordino,Ordino,State/Province,Angola,57100,12550,6850,7100,1,4.0
Sant Julia de Loria,Sant Julia de Loria,State/Province,Angola,57100,12550,6850,7100,1,4.0
Uige,Uige,State/Province,Angola,57100,12550,6850,7100,1,4.0
Uíge,Uíge,State/Province,Angola,57100,12550,6850,7100,1,4.0
Zaire,Zaire,State/Province,Angola,57100,12550,6850,7100,1,4.0
The Valley,The Valley,Capital City,Anguilla,91300,20100,10950,10000,2,4.4
Anguilla,Anguilla,Country,Anguilla,92800,20400,11150,10200,3,4.1
Anguilla,Anguilla,State/Province,Anguilla,73500,16150,8800,7800,1,4.0
Antarctica,Antarctica,Country,Antarctica,68400,15050,8200,7300,3,4.1
Saint George,Saint George,Administrative Region,Antigua and Barbuda,78500,17250,9400,8800,1,4.0
Saint John,Saint John,Administrative Region,Antigua and Barbuda,78500,17250,9400,8800,1,4.0
Saint Mary,Saint Mary,Administrative Region,Antigua and Barbuda,78500,17250,9400,8800,1,4.0
Saint Paul,Saint Paul,Administrative Region,Antigua and Barbuda,78500,17250,9400,8800,1,4.0
Saint Peter,Saint Peter,Administrative Region,Antigua and Barbuda,78500,17250,9400,8800,1,4.0
Saint Philip,Saint Philip,Administrative Region,Antigua and Barbuda,78500,17250,9400,8800,1,4.0
Saint John's,Saint John's,Capital City,Antigua and Barbuda,86800,19100,10400,9300,2,4.4
Antigua and Barbuda,Antigua and Barbuda,Country,Antigua and Barbuda,88300,19450,10600,9500,3,4.1
Barbuda,Barbuda,State/Province,Antigua and Barbuda,80300,17650,9650,8900,1,4.0
Redonda,Redonda,State/Province,Antigua and Barbuda,80300,17650,9650,8900,1,4.0
Saint George,Saint George,State/Province,Antigua and Barbuda,80300,17650,9650,8900,1,4.0
Saint John,Saint John,State/Province,Antigua and Barbuda,80300,17650,9650,8900,1,4.0
Saint Mary,Saint Mary,State/Province,Antigua and Barbuda,80300,17650,9650,8900,1,4.0
Saint Paul,Saint Paul,State/Province,Antigua and Barbuda,80300,17650,9650,8900,1,4.0
Saint Peter,Saint Peter,State/Province,Antigua and Barbuda,80300,17650,9650,8900,1,4.0
Saint Philip,Saint Philip,State/Province,Antigua and Barbuda,80300,17650,9650,8900,1,4.0
Teatro Colón,Buenos Aires,Architecture,Argentina,90000,999999,999999,7000,0.4,4.8
San Telmo,Buenos Aires,Beach,Argentina,41098,999999,999999,14682,0.3,4.8
Teatro Colon,Buenos Aires,Beach,Argentina,41098,999999,999999,14682,0.3,4.8
Buenos Aires,Buenos Aires,Capital City,Argentina,92200,20300,11050,10100,2,4.4
Buenos Aires,Buenos Aires,City,Argentina,41098,999999,999999,14682,3,4.6
Argentina,Argentina,Country,Argentina,93700,20600,11250,10300,3,4.1
La Boca,Buenos Aires,Leisure,Argentina,41098,999999,999999,14682,0.2,5.0
Recoleta Cemetery,Buenos Aires,Leisure,Argentina,41098,999999,999999,14682,0.6,4.5
Casa Rosada,Buenos Aires,Museum,Argentina,41098,999999,999999,14682,0.4,4.8
Iguazu Falls,Misiones,Natural Wonder,Argentina,102300,22500,12300,10900,1,4.7
Obelisco,Buenos Aires,Shopping,Argentina,41098,999999,999999,14682,0.4,4.7
Antartica e Islas del Atlantico Sur,Antartica e Islas del Atlantico Sur,State/Province,Argentina,74400,16350,8950,8000,1,4.0
Buenos Aires,Buenos Aires,State/Province,Argentina,74400,16350,8950,8000,1,4.0
Buenos Aires Capital Federal,Buenos Aires Capital Federal,State/Province,Argentina,74400,16350,8950,8000,1,4.0
Catamarca,Catamarca,State/Province,Argentina,74400,16350,8950,8000,1,4.0
Chaco,Chaco,State/Province,Argentina,74400,16350,8950,8000,1,4.0
Chubut,Chubut,State/Province,Argentina,74400,16350,8950,8000,1,4.0
Ciudad Autónoma de Buenos Aires,Ciudad Autónoma de Buenos Aires,State/Province,Argentina,74400,16350,8950,8000,1,4.0
Cordoba,Cordoba,State/Province,Argentina,74400,16350,8950,8000,1,4.0
Corrientes,Corrientes,State/Province,Argentina,74400,16350,8950,8000,1,4.0
Córdoba,Córdoba,State/Province,Argentina,74400,16350,8950,8000,1,4.0
Entre Rios,Entre Rios,State/Province,Argentina,74400,16350,8950,8000,1,4.0
Entre Ríos,Entre Ríos,State/Province,Argentina,74400,16350,8950,8000,1,4.0
Formosa,Formosa,State/Province,Argentina,74400,16350,8950,8000,1,4.0
Jujuy,Jujuy,State/Province,Argentina,74400,16350,8950,8000,1,4.0
La Pampa,La Pampa,State/Province,Argentina,74400,16350,8950,8000,1,4.0
La Rioja,La Rioja,State/Province,Argentina,74400,16350,8950,8000,1,4.0
Mendoza,Mendoza,State/Province,Argentina,74400,16350,8950,8000,1,4.0
Misiones,Misiones,State/Province,Argentina,74400,16350,8950,8000,1,4.0
Neuquen,Neuquen,State/Province,Argentina,74400,16350,8950,8000,1,4.0
Neuquén,Neuquén,State/Province,Argentina,74400,16350,8950,8000,1,4.0
Rio Negro,Rio Negro,State/Province,Argentina,74400,16350,8950,8000,1,4.0
Río Negro,Río Negro,State/Province,Argentina,74400,16350,8950,8000,1,4.0
Salta,Salta,State/Province,Argentina,74400,16350,8950,8000,1,4.0
San Juan,San Juan,State/Province,Argentina,74400,16350,8950,8000,1,4.0
San Luis,San Luis,State/Province,Argentina,74400,16350,8950,8000,1,4.0
Santa Cruz,Santa Cruz,State/Province,Argentina,74400,16350,8950,8000,1,4.0
Santa Fe,Santa Fe,State/Province,Argentina,74400,16350,8950,8000,1,4.0
Santiago del Estero,Santiago del Estero,State/Province,Argentina,74400,16350,8950,8000,1,4.0
Tierra del Fuego,Tierra del Fuego,State/Province,Argentina,74400,16350,8950,8000,1,4.0
Tucuman,Tucuman,State/Province,Argentina,74400,16350,8950,8000,1,4.0
Tucumán,Tucumán,State/Province,Argentina,74400,16350,8950,8000,1,4.0
Aragac̣otn,Aragac̣otn,Administrative Region,Armenia,26400,5800,3150,4400,1,4.0
Ararat,Ararat,Administrative Region,Armenia,26400,5800,3150,4400,1,4.0
Armavir,Armavir,Administrative Region,Armenia,26400,5800,3150,4400,1,4.0
Geġark'unik',Geġark'unik',Administrative Region,Armenia,26400,5800,3150,4400,1,4.0
Kotayk',Kotayk',Administrative Region,Armenia,26400,5800,3150,4400,1,4.0
Loṙi,Loṙi,Administrative Region,Armenia,26400,5800,3150,4400,1,4.0
Syunik',Syunik',Administrative Region,Armenia,26400,5800,3150,4400,1,4.0
Tavuš,Tavuš,Administrative Region,Armenia,26400,5800,3150,4400,1,4.0
Vayoć Jor,Vayoć Jor,Administrative Region,Armenia,26400,5800,3150,4400,1,4.0
Širak,Širak,Administrative Region,Armenia,26400,5800,3150,4400,1,4.0
Yerevan,Yerevan,Capital City,Armenia,35000,7700,4200,5700,2,4.4
Armenia,Armenia,Country,Armenia,36400,8000,4350,6000,3,4.1
Aragatsotn,Aragatsotn,State/Province,Armenia,36700,8050,4400,5900,1,4.0
Ararat,Ararat,State/Province,Armenia,36700,8050,4400,5900,1,4.0
Armavir,Armavir,State/Province,Armenia,36700,8050,4400,5900,1,4.0
Erevan,Erevan,State/Province,Armenia,36700,8050,4400,5900,1,4.0
Geghark'unik',Geghark'unik',State/Province,Armenia,36700,8050,4400,5900,1,4.0
Kotayk',Kotayk',State/Province,Armenia,36700,8050,4400,5900,1,4.0
Lorri,Lorri,State/Province,Armenia,36700,8050,4400,5900,1,4.0
Shirak,Shirak,State/Province,Armenia,36700,8050,4400,5900,1,4.0
Syunik',Syunik',State/Province,Armenia,36700,8050,4400,5900,1,4.0
Tavush,Tavush,State/Province,Armenia,36700,8050,4400,5900,1,4.0
Vayots' Dzor,Vayots' Dzor,State/Province,Armenia,36700,8050,4400,5900,1,4.0
Yerevan,Yerevan,State/Province,Armenia,36700,8050,4400,5900,1,4.0
Oranjestad,Oranjestad,Capital City,Aruba,88800,19550,10650,9600,2,4.4
Aruba,Aruba,Country,Aruba,90300,19850,10850,9800,3,4.1
Aruba,Aruba,State/Province,Aruba,82300,18100,9900,9200,1,4.0
Great Ocean Road Tour,Melbourne,Activity,Australia,70000,999999,999999,14000,1.0,5.0
Federation Square,Melbourne,Attraction,Australia,70000,999999,999999,14000,0.3,4.5
Bondi Beach,Sydney,Beach,Australia,75000,999999,999999,13000,0.4,4.7
Canberra,Canberra,Capital City,Australia,98700,21700,11850,10800,2,4.4
Melbourne,Melbourne,City,Australia,70000,999999,999999,14000,3,4.7
Sydney,Sydney,City,Australia,75000,999999,999999,14000,3,4.7
Australia,Australia,Country,Australia,100200,22050,12000,11000,3,4.1
Royal Botanic Gardens Victoria,Melbourne,Garden,Australia,69000,999999,999999,11500,0.5,4.8
Australian Capital Territory,Australian Capital Territory,Island/Territory,Australia,119700,26350,14350,13000,1,4.0
Northern Territory,Northern Territory,Island/Territory,Australia,119700,26350,14350,13000,1,4.0
Sydney Harbour Bridge,Sydney,Landmark,Australia,75000,999999,999999,14000,0.3,4.7
Sydney Opera House,Sydney,Landmark,Australia,104000,22900,12500,11200,1,4.7
Queen Victoria Market,Melbourne,Market,Australia,69000,999999,999999,11500,0.4,4.5
Sydney Opera House,Sydney,Monument,Australia,75000,999999,999999,14000,0.3,4.8
Great Barrier Reef,Queensland,Natural Wonder,Australia,109800,24150,13200,11700,1,4.7
Uluru,Northern Territory,Natural Wonder,Australia,109800,24150,13200,11700,1,4.7
Royal Botanic Gardens,Melbourne,Nature,Australia,70000,999999,999999,14000,0.4,4.8
Australian Capital Territory,Australian Capital Territory,State/Province,Australia,80100,17600,9600,8600,1,4.0
New South Wales,New South Wales,State/Province,Australia,80100,17600,9600,8600,1,4.0
Northern Territory,Northern Territory,State/Province,Australia,80100,17600,9600,8600,1,4.0
Queensland,Queensland,State/Province,Australia,80100,17600,9600,8600,1,4.0
South Australia,South Australia,State/Province,Australia,80100,17600,9600,8600,1,4.0
Tasmania,Tasmania,State/Province,Australia,80100,17600,9600,8600,1,4.0
Victoria,Victoria,State/Province,Australia,80100,17600,9600,8600,1,4.0
Western Australia,Western Australia,State/Province,Australia,80100,17600,9600,8600,1,4.0
Belvedere Palace,Vienna,Attraction,Austria,79580,999999,999999,13928,0.2,4.7
Hofburg,Vienna,Attraction,Austria,79580,999999,999999,13928,0.4,4.9
St. Stephen's Cathedral,Vienna,Beach,Austria,79580,999999,999999,13928,0.4,4.4
Vienna,Vienna,Capital City,Austria,73100,16100,8750,9200,2,4.4
Vienna,Vienna,City,Austria,79580,999999,999999,13928,3,4.6
Austria,Austria,Country,Austria,74600,16400,8950,9400,3,4.1
Hallstatt,Hallstatt,Historic Site,Austria,68600,15100,8250,8500,1,4.7
Vienna State Opera,Vienna,Monument,Austria,79580,999999,999999,13928,0.3,4.8
Schonbrunn Palace,Vienna,Park,Austria,79580,999999,999999,13928,0.2,4.4
Prater,Vienna,Shopping,Austria,79580,999999,999999,13928,0.4,4.7
Burgenland,Burgenland,State/Province,Austria,58300,12850,7000,7300,1,4.0
Kaernten,Kaernten,State/Province,Austria,58300,12850,7000,7300,1,4.0
Kärnten,Kärnten,State/Province,Austria,58300,12850,7000,7300,1,4.0
Niederoesterreich,Niederoesterreich,State/Province,Austria,58300,12850,7000,7300,1,4.0
Niederösterreich,Niederösterreich,State/Province,Austria,58300,12850,7000,7300,1,4.0
Oberoesterreich,Oberoesterreich,State/Province,Austria,58300,12850,7000,7300,1,4.0
Oberösterreich,Oberösterreich,State/Province,Austria,58300,12850,7000,7300,1,4.0
Salzburg,Salzburg,State/Province,Austria,58300,12850,7000,7300,1,4.0
Steiermark,Steiermark,State/Province,Austria,58300,12850,7000,7300,1,4.0
Tirol,Tirol,State/Province,Austria,58300,12850,7000,7300,1,4.0
Vorarlberg,Vorarlberg,State/Province,Austria,58300,12850,7000,7300,1,4.0
Wien,Wien,State/Province,Austria,58300,12850,7000,7300,1,4.0
Bakı,Bakı,Administrative Region,Azerbaijan,28000,6150,3350,4600,1,4.0
Gəncə,Gəncə,Administrative Region,Azerbaijan,28000,6150,3350,4600,1,4.0
Lənkəran,Lənkəran,Administrative Region,Azerbaijan,28000,6150,3350,4600,1,4.0
Mingəçevir,Mingəçevir,Administrative Region,Azerbaijan,28000,6150,3350,4600,1,4.0
Naftalan,Naftalan,Administrative Region,Azerbaijan,28000,6150,3350,4600,1,4.0
Naxçıvan,Naxçıvan,Administrative Region,Azerbaijan,28000,6150,3350,4600,1,4.0
Sumqayıt,Sumqayıt,Administrative Region,Azerbaijan,28000,6150,3350,4600,1,4.0
Xankəndi,Xankəndi,Administrative Region,Azerbaijan,28000,6150,3350,4600,1,4.0
Yevlax,Yevlax,Administrative Region,Azerbaijan,28000,6150,3350,4600,1,4.0
Şirvan,Şirvan,Administrative Region,Azerbaijan,28000,6150,3350,4600,1,4.0
Şəki,Şəki,Administrative Region,Azerbaijan,28000,6150,3350,4600,1,4.0
Flame Towers,Baku,Architecture,Azerbaijan,35000,999999,999999,5500,0.3,4.6
Heydar Aliyev Center,Baku,Architecture,Azerbaijan,35000,999999,999999,5500,0.4,4.7
Baku,Baku,Capital City,Azerbaijan,36600,8050,4400,6000,2,4.4
Baku,Baku,City,Azerbaijan,35000,999999,999999,5500,2,4.6
Azerbaijan,Azerbaijan,Country,Azerbaijan,38000,8350,4550,6200,3,4.1
Baku Old City,Baku,Historical,Azerbaijan,35000,999999,999999,5500,0.5,4.7
Abseron Rayonu,Abseron Rayonu,State/Province,Azerbaijan,27000,5950,3250,4500,1,4.0
Abşeron,Abşeron,State/Province,Azerbaijan,27000,5950,3250,4500,1,4.0
Agcabadi Rayonu,Agcabadi Rayonu,State/Province,Azerbaijan,27000,5950,3250,4500,1,4.0
Agdam Rayonu,Agdam Rayonu,State/Province,Azerbaijan,27000,5950,3250,4500,1,4.0
Agdas Rayonu,Agdas Rayonu,State/Province,Azerbaijan,27000,5950,3250,4500,1,4.0
Agstafa Rayonu,Agstafa Rayonu,State/Province,Azerbaijan,27000,5950,3250,4500,1,4.0
Agsu Rayonu,Agsu Rayonu,State/Province,Azerbaijan,27000,5950,3250,4500,1,4.0
Ali Bayramli Sahari,Ali Bayramli Sahari,State/Province,Azerbaijan,27000,5950,3250,4500,1,4.0
Astara,Astara,State/Province,Azerbaijan,27000,5950,3250,4500,1,4.0
Astara Rayonu,Astara Rayonu,State/Province,Azerbaijan,27000,5950,3250,4500,1,4.0
Ağcabədi,Ağcabədi,State/Province,Azerbaijan,27000,5950,3250,4500,1,4.0
Ağdam,Ağdam,State/Province,Azerbaijan,27000,5950,3250,4500,1,4.0
Ağdaş,Ağdaş,State/Province,Azerbaijan,27000,5950,3250,4500,1,4.0
Ağstafa,Ağstafa,State/Province,Azerbaijan,27000,5950,3250,4500,1,4.0
Ağsu,Ağsu,State/Province,Azerbaijan,27000,5950,3250,4500,1,4.0
Babək,Babək,State/Province,Azerbaijan,27000,5950,3250,4500,1,4.0
Baki Sahari,Baki Sahari,State/Province,Azerbaijan,27000,5950,3250,4500,1,4.0
Balakan Rayonu,Balakan Rayonu,State/Province,Azerbaijan,27000,5950,3250,4500,1,4.0
Balakən,Balakən,State/Province,Azerbaijan,27000,5950,3250,4500,1,4.0
Barda Rayonu,Barda Rayonu,State/Province,Azerbaijan,27000,5950,3250,4500,1,4.0
Beylaqan Rayonu,Beylaqan Rayonu,State/Province,Azerbaijan,27000,5950,3250,4500,1,4.0
Beyləqan,Beyləqan,State/Province,Azerbaijan,27000,5950,3250,4500,1,4.0
Bilasuvar Rayonu,Bilasuvar Rayonu,State/Province,Azerbaijan,27000,5950,3250,4500,1,4.0
Biləsuvar,Biləsuvar,State/Province,Azerbaijan,27000,5950,3250,4500,1,4.0
Bərdə,Bərdə,State/Province,Azerbaijan,27000,5950,3250,4500,1,4.0
Cabrayil Rayonu,Cabrayil Rayonu,State/Province,Azerbaijan,27000,5950,3250,4500,1,4.0
Calilabad Rayonu,Calilabad Rayonu,State/Province,Azerbaijan,27000,5950,3250,4500,1,4.0
Culfa,Culfa,State/Province,Azerbaijan,27000,5950,3250,4500,1,4.0
Cəbrayıl,Cəbrayıl,State/Province,Azerbaijan,27000,5950,3250,4500,1,4.0
Cəlilabad,Cəlilabad,State/Province,Azerbaijan,27000,5950,3250,4500,1,4.0
Daskasan Rayonu,Daskasan Rayonu,State/Province,Azerbaijan,27000,5950,3250,4500,1,4.0
Davaci Rayonu,Davaci Rayonu,State/Province,Azerbaijan,27000,5950,3250,4500,1,4.0
Daşkəsən,Daşkəsən,State/Province,Azerbaijan,27000,5950,3250,4500,1,4.0
Fuzuli Rayonu,Fuzuli Rayonu,State/Province,Azerbaijan,27000,5950,3250,4500,1,4.0
Füzuli,Füzuli,State/Province,Azerbaijan,27000,5950,3250,4500,1,4.0
Gadabay Rayonu,Gadabay Rayonu,State/Province,Azerbaijan,27000,5950,3250,4500,1,4.0
Ganca Sahari,Ganca Sahari,State/Province,Azerbaijan,27000,5950,3250,4500,1,4.0
Goranboy,Goranboy,State/Province,Azerbaijan,27000,5950,3250,4500,1,4.0
Goranboy Rayonu,Goranboy Rayonu,State/Province,Azerbaijan,27000,5950,3250,4500,1,4.0
Goycay Rayonu,Goycay Rayonu,State/Province,Azerbaijan,27000,5950,3250,4500,1,4.0
Göygöl,Göygöl,State/Province,Azerbaijan,27000,5950,3250,4500,1,4.0
Göyçay,Göyçay,State/Province,Azerbaijan,27000,5950,3250,4500,1,4.0
Gədəbəy,Gədəbəy,State/Province,Azerbaijan,27000,5950,3250,4500,1,4.0
Haciqabul Rayonu,Haciqabul Rayonu,State/Province,Azerbaijan,27000,5950,3250,4500,1,4.0
Hacıqabul,Hacıqabul,State/Province,Azerbaijan,27000,5950,3250,4500,1,4.0
Imisli Rayonu,Imisli Rayonu,State/Province,Azerbaijan,27000,5950,3250,4500,1,4.0
Ismayilli Rayonu,Ismayilli Rayonu,State/Province,Azerbaijan,27000,5950,3250,4500,1,4.0
İmişli,İmişli,State/Province,Azerbaijan,27000,5950,3250,4500,1,4.0
İsmayıllı,İsmayıllı,State/Province,Azerbaijan,27000,5950,3250,4500,1,4.0
Kalbacar Rayonu,Kalbacar Rayonu,State/Province,Azerbaijan,27000,5950,3250,4500,1,4.0
Kurdamir Rayonu,Kurdamir Rayonu,State/Province,Azerbaijan,27000,5950,3250,4500,1,4.0
Kürdəmir,Kürdəmir,State/Province,Azerbaijan,27000,5950,3250,4500,1,4.0
Kǝngǝrli,Kǝngǝrli,State/Province,Azerbaijan,27000,5950,3250,4500,1,4.0
Kəlbəcər,Kəlbəcər,State/Province,Azerbaijan,27000,5950,3250,4500,1,4.0
Lacin Rayonu,Lacin Rayonu,State/Province,Azerbaijan,27000,5950,3250,4500,1,4.0
Lankaran Rayonu,Lankaran Rayonu,State/Province,Azerbaijan,27000,5950,3250,4500,1,4.0
Lankaran Sahari,Lankaran Sahari,State/Province,Azerbaijan,27000,5950,3250,4500,1,4.0
Laçın,Laçın,State/Province,Azerbaijan,27000,5950,3250,4500,1,4.0
Lerik,Lerik,State/Province,Azerbaijan,27000,5950,3250,4500,1,4.0
Lerik Rayonu,Lerik Rayonu,State/Province,Azerbaijan,27000,5950,3250,4500,1,4.0
Lənkəran,Lənkəran,State/Province,Azerbaijan,27000,5950,3250,4500,1,4.0
Masalli Rayonu,Masalli Rayonu,State/Province,Azerbaijan,27000,5950,3250,4500,1,4.0
Masallı,Masallı,State/Province,Azerbaijan,27000,5950,3250,4500,1,4.0
Mingacevir Sahari,Mingacevir Sahari,State/Province,Azerbaijan,27000,5950,3250,4500,1,4.0
Naftalan Sahari,Naftalan Sahari,State/Province,Azerbaijan,27000,5950,3250,4500,1,4.0
Naxcivan Muxtar Respublikasi,Naxcivan Muxtar Respublikasi,State/Province,Azerbaijan,27000,5950,3250,4500,1,4.0
Naxçıvan,Naxçıvan,State/Province,Azerbaijan,27000,5950,3250,4500,1,4.0
Neftcala Rayonu,Neftcala Rayonu,State/Province,Azerbaijan,27000,5950,3250,4500,1,4.0
Neftçala,Neftçala,State/Province,Azerbaijan,27000,5950,3250,4500,1,4.0
Oguz Rayonu,Oguz Rayonu,State/Province,Azerbaijan,27000,5950,3250,4500,1,4.0
Ordubad,Ordubad,State/Province,Azerbaijan,27000,5950,3250,4500,1,4.0
Oğuz,Oğuz,State/Province,Azerbaijan,27000,5950,3250,4500,1,4.0
Qabala Rayonu,Qabala Rayonu,State/Province,Azerbaijan,27000,5950,3250,4500,1,4.0
Qax,Qax,State/Province,Azerbaijan,27000,5950,3250,4500,1,4.0
Qax Rayonu,Qax Rayonu,State/Province,Azerbaijan,27000,5950,3250,4500,1,4.0
Qazax,Qazax,State/Province,Azerbaijan,27000,5950,3250,4500,1,4.0
Qazax Rayonu,Qazax Rayonu,State/Province,Azerbaijan,27000,5950,3250,4500,1,4.0
Qobustan,Qobustan,State/Province,Azerbaijan,27000,5950,3250,4500,1,4.0
Qobustan Rayonu,Qobustan Rayonu,State/Province,Azerbaijan,27000,5950,3250,4500,1,4.0
Quba,Quba,State/Province,Azerbaijan,27000,5950,3250,4500,1,4.0
Quba Rayonu,Quba Rayonu,State/Province,Azerbaijan,27000,5950,3250,4500,1,4.0
Qubadli Rayonu,Qubadli Rayonu,State/Province,Azerbaijan,27000,5950,3250,4500,1,4.0
Qubadlı,Qubadlı,State/Province,Azerbaijan,27000,5950,3250,4500,1,4.0
Qusar,Qusar,State/Province,Azerbaijan,27000,5950,3250,4500,1,4.0
Qusar Rayonu,Qusar Rayonu,State/Province,Azerbaijan,27000,5950,3250,4500,1,4.0
Qəbələ,Qəbələ,State/Province,Azerbaijan,27000,5950,3250,4500,1,4.0
Saatli Rayonu,Saatli Rayonu,State/Province,Azerbaijan,27000,5950,3250,4500,1,4.0
Saatlı,Saatlı,State/Province,Azerbaijan,27000,5950,3250,4500,1,4.0
Sabirabad,Sabirabad,State/Province,Azerbaijan,27000,5950,3250,4500,1,4.0
Sabirabad Rayonu,Sabirabad Rayonu,State/Province,Azerbaijan,27000,5950,3250,4500,1,4.0
Saki Rayonu,Saki Rayonu,State/Province,Azerbaijan,27000,5950,3250,4500,1,4.0
Saki Sahari,Saki Sahari,State/Province,Azerbaijan,27000,5950,3250,4500,1,4.0
Salyan,Salyan,State/Province,Azerbaijan,27000,5950,3250,4500,1,4.0
Salyan Rayonu,Salyan Rayonu,State/Province,Azerbaijan,27000,5950,3250,4500,1,4.0
Samaxi Rayonu,Samaxi Rayonu,State/Province,Azerbaijan,27000,5950,3250,4500,1,4.0
Samkir Rayonu,Samkir Rayonu,State/Province,Azerbaijan,27000,5950,3250,4500,1,4.0
Samux,Samux,State/Province,Azerbaijan,27000,5950,3250,4500,1,4.0
Samux Rayonu,Samux Rayonu,State/Province,Azerbaijan,27000,5950,3250,4500,1,4.0
Siyazan Rayonu,Siyazan Rayonu,State/Province,Azerbaijan,27000,5950,3250,4500,1,4.0
Siyəzən,Siyəzən,State/Province,Azerbaijan,27000,5950,3250,4500,1,4.0
Sumqayit Sahari,Sumqayit Sahari,State/Province,Azerbaijan,27000,5950,3250,4500,1,4.0
Susa Rayonu,Susa Rayonu,State/Province,Azerbaijan,27000,5950,3250,4500,1,4.0
Susa Sahari,Susa Sahari,State/Province,Azerbaijan,27000,5950,3250,4500,1,4.0
Sədərək,Sədərək,State/Province,Azerbaijan,27000,5950,3250,4500,1,4.0
Tartar Rayonu,Tartar Rayonu,State/Province,Azerbaijan,27000,5950,3250,4500,1,4.0
Tovuz,Tovuz,State/Province,Azerbaijan,27000,5950,3250,4500,1,4.0
Tovuz Rayonu,Tovuz Rayonu,State/Province,Azerbaijan,27000,5950,3250,4500,1,4.0
Tərtər,Tərtər,State/Province,Azerbaijan,27000,5950,3250,4500,1,4.0
Ucar,Ucar,State/Province,Azerbaijan,27000,5950,3250,4500,1,4.0
Ucar Rayonu,Ucar Rayonu,State/Province,Azerbaijan,27000,5950,3250,4500,1,4.0
Xacmaz Rayonu,Xacmaz Rayonu,State/Province,Azerbaijan,27000,5950,3250,4500,1,4.0
Xankandi Sahari,Xankandi Sahari,State/Province,Azerbaijan,27000,5950,3250,4500,1,4.0
Xanlar Rayonu,Xanlar Rayonu,State/Province,Azerbaijan,27000,5950,3250,4500,1,4.0
Xaçmaz,Xaçmaz,State/Province,Azerbaijan,27000,5950,3250,4500,1,4.0
Xizi Rayonu,Xizi Rayonu,State/Province,Azerbaijan,27000,5950,3250,4500,1,4.0
Xocali Rayonu,Xocali Rayonu,State/Province,Azerbaijan,27000,5950,3250,4500,1,4.0
Xocalı,Xocalı,State/Province,Azerbaijan,27000,5950,3250,4500,1,4.0
Xocavand Rayonu,Xocavand Rayonu,State/Province,Azerbaijan,27000,5950,3250,4500,1,4.0
Xocavənd,Xocavənd,State/Province,Azerbaijan,27000,5950,3250,4500,1,4.0
Xızı,Xızı,State/Province,Azerbaijan,27000,5950,3250,4500,1,4.0
Yardimli Rayonu,Yardimli Rayonu,State/Province,Azerbaijan,27000,5950,3250,4500,1,4.0
Yardımlı,Yardımlı,State/Province,Azerbaijan,27000,5950,3250,4500,1,4.0
Yevlax,Yevlax,State/Province,Azerbaijan,27000,5950,3250,4500,1,4.0
Yevlax Rayonu,Yevlax Rayonu,State/Province,Azerbaijan,27000,5950,3250,4500,1,4.0
Yevlax Sahari,Yevlax Sahari,State/Province,Azerbaijan,27000,5950,3250,4500,1,4.0
Zangilan Rayonu,Zangilan Rayonu,State/Province,Azerbaijan,27000,5950,3250,4500,1,4.0
Zaqatala,Zaqatala,State/Province,Azerbaijan,27000,5950,3250,4500,1,4.0
Zaqatala Rayonu,Zaqatala Rayonu,State/Province,Azerbaijan,27000,5950,3250,4500,1,4.0
Zardab Rayonu,Zardab Rayonu,State/Province,Azerbaijan,27000,5950,3250,4500,1,4.0
Zəngilan,Zəngilan,State/Province,Azerbaijan,27000,5950,3250,4500,1,4.0
Zərdab,Zərdab,State/Province,Azerbaijan,27000,5950,3250,4500,1,4.0
Şabran,Şabran,State/Province,Azerbaijan,27000,5950,3250,4500,1,4.0
Şahbuz,Şahbuz,State/Province,Azerbaijan,27000,5950,3250,4500,1,4.0
Şamaxı,Şamaxı,State/Province,Azerbaijan,27000,5950,3250,4500,1,4.0
Şuşa,Şuşa,State/Province,Azerbaijan,27000,5950,3250,4500,1,4.0
Şəki,Şəki,State/Province,Azerbaijan,27000,5950,3250,4500,1,4.0
Şəmkir,Şəmkir,State/Province,Azerbaijan,27000,5950,3250,4500,1,4.0
Şərur,Şərur,State/Province,Azerbaijan,27000,5950,3250,4500,1,4.0
Acklins,Acklins,Administrative Region,Bahamas,68600,15100,8250,7300,1,4.0
Berry Islands,Berry Islands,Administrative Region,Bahamas,68600,15100,8250,7300,1,4.0
Bimini,Bimini,Administrative Region,Bahamas,68600,15100,8250,7300,1,4.0
Black Point,Black Point,Administrative Region,Bahamas,68600,15100,8250,7300,1,4.0
Cat Island,Cat Island,Administrative Region,Bahamas,68600,15100,8250,7300,1,4.0
Central Abaco,Central Abaco,Administrative Region,Bahamas,68600,15100,8250,7300,1,4.0
Central Andros,Central Andros,Administrative Region,Bahamas,68600,15100,8250,7300,1,4.0
Central Eleuthera,Central Eleuthera,Administrative Region,Bahamas,68600,15100,8250,7300,1,4.0
City of Freeport,City of Freeport,Administrative Region,Bahamas,68600,15100,8250,7300,1,4.0
Crooked Island and Long Cay,Crooked Island and Long Cay,Administrative Region,Bahamas,68600,15100,8250,7300,1,4.0
East Grand Bahama,East Grand Bahama,Administrative Region,Bahamas,68600,15100,8250,7300,1,4.0
Exuma,Exuma,Administrative Region,Bahamas,68600,15100,8250,7300,1,4.0
Grand Cay,Grand Cay,Administrative Region,Bahamas,68600,15100,8250,7300,1,4.0
Harbour Island,Harbour Island,Administrative Region,Bahamas,68600,15100,8250,7300,1,4.0
Hope Town,Hope Town,Administrative Region,Bahamas,68600,15100,8250,7300,1,4.0
Inagua,Inagua,Administrative Region,Bahamas,68600,15100,8250,7300,1,4.0
Long Island,Long Island,Administrative Region,Bahamas,68600,15100,8250,7300,1,4.0
Mangrove Cay,Mangrove Cay,Administrative Region,Bahamas,68600,15100,8250,7300,1,4.0
Mayaguana,Mayaguana,Administrative Region,Bahamas,68600,15100,8250,7300,1,4.0
Moore's Island,Moore's Island,Administrative Region,Bahamas,68600,15100,8250,7300,1,4.0
North Abaco,North Abaco,Administrative Region,Bahamas,68600,15100,8250,7300,1,4.0
North Andros,North Andros,Administrative Region,Bahamas,68600,15100,8250,7300,1,4.0
North Eleuthera,North Eleuthera,Administrative Region,Bahamas,68600,15100,8250,7300,1,4.0
Ragged Island,Ragged Island,Administrative Region,Bahamas,68600,15100,8250,7300,1,4.0
Rum Cay,Rum Cay,Administrative Region,Bahamas,68600,15100,8250,7300,1,4.0
San Salvador,San Salvador,Administrative Region,Bahamas,68600,15100,8250,7300,1,4.0
South Abaco,South Abaco,Administrative Region,Bahamas,68600,15100,8250,7300,1,4.0
South Andros,South Andros,Administrative Region,Bahamas,68600,15100,8250,7300,1,4.0
South Eleuthera,South Eleuthera,Administrative Region,Bahamas,68600,15100,8250,7300,1,4.0
Spanish Wells,Spanish Wells,Administrative Region,Bahamas,68600,15100,8250,7300,1,4.0
West Grand Bahama,West Grand Bahama,Administrative Region,Bahamas,68600,15100,8250,7300,1,4.0
Nassau,Nassau,Capital City,Bahamas,88200,19400,10600,9500,2,4.4
Bahamas,Bahamas,Country,Bahamas,89600,19700,10750,9700,3,4.1
New Providence,New Providence,Island/Territory,Bahamas,107900,23750,12950,11500,1,4.0
Manama,Manama,Capital City,Bahrain,34100,7500,4100,5600,2,4.4
Bahrain,Bahrain,Country,Bahrain,35500,7800,4250,5800,3,4.1
Al Hadd,Al Hadd,State/Province,Bahrain,35800,7900,4300,5800,1,4.0
Al Janūbīyah,Al Janūbīyah,State/Province,Bahrain,35800,7900,4300,5800,1,4.0
Al Manamah,Al Manamah,State/Province,Bahrain,35800,7900,4300,5800,1,4.0
Al Mintaqah al Gharbiyah,Al Mintaqah al Gharbiyah,State/Province,Bahrain,35800,7900,4300,5800,1,4.0
Al Mintaqah al Wusta,Al Mintaqah al Wusta,State/Province,Bahrain,35800,7900,4300,5800,1,4.0
Al Mintaqah ash Shamaliyah,Al Mintaqah ash Shamaliyah,State/Province,Bahrain,35800,7900,4300,5800,1,4.0
Al Muharraq,Al Muharraq,State/Province,Bahrain,35800,7900,4300,5800,1,4.0
Al Muḩarraq,Al Muḩarraq,State/Province,Bahrain,35800,7900,4300,5800,1,4.0
Al ‘Āşimah,Al ‘Āşimah,State/Province,Bahrain,35800,7900,4300,5800,1,4.0
Ar Rifa' wa al Mintaqah al Janubiyah,Ar Rifa' wa al Mintaqah al Janubiyah,State/Province,Bahrain,35800,7900,4300,5800,1,4.0
Ash Shamālīyah,Ash Shamālīyah,State/Province,Bahrain,35800,7900,4300,5800,1,4.0
Jidd Hafs,Jidd Hafs,State/Province,Bahrain,35800,7900,4300,5800,1,4.0
Juzur Hawar,Juzur Hawar,State/Province,Bahrain,35800,7900,4300,5800,1,4.0
Madinat 'Isa,Madinat 'Isa,State/Province,Bahrain,35800,7900,4300,5800,1,4.0
Madinat Hamad,Madinat Hamad,State/Province,Bahrain,35800,7900,4300,5800,1,4.0
Sitrah,Sitrah,State/Province,Bahrain,35800,7900,4300,5800,1,4.0
Bagerhat,Bagerhat,Administrative Region,Bangladesh,26400,5800,3150,4400,1,4.0
Bandarban,Bandarban,Administrative Region,Bangladesh,26400,5800,3150,4400,1,4.0
Barguna,Barguna,Administrative Region,Bangladesh,26400,5800,3150,4400,1,4.0
Barishal,Barishal,Administrative Region,Bangladesh,26400,5800,3150,4400,1,4.0
Bhola,Bhola,Administrative Region,Bangladesh,26400,5800,3150,4400,1,4.0
Bogura,Bogura,Administrative Region,Bangladesh,26400,5800,3150,4400,1,4.0
Brahmanbaria,Brahmanbaria,Administrative Region,Bangladesh,26400,5800,3150,4400,1,4.0
Chandpur,Chandpur,Administrative Region,Bangladesh,26400,5800,3150,4400,1,4.0
Chapai Nawabganj,Chapai Nawabganj,Administrative Region,Bangladesh,26400,5800,3150,4400,1,4.0
Chattogram,Chattogram,Administrative Region,Bangladesh,26400,5800,3150,4400,1,4.0
Chuadanga,Chuadanga,Administrative Region,Bangladesh,26400,5800,3150,4400,1,4.0
Cox's Bazar,Cox's Bazar,Administrative Region,Bangladesh,26400,5800,3150,4400,1,4.0
Cumilla,Cumilla,Administrative Region,Bangladesh,26400,5800,3150,4400,1,4.0
Dhaka,Dhaka,Administrative Region,Bangladesh,26400,5800,3150,4400,1,4.0
Dinajpur,Dinajpur,Administrative Region,Bangladesh,26400,5800,3150,4400,1,4.0
Faridpur,Faridpur,Administrative Region,Bangladesh,26400,5800,3150,4400,1,4.0
Feni,Feni,Administrative Region,Bangladesh,26400,5800,3150,4400,1,4.0
Gaibandha,Gaibandha,Administrative Region,Bangladesh,26400,5800,3150,4400,1,4.0
Gazipur,Gazipur,Administrative Region,Bangladesh,26400,5800,3150,4400,1,4.0
Gopalganj,Gopalganj,Administrative Region,Bangladesh,26400,5800,3150,4400,1,4.0
Habiganj,Habiganj,Administrative Region,Bangladesh,26400,5800,3150,4400,1,4.0
Jamalpur,Jamalpur,Administrative Region,Bangladesh,26400,5800,3150,4400,1,4.0
Jashore,Jashore,Administrative Region,Bangladesh,26400,5800,3150,4400,1,4.0
Jhalakathi,Jhalakathi,Administrative Region,Bangladesh,26400,5800,3150,4400,1,4.0
Jhenaidah,Jhenaidah,Administrative Region,Bangladesh,26400,5800,3150,4400,1,4.0
Joypurhat,Joypurhat,Administrative Region,Bangladesh,26400,5800,3150,4400,1,4.0
Khagrachhari,Khagrachhari,Administrative Region,Bangladesh,26400,5800,3150,4400,1,4.0
Khulna,Khulna,Administrative Region,Bangladesh,26400,5800,3150,4400,1,4.0
Kishoreganj,Kishoreganj,Administrative Region,Bangladesh,26400,5800,3150,4400,1,4.0
Kurigram,Kurigram,Administrative Region,Bangladesh,26400,5800,3150,4400,1,4.0
Kushtia,Kushtia,Administrative Region,Bangladesh,26400,5800,3150,4400,1,4.0
Lakshmipur,Lakshmipur,Administrative Region,Bangladesh,26400,5800,3150,4400,1,4.0
Lalmonirhat,Lalmonirhat,Administrative Region,Bangladesh,26400,5800,3150,4400,1,4.0
Madaripur,Madaripur,Administrative Region,Bangladesh,26400,5800,3150,4400,1,4.0
Magura,Magura,Administrative Region,Bangladesh,26400,5800,3150,4400,1,4.0
Manikganj,Manikganj,Administrative Region,Bangladesh,26400,5800,3150,4400,1,4.0
Meherpur,Meherpur,Administrative Region,Bangladesh,26400,5800,3150,4400,1,4.0
Moulvibazar,Moulvibazar,Administrative Region,Bangladesh,26400,5800,3150,4400,1,4.0
Munshiganj,Munshiganj,Administrative Region,Bangladesh,26400,5800,3150,4400,1,4.0
Mymensingh,Mymensingh,Administrative Region,Bangladesh,26400,5800,3150,4400,1,4.0
Naogaon,Naogaon,Administrative Region,Bangladesh,26400,5800,3150,4400,1,4.0
Narail,Narail,Administrative Region,Bangladesh,26400,5800,3150,4400,1,4.0
Narayanganj,Narayanganj,Administrative Region,Bangladesh,26400,5800,3150,4400,1,4.0
Narsingdi,Narsingdi,Administrative Region,Bangladesh,26400,5800,3150,4400,1,4.0
Natore,Natore,Administrative Region,Bangladesh,26400,5800,3150,4400,1,4.0
Netrakona,Netrakona,Administrative Region,Bangladesh,26400,5800,3150,4400,1,4.0
Nilphamari,Nilphamari,Administrative Region,Bangladesh,26400,5800,3150,4400,1,4.0
Noakhali,Noakhali,Administrative Region,Bangladesh,26400,5800,3150,4400,1,4.0
Pabna,Pabna,Administrative Region,Bangladesh,26400,5800,3150,4400,1,4.0
Panchagarh,Panchagarh,Administrative Region,Bangladesh,26400,5800,3150,4400,1,4.0
Patuakhali,Patuakhali,Administrative Region,Bangladesh,26400,5800,3150,4400,1,4.0
Pirojpur,Pirojpur,Administrative Region,Bangladesh,26400,5800,3150,4400,1,4.0
Rajbari,Rajbari,Administrative Region,Bangladesh,26400,5800,3150,4400,1,4.0
Rajshahi,Rajshahi,Administrative Region,Bangladesh,26400,5800,3150,4400,1,4.0
Rangamati,Rangamati,Administrative Region,Bangladesh,26400,5800,3150,4400,1,4.0
Rangpur,Rangpur,Administrative Region,Bangladesh,26400,5800,3150,4400,1,4.0
Satkhira,Satkhira,Administrative Region,Bangladesh,26400,5800,3150,4400,1,4.0
Shariatpur,Shariatpur,Administrative Region,Bangladesh,26400,5800,3150,4400,1,4.0
Sherpur,Sherpur,Administrative Region,Bangladesh,26400,5800,3150,4400,1,4.0
Sirajganj,Sirajganj,Administrative Region,Bangladesh,26400,5800,3150,4400,1,4.0
Sunamganj,Sunamganj,Administrative Region,Bangladesh,26400,5800,3150,4400,1,4.0
Sylhet,Sylhet,Administrative Region,Bangladesh,26400,5800,3150,4400,1,4.0
Tangail,Tangail,Administrative Region,Bangladesh,26400,5800,3150,4400,1,4.0
Thakurgaon,Thakurgaon,Administrative Region,Bangladesh,26400,5800,3150,4400,1,4.0
Sadarghat River Port,Dhaka,Attraction,Bangladesh,15000,999999,999999,3500,0.4,4.2
Dhaka,Dhaka,Capital City,Bangladesh,35000,7700,4200,5700,2,4.4
Dhaka,Dhaka,City,Bangladesh,15000,999999,999999,3500,2,4.3
Bangladesh,Bangladesh,Country,Bangladesh,36400,8000,4350,6000,3,4.1
Ahsan Manzil,Dhaka,Historical,Bangladesh,15000,999999,999999,3500,0.4,4.5
Lalbagh Fort,Dhaka,Historical,Bangladesh,15000,999999,999999,3500,0.4,4.4
Barisal,Barisal,State/Province,Bangladesh,36700,8050,4400,5900,1,4.0
Barishal,Barishal,State/Province,Bangladesh,36700,8050,4400,5900,1,4.0
Chattogram,Chattogram,State/Province,Bangladesh,36700,8050,4400,5900,1,4.0
Chittagong,Chittagong,State/Province,Bangladesh,36700,8050,4400,5900,1,4.0
Dhaka,Dhaka,State/Province,Bangladesh,36700,8050,4400,5900,1,4.0
Khulna,Khulna,State/Province,Bangladesh,36700,8050,4400,5900,1,4.0
Mymensingh,Mymensingh,State/Province,Bangladesh,36700,8050,4400,5900,1,4.0
Rajshahi,Rajshahi,State/Province,Bangladesh,36700,8050,4400,5900,1,4.0
Rangpur,Rangpur,State/Province,Bangladesh,36700,8050,4400,5900,1,4.0
Sylhet,Sylhet,State/Province,Bangladesh,36700,8050,4400,5900,1,4.0
Christ Church,Christ Church,Administrative Region,Barbados,70000,15400,8400,7500,1,4.0
Saint Andrew,Saint Andrew,Administrative Region,Barbados,70000,15400,8400,7500,1,4.0
Saint George,Saint George,Administrative Region,Barbados,70000,15400,8400,7500,1,4.0
Saint James,Saint James,Administrative Region,Barbados,70000,15400,8400,7500,1,4.0
Saint John,Saint John,Administrative Region,Barbados,70000,15400,8400,7500,1,4.0
Saint Joseph,Saint Joseph,Administrative Region,Barbados,70000,15400,8400,7500,1,4.0
Saint Lucy,Saint Lucy,Administrative Region,Barbados,70000,15400,8400,7500,1,4.0
Saint Michael,Saint Michael,Administrative Region,Barbados,70000,15400,8400,7500,1,4.0
Saint Peter,Saint Peter,Administrative Region,Barbados,70000,15400,8400,7500,1,4.0
Saint Philip,Saint Philip,Administrative Region,Barbados,70000,15400,8400,7500,1,4.0
Saint Thomas,Saint Thomas,Administrative Region,Barbados,70000,15400,8400,7500,1,4.0
Bridgetown,Bridgetown,Capital City,Barbados,89600,19700,10750,9700,2,4.4
Barbados,Barbados,Country,Barbados,91100,20050,10950,9900,3,4.1
Bridgetown,Bridgetown,State/Province,Barbados,83100,18300,9950,9300,1,4.0
Christ Church,Christ Church,State/Province,Barbados,83100,18300,9950,9300,1,4.0
Saint Andrew,Saint Andrew,State/Province,Barbados,83100,18300,9950,9300,1,4.0
Saint George,Saint George,State/Province,Barbados,83100,18300,9950,9300,1,4.0
Saint James,Saint James,State/Province,Barbados,83100,18300,9950,9300,1,4.0
Saint John,Saint John,State/Province,Barbados,83100,18300,9950,9300,1,4.0
Saint Joseph,Saint Joseph,State/Province,Barbados,83100,18300,9950,9300,1,4.0
Saint Lucy,Saint Lucy,State/Province,Barbados,83100,18300,9950,9300,1,4.0
Saint Michael,Saint Michael,State/Province,Barbados,83100,18300,9950,9300,1,4.0
Saint Peter,Saint Peter,State/Province,Barbados,83100,18300,9950,9300,1,4.0
Saint Philip,Saint Philip,State/Province,Barbados,83100,18300,9950,9300,1,4.0
Saint Thomas,Saint Thomas,State/Province,Barbados,83100,18300,9950,9300,1,4.0
Minsk,Minsk,Capital City,Belarus,71900,15800,8650,9000,2,4.4
Belarus,Belarus,Country,Belarus,73400,16150,8800,9300,3,4.1
Bresckaja voblasć,Bresckaja voblasć,State/Province,Belarus,57100,12550,6850,7100,1,4.0
Brestskaya (Brest),Brestskaya (Brest),State/Province,Belarus,57100,12550,6850,7100,1,4.0
Gomel'skaja oblast',Gomel'skaja oblast',State/Province,Belarus,57100,12550,6850,7100,1,4.0
Gorod Minsk,Gorod Minsk,State/Province,Belarus,57100,12550,6850,7100,1,4.0
Grodnenskaja oblast',Grodnenskaja oblast',State/Province,Belarus,57100,12550,6850,7100,1,4.0
Homyel'skaya (Homyel'),Homyel'skaya (Homyel'),State/Province,Belarus,57100,12550,6850,7100,1,4.0
Horad Minsk,Horad Minsk,State/Province,Belarus,57100,12550,6850,7100,1,4.0
Hrodzyenskaya (Hrodna),Hrodzyenskaya (Hrodna),State/Province,Belarus,57100,12550,6850,7100,1,4.0
Mahilioŭskaja voblasć,Mahilioŭskaja voblasć,State/Province,Belarus,57100,12550,6850,7100,1,4.0
Mahilyowskaya (Mahilyow),Mahilyowskaya (Mahilyow),State/Province,Belarus,57100,12550,6850,7100,1,4.0
Minskaja oblast',Minskaja oblast',State/Province,Belarus,57100,12550,6850,7100,1,4.0
Minskaya,Minskaya,State/Province,Belarus,57100,12550,6850,7100,1,4.0
Viciebskaja voblasć,Viciebskaja voblasć,State/Province,Belarus,57100,12550,6850,7100,1,4.0
Vitsyebskaya (Vitsyebsk),Vitsyebskaya (Vitsyebsk),State/Province,Belarus,57100,12550,6850,7100,1,4.0
"Bruxelles-Capitale, Région de","Bruxelles-Capitale, Région de",Administrative Region,Belgium,55300,12150,6650,6900,1,4.0
Vlaams Gewest,Vlaams Gewest,Administrative Region,Belgium,55300,12150,6650,6900,1,4.0
"wallonne, Région","wallonne, Région",Administrative Region,Belgium,55300,12150,6650,6900,1,4.0
Brussels,Brussels,Capital City,Belgium,70900,15600,8500,8900,2,4.4
Brussels,Brussels,City,Belgium,50000,999999,999999,11000,3,4.6
Belgium,Belgium,Country,Belgium,72300,15900,8700,9100,3,4.1
Grand Place,Brussels,Historic Site,Belgium,77600,17050,9300,9800,1,4.7
Grand Place,Brussels,Historical,Belgium,50000,999999,999999,11000,0.4,4.8
Atomium,Brussels,Monument,Belgium,50000,999999,999999,11000,0.4,4.5
Royal Gallery of Saint Hubert,Brussels,Shopping,Belgium,50000,999999,999999,11000,0.3,4.6
Antwerpen,Antwerpen,State/Province,Belgium,56000,12300,6700,6900,1,4.0
Brabant wallon,Brabant wallon,State/Province,Belgium,56000,12300,6700,6900,1,4.0
Brussels Capitol Region,Brussels Capitol Region,State/Province,Belgium,56000,12300,6700,6900,1,4.0
Hainaut,Hainaut,State/Province,Belgium,56000,12300,6700,6900,1,4.0
Liege,Liege,State/Province,Belgium,56000,12300,6700,6900,1,4.0
Limburg,Limburg,State/Province,Belgium,56000,12300,6700,6900,1,4.0
Liège,Liège,State/Province,Belgium,56000,12300,6700,6900,1,4.0
Luxembourg,Luxembourg,State/Province,Belgium,56000,12300,6700,6900,1,4.0
Namur,Namur,State/Province,Belgium,56000,12300,6700,6900,1,4.0
Oost-Vlaanderen,Oost-Vlaanderen,State/Province,Belgium,56000,12300,6700,6900,1,4.0
Vlaams Brabant,Vlaams Brabant,State/Province,Belgium,56000,12300,6700,6900,1,4.0
Vlaams-Brabant,Vlaams-Brabant,State/Province,Belgium,56000,12300,6700,6900,1,4.0
West-Vlaanderen,West-Vlaanderen,State/Province,Belgium,56000,12300,6700,6900,1,4.0
Belize,Belize,Administrative Region,Belize,70600,15550,8450,7600,1,4.0
Cayo,Cayo,Administrative Region,Belize,70600,15550,8450,7600,1,4.0
Corozal,Corozal,Administrative Region,Belize,70600,15550,8450,7600,1,4.0
Orange Walk,Orange Walk,Administrative Region,Belize,70600,15550,8450,7600,1,4.0
Stann Creek,Stann Creek,Administrative Region,Belize,70600,15550,8450,7600,1,4.0
Toledo,Toledo,Administrative Region,Belize,70600,15550,8450,7600,1,4.0
Belmopan,Belmopan,Capital City,Belize,90200,19850,10800,9800,2,4.4
Belize,Belize,Country,Belize,91700,20150,11000,10000,3,4.1
Belize,Belize,State/Province,Belize,72400,15950,8700,7700,1,4.0
Cayo,Cayo,State/Province,Belize,72400,15950,8700,7700,1,4.0
Corozal,Corozal,State/Province,Belize,72400,15950,8700,7700,1,4.0
Orange Walk,Orange Walk,State/Province,Belize,72400,15950,8700,7700,1,4.0
Stann Creek,Stann Creek,State/Province,Belize,72400,15950,8700,7700,1,4.0
Toledo,Toledo,State/Province,Belize,72400,15950,8700,7700,1,4.0
Alibori,Alibori,Administrative Region,Benin,45400,10000,5450,5400,1,4.0
Atacora,Atacora,Administrative Region,Benin,45400,10000,5450,5400,1,4.0
Atlantique,Atlantique,Administrative Region,Benin,45400,10000,5450,5400,1,4.0
Borgou,Borgou,Administrative Region,Benin,45400,10000,5450,5400,1,4.0
Collines,Collines,Administrative Region,Benin,45400,10000,5450,5400,1,4.0
Couffo,Couffo,Administrative Region,Benin,45400,10000,5450,5400,1,4.0
Donga,Donga,Administrative Region,Benin,45400,10000,5450,5400,1,4.0
Littoral,Littoral,Administrative Region,Benin,45400,10000,5450,5400,1,4.0
Mono,Mono,Administrative Region,Benin,45400,10000,5450,5400,1,4.0
Ouémé,Ouémé,Administrative Region,Benin,45400,10000,5450,5400,1,4.0
Plateau,Plateau,Administrative Region,Benin,45400,10000,5450,5400,1,4.0
Zou,Zou,Administrative Region,Benin,45400,10000,5450,5400,1,4.0
Porto-Novo,Porto-Novo,Capital City,Benin,59000,13000,7100,7100,2,4.4
Benin,Benin,Country,Benin,60400,13300,7250,7300,3,4.1
Alibori,Alibori,State/Province,Benin,56900,12500,6850,7100,1,4.0
Atakora,Atakora,State/Province,Benin,56900,12500,6850,7100,1,4.0
Atlantique,Atlantique,State/Province,Benin,56900,12500,6850,7100,1,4.0
Borgou,Borgou,State/Province,Benin,56900,12500,6850,7100,1,4.0
Collines,Collines,State/Province,Benin,56900,12500,6850,7100,1,4.0
Couffo,Couffo,State/Province,Benin,56900,12500,6850,7100,1,4.0
Donga,Donga,State/Province,Benin,56900,12500,6850,7100,1,4.0
Littoral,Littoral,State/Province,Benin,56900,12500,6850,7100,1,4.0
Mono,Mono,State/Province,Benin,56900,12500,6850,7100,1,4.0
Oueme,Oueme,State/Province,Benin,56900,12500,6850,7100,1,4.0
Plateau,Plateau,State/Province,Benin,56900,12500,6850,7100,1,4.0
Zou,Zou,State/Province,Benin,56900,12500,6850,7100,1,4.0
Hamilton,Hamilton,Capital City,Bermuda,90300,19850,10850,9800,2,4.4
Bermuda,Bermuda,Country,Bermuda,91800,20200,11000,10000,3,4.1
Devonshire,Devonshire,State/Province,Bermuda,72500,15950,8700,7700,1,4.0
Hamilton,Hamilton,State/Province,Bermuda,72500,15950,8700,7700,1,4.0
Paget,Paget,State/Province,Bermuda,72500,15950,8700,7700,1,4.0
Pembroke,Pembroke,State/Province,Bermuda,72500,15950,8700,7700,1,4.0
Saint George,Saint George,State/Province,Bermuda,72500,15950,8700,7700,1,4.0
Saint Georges,Saint Georges,State/Province,Bermuda,72500,15950,8700,7700,1,4.0
Sandys,Sandys,State/Province,Bermuda,72500,15950,8700,7700,1,4.0
Smiths,Smiths,State/Province,Bermuda,72500,15950,8700,7700,1,4.0
Southampton,Southampton,State/Province,Bermuda,72500,15950,8700,7700,1,4.0
Warwick,Warwick,State/Province,Bermuda,72500,15950,8700,7700,1,4.0
Bumthang,Bumthang,Administrative Region,Bhutan,27400,6050,3300,4500,1,4.0
Chhukha,Chhukha,Administrative Region,Bhutan,27400,6050,3300,4500,1,4.0
Dagana,Dagana,Administrative Region,Bhutan,27400,6050,3300,4500,1,4.0
Gasa,Gasa,Administrative Region,Bhutan,27400,6050,3300,4500,1,4.0
Haa,Haa,Administrative Region,Bhutan,27400,6050,3300,4500,1,4.0
Lhuentse,Lhuentse,Administrative Region,Bhutan,27400,6050,3300,4500,1,4.0
Monggar,Monggar,Administrative Region,Bhutan,27400,6050,3300,4500,1,4.0
Paro,Paro,Administrative Region,Bhutan,27400,6050,3300,4500,1,4.0
Pema Gatshel,Pema Gatshel,Administrative Region,Bhutan,27400,6050,3300,4500,1,4.0
Punakha,Punakha,Administrative Region,Bhutan,27400,6050,3300,4500,1,4.0
Samdrup Jongkhar,Samdrup Jongkhar,Administrative Region,Bhutan,27400,6050,3300,4500,1,4.0
Samtse,Samtse,Administrative Region,Bhutan,27400,6050,3300,4500,1,4.0
Sarpang,Sarpang,Administrative Region,Bhutan,27400,6050,3300,4500,1,4.0
Thimphu,Thimphu,Administrative Region,Bhutan,27400,6050,3300,4500,1,4.0
Trashi Yangtse,Trashi Yangtse,Administrative Region,Bhutan,27400,6050,3300,4500,1,4.0
Trashigang,Trashigang,Administrative Region,Bhutan,27400,6050,3300,4500,1,4.0
Trongsa,Trongsa,Administrative Region,Bhutan,27400,6050,3300,4500,1,4.0
Tsirang,Tsirang,Administrative Region,Bhutan,27400,6050,3300,4500,1,4.0
Wangdue Phodrang,Wangdue Phodrang,Administrative Region,Bhutan,27400,6050,3300,4500,1,4.0
Zhemgang,Zhemgang,Administrative Region,Bhutan,27400,6050,3300,4500,1,4.0
Thimphu,Thimphu,Capital City,Bhutan,36000,7900,4300,5900,2,4.4
Thimphu,Thimphu,City,Bhutan,22000,999999,999999,4500,3,4.8
Bhutan,Bhutan,Country,Bhutan,37500,8250,4500,6100,3,4.1
Tashichho Dzong,Thimphu,Historical,Bhutan,22000,999999,999999,4500,0.5,4.7
Buddha Dordenma,Thimphu,Monument,Bhutan,22000,999999,999999,4500,0.4,4.7
Memorial Chorten,Thimphu,Religious,Bhutan,22000,999999,999999,4500,0.3,4.5
Bumthang,Bumthang,State/Province,Bhutan,26400,5800,3150,4400,1,4.0
Chhukha,Chhukha,State/Province,Bhutan,26400,5800,3150,4400,1,4.0
Chirang,Chirang,State/Province,Bhutan,26400,5800,3150,4400,1,4.0
Daga,Daga,State/Province,Bhutan,26400,5800,3150,4400,1,4.0
Geylegphug,Geylegphug,State/Province,Bhutan,26400,5800,3150,4400,1,4.0
Ha,Ha,State/Province,Bhutan,26400,5800,3150,4400,1,4.0
Lhuntshi,Lhuntshi,State/Province,Bhutan,26400,5800,3150,4400,1,4.0
Mongar,Mongar,State/Province,Bhutan,26400,5800,3150,4400,1,4.0
Paro,Paro,State/Province,Bhutan,26400,5800,3150,4400,1,4.0
Pemagatsel,Pemagatsel,State/Province,Bhutan,26400,5800,3150,4400,1,4.0
Punakha,Punakha,State/Province,Bhutan,26400,5800,3150,4400,1,4.0
Samchi,Samchi,State/Province,Bhutan,26400,5800,3150,4400,1,4.0
Samdrup Jongkhar,Samdrup Jongkhar,State/Province,Bhutan,26400,5800,3150,4400,1,4.0
Shemgang,Shemgang,State/Province,Bhutan,26400,5800,3150,4400,1,4.0
Tashigang,Tashigang,State/Province,Bhutan,26400,5800,3150,4400,1,4.0
Thimphu,Thimphu,State/Province,Bhutan,26400,5800,3150,4400,1,4.0
Tongsa,Tongsa,State/Province,Bhutan,26400,5800,3150,4400,1,4.0
Wangdi Phodrang,Wangdi Phodrang,State/Province,Bhutan,26400,5800,3150,4400,1,4.0
Chuquisaca,Chuquisaca,Administrative Region,Bolivia,71400,15700,8550,7700,1,4.0
Cochabamba,Cochabamba,Administrative Region,Bolivia,71400,15700,8550,7700,1,4.0
El Beni,El Beni,Administrative Region,Bolivia,71400,15700,8550,7700,1,4.0
La Paz,La Paz,Administrative Region,Bolivia,71400,15700,8550,7700,1,4.0
Oruro,Oruro,Administrative Region,Bolivia,71400,15700,8550,7700,1,4.0
Pando,Pando,Administrative Region,Bolivia,71400,15700,8550,7700,1,4.0
Potosí,Potosí,Administrative Region,Bolivia,71400,15700,8550,7700,1,4.0
Santa Cruz,Santa Cruz,Administrative Region,Bolivia,71400,15700,8550,7700,1,4.0
Tarija,Tarija,Administrative Region,Bolivia,71400,15700,8550,7700,1,4.0
Sucre,Sucre,Capital City,Bolivia,91000,20000,10900,9900,2,4.4
Bolivia,Bolivia,Country,Bolivia,92500,20350,11100,10100,3,4.1
Salar de Uyuni,Uyuni,Natural Wonder,Bolivia,112400,24750,13500,12400,1,4.7
Beni,Beni,State/Province,Bolivia,73200,16100,8800,7800,1,4.0
Chuquisaca,Chuquisaca,State/Province,Bolivia,73200,16100,8800,7800,1,4.0
Cochabamba,Cochabamba,State/Province,Bolivia,73200,16100,8800,7800,1,4.0
La Paz,La Paz,State/Province,Bolivia,73200,16100,8800,7800,1,4.0
Oruro,Oruro,State/Province,Bolivia,73200,16100,8800,7800,1,4.0
Pando,Pando,State/Province,Bolivia,73200,16100,8800,7800,1,4.0
Potosi,Potosi,State/Province,Bolivia,73200,16100,8800,7800,1,4.0
Santa Cruz,Santa Cruz,State/Province,Bolivia,73200,16100,8800,7800,1,4.0
Tarija,Tarija,State/Province,Bolivia,73200,16100,8800,7800,1,4.0
Bonaire,Bonaire,Administrative Region,"Bonaire, Sint Eustatius and Saba",54700,12050,6550,5800,1,4.0
Saba,Saba,Administrative Region,"Bonaire, Sint Eustatius and Saba",54700,12050,6550,5800,1,4.0
Sint Eustatius,Sint Eustatius,Administrative Region,"Bonaire, Sint Eustatius and Saba",54700,12050,6550,5800,1,4.0
"Bonaire, Sint Eustatius and Saba","Bonaire, Sint Eustatius and Saba",Country,"Bonaire, Sint Eustatius and Saba",70700,15550,8500,7600,3,4.1
Brčko distrikt,Brčko distrikt,Administrative Region,Bosnia and Herzegovina,57500,12650,6900,7200,1,4.0
Sarajevo,Sarajevo,Capital City,Bosnia and Herzegovina,73100,16100,8750,9200,2,4.4
Bosnia and Herzegovina,Bosnia and Herzegovina,Country,Bosnia and Herzegovina,74600,16400,8950,9400,3,4.1
Federacija Bosne i Hercegovine,Federacija Bosne i Hercegovine,State/Province,Bosnia and Herzegovina,58300,12850,7000,7300,1,4.0
Federation of Bosnia and Herzegovina,Federation of Bosnia and Herzegovina,State/Province,Bosnia and Herzegovina,58300,12850,7000,7300,1,4.0
Republika Srpska,Republika Srpska,State/Province,Bosnia and Herzegovina,58300,12850,7000,7300,1,4.0
Central,Central,Administrative Region,Botswana,49800,10950,6000,6100,1,4.0
Chobe,Chobe,Administrative Region,Botswana,49800,10950,6000,6100,1,4.0
Ghanzi,Ghanzi,Administrative Region,Botswana,49800,10950,6000,6100,1,4.0
Kgalagadi,Kgalagadi,Administrative Region,Botswana,49800,10950,6000,6100,1,4.0
Kgatleng,Kgatleng,Administrative Region,Botswana,49800,10950,6000,6100,1,4.0
Kweneng,Kweneng,Administrative Region,Botswana,49800,10950,6000,6100,1,4.0
North East,North East,Administrative Region,Botswana,49800,10950,6000,6100,1,4.0
North West,North West,Administrative Region,Botswana,49800,10950,6000,6100,1,4.0
South East,South East,Administrative Region,Botswana,49800,10950,6000,6100,1,4.0
Southern,Southern,Administrative Region,Botswana,49800,10950,6000,6100,1,4.0
Gaborone,Gaborone,Capital City,Botswana,63400,13950,7600,7800,2,4.4
Botswana,Botswana,Country,Botswana,64800,14250,7800,8000,3,4.1
Okavango Delta,Okavango,Natural Wonder,Botswana,67500,14850,8100,8000,1,4.7
Central,Central,State/Province,Botswana,50000,11000,6000,6000,1,4.0
Chobe,Chobe,State/Province,Botswana,50000,11000,6000,6000,1,4.0
Francistown,Francistown,State/Province,Botswana,50000,11000,6000,6000,1,4.0
Gaborone,Gaborone,State/Province,Botswana,50000,11000,6000,6000,1,4.0
Ghanzi,Ghanzi,State/Province,Botswana,50000,11000,6000,6000,1,4.0
Jwaneng,Jwaneng,State/Province,Botswana,50000,11000,6000,6000,1,4.0
Kgalagadi,Kgalagadi,State/Province,Botswana,50000,11000,6000,6000,1,4.0
Kgatleng,Kgatleng,State/Province,Botswana,50000,11000,6000,6000,1,4.0
Kweneng,Kweneng,State/Province,Botswana,50000,11000,6000,6000,1,4.0
Lobatse,Lobatse,State/Province,Botswana,50000,11000,6000,6000,1,4.0
Ngamiland,Ngamiland,State/Province,Botswana,50000,11000,6000,6000,1,4.0
North-East,North-East,State/Province,Botswana,50000,11000,6000,6000,1,4.0
Selebi-Pikwe,Selebi-Pikwe,State/Province,Botswana,50000,11000,6000,6000,1,4.0
Selibe Phikwe,Selibe Phikwe,State/Province,Botswana,50000,11000,6000,6000,1,4.0
South-East,South-East,State/Province,Botswana,50000,11000,6000,6000,1,4.0
Southern,Southern,State/Province,Botswana,50000,11000,6000,6000,1,4.0
Sowa Town,Sowa Town,State/Province,Botswana,50000,11000,6000,6000,1,4.0
Bouvet Island,Bouvet Island,Country,Bouvet Island,62300,13700,7500,6300,3,4.1
Distrito Federal,Distrito Federal,Administrative Region,Brazil,71600,15750,8600,7700,1,4.0
Copacabana Beach,Rio de Janeiro,Beach,Brazil,85000,999999,999999,12000,0.6,4.7
Brasília,Brasília,Capital City,Brazil,91200,20050,10950,9900,2,4.4
Rio de Janeiro,Rio de Janeiro,City,Brazil,85000,999999,999999,12000,4,4.6
Brazil,Brazil,Country,Brazil,92700,20400,11100,10200,3,4.1
Christ the Redeemer,Rio de Janeiro,Landmark,Brazil,96000,21100,11500,10300,1,4.7
Christ the Redeemer,Rio de Janeiro,Monument,Brazil,85000,999999,999999,12000,0.4,4.9
Sugarloaf Mountain,Rio de Janeiro,Mountain,Brazil,108200,23800,13000,11700,1,4.7
Amazon Rainforest,Amazon Basin,Natural Wonder,Brazil,112600,24750,13500,12400,1,4.7
Sugarloaf Mountain,Rio de Janeiro,Nature,Brazil,85000,999999,999999,12000,0.4,4.8
Acre,Acre,State/Province,Brazil,73400,16150,8800,7800,1,4.0
Alagoas,Alagoas,State/Province,Brazil,73400,16150,8800,7800,1,4.0
Amapa,Amapa,State/Province,Brazil,73400,16150,8800,7800,1,4.0
Amapá,Amapá,State/Province,Brazil,73400,16150,8800,7800,1,4.0
Amazonas,Amazonas,State/Province,Brazil,73400,16150,8800,7800,1,4.0
Bahia,Bahia,State/Province,Brazil,73400,16150,8800,7800,1,4.0
Ceara,Ceara,State/Province,Brazil,73400,16150,8800,7800,1,4.0
Ceará,Ceará,State/Province,Brazil,73400,16150,8800,7800,1,4.0
Distrito Federal,Distrito Federal,State/Province,Brazil,73400,16150,8800,7800,1,4.0
Espirito Santo,Espirito Santo,State/Province,Brazil,73400,16150,8800,7800,1,4.0
Espírito Santo,Espírito Santo,State/Province,Brazil,73400,16150,8800,7800,1,4.0
Goias,Goias,State/Province,Brazil,73400,16150,8800,7800,1,4.0
Goiás,Goiás,State/Province,Brazil,73400,16150,8800,7800,1,4.0
Maranhao,Maranhao,State/Province,Brazil,73400,16150,8800,7800,1,4.0
Maranhão,Maranhão,State/Province,Brazil,73400,16150,8800,7800,1,4.0
Mato Grosso,Mato Grosso,State/Province,Brazil,73400,16150,8800,7800,1,4.0
Mato Grosso do Sul,Mato Grosso do Sul,State/Province,Brazil,73400,16150,8800,7800,1,4.0
Minas Gerais,Minas Gerais,State/Province,Brazil,73400,16150,8800,7800,1,4.0
Para,Para,State/Province,Brazil,73400,16150,8800,7800,1,4.0
Paraiba,Paraiba,State/Province,Brazil,73400,16150,8800,7800,1,4.0
Parana,Parana,State/Province,Brazil,73400,16150,8800,7800,1,4.0
Paraná,Paraná,State/Province,Brazil,73400,16150,8800,7800,1,4.0
Paraíba,Paraíba,State/Province,Brazil,73400,16150,8800,7800,1,4.0
Pará,Pará,State/Province,Brazil,73400,16150,8800,7800,1,4.0
Pernambuco,Pernambuco,State/Province,Brazil,73400,16150,8800,7800,1,4.0
Piaui,Piaui,State/Province,Brazil,73400,16150,8800,7800,1,4.0
Piauí,Piauí,State/Province,Brazil,73400,16150,8800,7800,1,4.0
Rio de Janeiro,Rio de Janeiro,State/Province,Brazil,73400,16150,8800,7800,1,4.0
Rio Grande do Norte,Rio Grande do Norte,State/Province,Brazil,73400,16150,8800,7800,1,4.0
Rio Grande do Sul,Rio Grande do Sul,State/Province,Brazil,73400,16150,8800,7800,1,4.0
Rondonia,Rondonia,State/Province,Brazil,73400,16150,8800,7800,1,4.0
Rondônia,Rondônia,State/Province,Brazil,73400,16150,8800,7800,1,4.0
Roraima,Roraima,State/Province,Brazil,73400,16150,8800,7800,1,4.0
Santa Catarina,Santa Catarina,State/Province,Brazil,73400,16150,8800,7800,1,4.0
Sao Paulo,Sao Paulo,State/Province,Brazil,73400,16150,8800,7800,1,4.0
Sergipe,Sergipe,State/Province,Brazil,73400,16150,8800,7800,1,4.0
São Paulo,São Paulo,State/Province,Brazil,73400,16150,8800,7800,1,4.0
Tocantins,Tocantins,State/Province,Brazil,73400,16150,8800,7800,1,4.0
Diego Garcia,Diego Garcia,Capital City,British Indian Ocean Territory,57800,12700,6950,6900,2,4.4
British Indian Ocean Territory,British Indian Ocean Territory,Country,British Indian Ocean Territory,59300,13050,7100,7100,3,4.1
Anegada,Anegada,State/Province,British Indian Ocean Territory,55800,12300,6700,6900,1,4.0
Jost Van Dyke,Jost Van Dyke,State/Province,British Indian Ocean Territory,55800,12300,6700,6900,1,4.0
Tortola,Tortola,State/Province,British Indian Ocean Territory,55800,12300,6700,6900,1,4.0
Virgin Gorda,Virgin Gorda,State/Province,British Indian Ocean Territory,55800,12300,6700,6900,1,4.0
Belait,Belait,State/Province,Brunei,26700,5850,3200,4400,1,4.0
Brunei and Muara,Brunei and Muara,State/Province,Brunei,26700,5850,3200,4400,1,4.0
Temburong,Temburong,State/Province,Brunei,26700,5850,3200,4400,1,4.0
Tutong,Tutong,State/Province,Brunei,26700,5850,3200,4400,1,4.0
Belait,Belait,Administrative Region,Brunei Darussalam,48200,10600,5800,4800,1,4.0
Brunei-Muara,Brunei-Muara,Administrative Region,Brunei Darussalam,48200,10600,5800,4800,1,4.0
Temburong,Temburong,Administrative Region,Brunei Darussalam,48200,10600,5800,4800,1,4.0
Tutong,Tutong,Administrative Region,Brunei Darussalam,48200,10600,5800,4800,1,4.0
Bandar Seri Begawan,Bandar Seri Begawan,Capital City,Brunei Darussalam,62800,13800,7550,6400,2,4.4
Brunei Darussalam,Brunei Darussalam,Country,Brunei Darussalam,64300,14150,7700,6600,3,4.1
Blagoevgrad,Blagoevgrad,Administrative Region,Bulgaria,55100,12100,6600,6900,1,4.0
Burgas,Burgas,Administrative Region,Bulgaria,55100,12100,6600,6900,1,4.0
Dobrich,Dobrich,Administrative Region,Bulgaria,55100,12100,6600,6900,1,4.0
Gabrovo,Gabrovo,Administrative Region,Bulgaria,55100,12100,6600,6900,1,4.0
Haskovo,Haskovo,Administrative Region,Bulgaria,55100,12100,6600,6900,1,4.0
Kardzhali,Kardzhali,Administrative Region,Bulgaria,55100,12100,6600,6900,1,4.0
Kyustendil,Kyustendil,Administrative Region,Bulgaria,55100,12100,6600,6900,1,4.0
Lovech,Lovech,Administrative Region,Bulgaria,55100,12100,6600,6900,1,4.0
Montana,Montana,Administrative Region,Bulgaria,55100,12100,6600,6900,1,4.0
Pazardzhik,Pazardzhik,Administrative Region,Bulgaria,55100,12100,6600,6900,1,4.0
Pernik,Pernik,Administrative Region,Bulgaria,55100,12100,6600,6900,1,4.0
Pleven,Pleven,Administrative Region,Bulgaria,55100,12100,6600,6900,1,4.0
Plovdiv,Plovdiv,Administrative Region,Bulgaria,55100,12100,6600,6900,1,4.0
Razgrad,Razgrad,Administrative Region,Bulgaria,55100,12100,6600,6900,1,4.0
Ruse,Ruse,Administrative Region,Bulgaria,55100,12100,6600,6900,1,4.0
Shumen,Shumen,Administrative Region,Bulgaria,55100,12100,6600,6900,1,4.0
Silistra,Silistra,Administrative Region,Bulgaria,55100,12100,6600,6900,1,4.0
Sliven,Sliven,Administrative Region,Bulgaria,55100,12100,6600,6900,1,4.0
Smolyan,Smolyan,Administrative Region,Bulgaria,55100,12100,6600,6900,1,4.0
Sofia,Sofia,Administrative Region,Bulgaria,55100,12100,6600,6900,1,4.0
Sofia (stolitsa),Sofia (stolitsa),Administrative Region,Bulgaria,55100,12100,6600,6900,1,4.0
Stara Zagora,Stara Zagora,Administrative Region,Bulgaria,55100,12100,6600,6900,1,4.0
Targovishte,Targovishte,Administrative Region,Bulgaria,55100,12100,6600,6900,1,4.0
Varna,Varna,Administrative Region,Bulgaria,55100,12100,6600,6900,1,4.0
Veliko Tarnovo,Veliko Tarnovo,Administrative Region,Bulgaria,55100,12100,6600,6900,1,4.0
Vidin,Vidin,Administrative Region,Bulgaria,55100,12100,6600,6900,1,4.0
Vratsa,Vratsa,Administrative Region,Bulgaria,55100,12100,6600,6900,1,4.0
Yambol,Yambol,Administrative Region,Bulgaria,55100,12100,6600,6900,1,4.0
Sofia,Sofia,Capital City,Bulgaria,70600,15550,8450,8800,2,4.4
Bulgaria,Bulgaria,Country,Bulgaria,72100,15850,8650,9100,3,4.1
Blagoevgrad,Blagoevgrad,State/Province,Bulgaria,55800,12300,6700,6900,1,4.0
Burgas,Burgas,State/Province,Bulgaria,55800,12300,6700,6900,1,4.0
Dobrich,Dobrich,State/Province,Bulgaria,55800,12300,6700,6900,1,4.0
Gabrovo,Gabrovo,State/Province,Bulgaria,55800,12300,6700,6900,1,4.0
Khaskovo,Khaskovo,State/Province,Bulgaria,55800,12300,6700,6900,1,4.0
Kurdzhali,Kurdzhali,State/Province,Bulgaria,55800,12300,6700,6900,1,4.0
Kyustendil,Kyustendil,State/Province,Bulgaria,55800,12300,6700,6900,1,4.0
Lovech,Lovech,State/Province,Bulgaria,55800,12300,6700,6900,1,4.0
Montana,Montana,State/Province,Bulgaria,55800,12300,6700,6900,1,4.0
Pazardzhik,Pazardzhik,State/Province,Bulgaria,55800,12300,6700,6900,1,4.0
Pernik,Pernik,State/Province,Bulgaria,55800,12300,6700,6900,1,4.0
Pleven,Pleven,State/Province,Bulgaria,55800,12300,6700,6900,1,4.0
Plovdiv,Plovdiv,State/Province,Bulgaria,55800,12300,6700,6900,1,4.0
Razgrad,Razgrad,State/Province,Bulgaria,55800,12300,6700,6900,1,4.0
Ruse,Ruse,State/Province,Bulgaria,55800,12300,6700,6900,1,4.0
Shumen,Shumen,State/Province,Bulgaria,55800,12300,6700,6900,1,4.0
Silistra,Silistra,State/Province,Bulgaria,55800,12300,6700,6900,1,4.0
Sliven,Sliven,State/Province,Bulgaria,55800,12300,6700,6900,1,4.0
Smolyan,Smolyan,State/Province,Bulgaria,55800,12300,6700,6900,1,4.0
Sofiya,Sofiya,State/Province,Bulgaria,55800,12300,6700,6900,1,4.0
Sofiya-Grad,Sofiya-Grad,State/Province,Bulgaria,55800,12300,6700,6900,1,4.0
Stara Zagora,Stara Zagora,State/Province,Bulgaria,55800,12300,6700,6900,1,4.0
Turgovishte,Turgovishte,State/Province,Bulgaria,55800,12300,6700,6900,1,4.0
Varna,Varna,State/Province,Bulgaria,55800,12300,6700,6900,1,4.0
Veliko Turnovo,Veliko Turnovo,State/Province,Bulgaria,55800,12300,6700,6900,1,4.0
Vidin,Vidin,State/Province,Bulgaria,55800,12300,6700,6900,1,4.0
Vratsa,Vratsa,State/Province,Bulgaria,55800,12300,6700,6900,1,4.0
Yambol,Yambol,State/Province,Bulgaria,55800,12300,6700,6900,1,4.0
Boucle du Mouhoun,Boucle du Mouhoun,Administrative Region,Burkina Faso,50900,11200,6100,6200,1,4.0
Cascades,Cascades,Administrative Region,Burkina Faso,50900,11200,6100,6200,1,4.0
Centre,Centre,Administrative Region,Burkina Faso,50900,11200,6100,6200,1,4.0
Centre-Est,Centre-Est,Administrative Region,Burkina Faso,50900,11200,6100,6200,1,4.0
Centre-Nord,Centre-Nord,Administrative Region,Burkina Faso,50900,11200,6100,6200,1,4.0
Centre-Ouest,Centre-Ouest,Administrative Region,Burkina Faso,50900,11200,6100,6200,1,4.0
Centre-Sud,Centre-Sud,Administrative Region,Burkina Faso,50900,11200,6100,6200,1,4.0
Est,Est,Administrative Region,Burkina Faso,50900,11200,6100,6200,1,4.0
Hauts-Bassins,Hauts-Bassins,Administrative Region,Burkina Faso,50900,11200,6100,6200,1,4.0
Nord,Nord,Administrative Region,Burkina Faso,50900,11200,6100,6200,1,4.0
Plateau-Central,Plateau-Central,Administrative Region,Burkina Faso,50900,11200,6100,6200,1,4.0
Sahel,Sahel,Administrative Region,Burkina Faso,50900,11200,6100,6200,1,4.0
Sud-Ouest,Sud-Ouest,Administrative Region,Burkina Faso,50900,11200,6100,6200,1,4.0
Ouagadougou,Ouagadougou,Capital City,Burkina Faso,64500,14200,7750,7900,2,4.4
Burkina Faso,Burkina Faso,Country,Burkina Faso,66000,14500,7900,8100,3,4.1
Bale,Bale,State/Province,Burkina Faso,51200,11250,6150,6200,1,4.0
Balé,Balé,State/Province,Burkina Faso,51200,11250,6150,6200,1,4.0
Bam,Bam,State/Province,Burkina Faso,51200,11250,6150,6200,1,4.0
Banwa,Banwa,State/Province,Burkina Faso,51200,11250,6150,6200,1,4.0
Bazega,Bazega,State/Province,Burkina Faso,51200,11250,6150,6200,1,4.0
Bazèga,Bazèga,State/Province,Burkina Faso,51200,11250,6150,6200,1,4.0
Bougouriba,Bougouriba,State/Province,Burkina Faso,51200,11250,6150,6200,1,4.0
Boulgou,Boulgou,State/Province,Burkina Faso,51200,11250,6150,6200,1,4.0
Boulkiemde,Boulkiemde,State/Province,Burkina Faso,51200,11250,6150,6200,1,4.0
Boulkiemdé,Boulkiemdé,State/Province,Burkina Faso,51200,11250,6150,6200,1,4.0
Comoe,Comoe,State/Province,Burkina Faso,51200,11250,6150,6200,1,4.0
Comoé,Comoé,State/Province,Burkina Faso,51200,11250,6150,6200,1,4.0
Ganzourgou,Ganzourgou,State/Province,Burkina Faso,51200,11250,6150,6200,1,4.0
Gnagna,Gnagna,State/Province,Burkina Faso,51200,11250,6150,6200,1,4.0
Gourma,Gourma,State/Province,Burkina Faso,51200,11250,6150,6200,1,4.0
Houet,Houet,State/Province,Burkina Faso,51200,11250,6150,6200,1,4.0
Ioba,Ioba,State/Province,Burkina Faso,51200,11250,6150,6200,1,4.0
Kadiogo,Kadiogo,State/Province,Burkina Faso,51200,11250,6150,6200,1,4.0
Kenedougou,Kenedougou,State/Province,Burkina Faso,51200,11250,6150,6200,1,4.0
Komandjari,Komandjari,State/Province,Burkina Faso,51200,11250,6150,6200,1,4.0
Komondjari,Komondjari,State/Province,Burkina Faso,51200,11250,6150,6200,1,4.0
Kompienga,Kompienga,State/Province,Burkina Faso,51200,11250,6150,6200,1,4.0
Kossi,Kossi,State/Province,Burkina Faso,51200,11250,6150,6200,1,4.0
Koulpélogo,Koulpélogo,State/Province,Burkina Faso,51200,11250,6150,6200,1,4.0
Koupelogo,Koupelogo,State/Province,Burkina Faso,51200,11250,6150,6200,1,4.0
Kouritenga,Kouritenga,State/Province,Burkina Faso,51200,11250,6150,6200,1,4.0
Kourweogo,Kourweogo,State/Province,Burkina Faso,51200,11250,6150,6200,1,4.0
Kourwéogo,Kourwéogo,State/Province,Burkina Faso,51200,11250,6150,6200,1,4.0
Kénédougou,Kénédougou,State/Province,Burkina Faso,51200,11250,6150,6200,1,4.0
Leraba,Leraba,State/Province,Burkina Faso,51200,11250,6150,6200,1,4.0
Loroum,Loroum,State/Province,Burkina Faso,51200,11250,6150,6200,1,4.0
Léraba,Léraba,State/Province,Burkina Faso,51200,11250,6150,6200,1,4.0
Mouhoun,Mouhoun,State/Province,Burkina Faso,51200,11250,6150,6200,1,4.0
Nahouri,Nahouri,State/Province,Burkina Faso,51200,11250,6150,6200,1,4.0
Namentenga,Namentenga,State/Province,Burkina Faso,51200,11250,6150,6200,1,4.0
Naumbiel,Naumbiel,State/Province,Burkina Faso,51200,11250,6150,6200,1,4.0
Nayala,Nayala,State/Province,Burkina Faso,51200,11250,6150,6200,1,4.0
Noumbiel,Noumbiel,State/Province,Burkina Faso,51200,11250,6150,6200,1,4.0
Oubritenga,Oubritenga,State/Province,Burkina Faso,51200,11250,6150,6200,1,4.0
Oudalan,Oudalan,State/Province,Burkina Faso,51200,11250,6150,6200,1,4.0
Passore,Passore,State/Province,Burkina Faso,51200,11250,6150,6200,1,4.0
Passoré,Passoré,State/Province,Burkina Faso,51200,11250,6150,6200,1,4.0
Poni,Poni,State/Province,Burkina Faso,51200,11250,6150,6200,1,4.0
Samentenga,Samentenga,State/Province,Burkina Faso,51200,11250,6150,6200,1,4.0
Sanguie,Sanguie,State/Province,Burkina Faso,51200,11250,6150,6200,1,4.0
Sanguié,Sanguié,State/Province,Burkina Faso,51200,11250,6150,6200,1,4.0
Sanmatenga,Sanmatenga,State/Province,Burkina Faso,51200,11250,6150,6200,1,4.0
Seno,Seno,State/Province,Burkina Faso,51200,11250,6150,6200,1,4.0
Sissili,Sissili,State/Province,Burkina Faso,51200,11250,6150,6200,1,4.0
Soum,Soum,State/Province,Burkina Faso,51200,11250,6150,6200,1,4.0
Sourou,Sourou,State/Province,Burkina Faso,51200,11250,6150,6200,1,4.0
Séno,Séno,State/Province,Burkina Faso,51200,11250,6150,6200,1,4.0
Tapoa,Tapoa,State/Province,Burkina Faso,51200,11250,6150,6200,1,4.0
Tuy,Tuy,State/Province,Burkina Faso,51200,11250,6150,6200,1,4.0
Yagha,Yagha,State/Province,Burkina Faso,51200,11250,6150,6200,1,4.0
Yatenga,Yatenga,State/Province,Burkina Faso,51200,11250,6150,6200,1,4.0
Ziro,Ziro,State/Province,Burkina Faso,51200,11250,6150,6200,1,4.0
Zondoma,Zondoma,State/Province,Burkina Faso,51200,11250,6150,6200,1,4.0
Zondomo,Zondomo,State/Province,Burkina Faso,51200,11250,6150,6200,1,4.0
Zoundweogo,Zoundweogo,State/Province,Burkina Faso,51200,11250,6150,6200,1,4.0
Zoundwéogo,Zoundwéogo,State/Province,Burkina Faso,51200,11250,6150,6200,1,4.0
Bujumbura,Bujumbura,Capital City,Burundi,63100,13900,7550,7700,2,4.4
Burundi,Burundi,Country,Burundi,64600,14200,7750,7900,3,4.1
Bubanza,Bubanza,State/Province,Burundi,49800,10950,6000,6000,1,4.0
Bujumbura,Bujumbura,State/Province,Burundi,49800,10950,6000,6000,1,4.0
Bujumbura Mairie,Bujumbura Mairie,State/Province,Burundi,49800,10950,6000,6000,1,4.0
Bujumbura Rural,Bujumbura Rural,State/Province,Burundi,49800,10950,6000,6000,1,4.0
Bururi,Bururi,State/Province,Burundi,49800,10950,6000,6000,1,4.0
Cankuzo,Cankuzo,State/Province,Burundi,49800,10950,6000,6000,1,4.0
Cibitoke,Cibitoke,State/Province,Burundi,49800,10950,6000,6000,1,4.0
Gitega,Gitega,State/Province,Burundi,49800,10950,6000,6000,1,4.0
Karuzi,Karuzi,State/Province,Burundi,49800,10950,6000,6000,1,4.0
Kayanza,Kayanza,State/Province,Burundi,49800,10950,6000,6000,1,4.0
Kirundo,Kirundo,State/Province,Burundi,49800,10950,6000,6000,1,4.0
Makamba,Makamba,State/Province,Burundi,49800,10950,6000,6000,1,4.0
Muramvya,Muramvya,State/Province,Burundi,49800,10950,6000,6000,1,4.0
Muyinga,Muyinga,State/Province,Burundi,49800,10950,6000,6000,1,4.0
Mwaro,Mwaro,State/Province,Burundi,49800,10950,6000,6000,1,4.0
Ngozi,Ngozi,State/Province,Burundi,49800,10950,6000,6000,1,4.0
Rumonge,Rumonge,State/Province,Burundi,49800,10950,6000,6000,1,4.0
Rutana,Rutana,State/Province,Burundi,49800,10950,6000,6000,1,4.0
Ruyigi,Ruyigi,State/Province,Burundi,49800,10950,6000,6000,1,4.0
Boa Vista,Boa Vista,Administrative Region,Cabo Verde,47100,10350,5650,5700,1,4.0
Brava,Brava,Administrative Region,Cabo Verde,47100,10350,5650,5700,1,4.0
Ilhas de Barlavento,Ilhas de Barlavento,Administrative Region,Cabo Verde,47100,10350,5650,5700,1,4.0
Ilhas de Sotavento,Ilhas de Sotavento,Administrative Region,Cabo Verde,47100,10350,5650,5700,1,4.0
Maio,Maio,Administrative Region,Cabo Verde,47100,10350,5650,5700,1,4.0
Mosteiros,Mosteiros,Administrative Region,Cabo Verde,47100,10350,5650,5700,1,4.0
Paul,Paul,Administrative Region,Cabo Verde,47100,10350,5650,5700,1,4.0
Porto Novo,Porto Novo,Administrative Region,Cabo Verde,47100,10350,5650,5700,1,4.0
Praia,Praia,Administrative Region,Cabo Verde,47100,10350,5650,5700,1,4.0
Ribeira Brava,Ribeira Brava,Administrative Region,Cabo Verde,47100,10350,5650,5700,1,4.0
Ribeira Grande,Ribeira Grande,Administrative Region,Cabo Verde,47100,10350,5650,5700,1,4.0
Ribeira Grande de Santiago,Ribeira Grande de Santiago,Administrative Region,Cabo Verde,47100,10350,5650,5700,1,4.0
Sal,Sal,Administrative Region,Cabo Verde,47100,10350,5650,5700,1,4.0
Santa Catarina,Santa Catarina,Administrative Region,Cabo Verde,47100,10350,5650,5700,1,4.0
Santa Catarina do Fogo,Santa Catarina do Fogo,Administrative Region,Cabo Verde,47100,10350,5650,5700,1,4.0
Santa Cruz,Santa Cruz,Administrative Region,Cabo Verde,47100,10350,5650,5700,1,4.0
São Domingos,São Domingos,Administrative Region,Cabo Verde,47100,10350,5650,5700,1,4.0
São Filipe,São Filipe,Administrative Region,Cabo Verde,47100,10350,5650,5700,1,4.0
São Lourenço dos Órgãos,São Lourenço dos Órgãos,Administrative Region,Cabo Verde,47100,10350,5650,5700,1,4.0
São Miguel,São Miguel,Administrative Region,Cabo Verde,47100,10350,5650,5700,1,4.0
São Salvador do Mundo,São Salvador do Mundo,Administrative Region,Cabo Verde,47100,10350,5650,5700,1,4.0
São Vicente,São Vicente,Administrative Region,Cabo Verde,47100,10350,5650,5700,1,4.0
Tarrafal,Tarrafal,Administrative Region,Cabo Verde,47100,10350,5650,5700,1,4.0
Tarrafal de São Nicolau,Tarrafal de São Nicolau,Administrative Region,Cabo Verde,47100,10350,5650,5700,1,4.0
Praia,Praia,Capital City,Cabo Verde,60600,13350,7250,7400,2,4.4
Cabo Verde,Cabo Verde,Country,Cabo Verde,62100,13650,7450,7600,3,4.1
Phnom Penh,Phnom Penh,Administrative Region,Cambodia,24500,5400,2950,4100,1,4.0
Phnom Penh,Phnom Penh,Capital City,Cambodia,33100,7300,3950,5500,2,4.4
Phnom Penh,Phnom Penh,City,Cambodia,32000,999999,999999,4500,2,4.3
Cambodia,Cambodia,Country,Cambodia,34500,7600,4150,5700,3,4.1
Royal Palace Phnom Penh,Phnom Penh,Historical,Cambodia,32000,999999,999999,4500,0.4,4.7
Tuol Sleng Genocide Museum,Phnom Penh,Historical,Cambodia,32000,999999,999999,4500,0.4,4.6
Angkor Wat,Siem Reap,Religious Place,Cambodia,32400,7150,3900,5300,1,4.7
Baat Dambang,Baat Dambang,State/Province,Cambodia,34800,7650,4200,5600,1,4.0
Banteay Mean Cheay,Banteay Mean Cheay,State/Province,Cambodia,34800,7650,4200,5600,1,4.0
Banteay Mean Choăy,Banteay Mean Choăy,State/Province,Cambodia,34800,7650,4200,5600,1,4.0
Batdambang,Batdambang,State/Province,Cambodia,34800,7650,4200,5600,1,4.0
Kaeb,Kaeb,State/Province,Cambodia,34800,7650,4200,5600,1,4.0
Kampong Chaam,Kampong Chaam,State/Province,Cambodia,34800,7650,4200,5600,1,4.0
Kampong Cham,Kampong Cham,State/Province,Cambodia,34800,7650,4200,5600,1,4.0
Kampong Chhnang,Kampong Chhnang,State/Province,Cambodia,34800,7650,4200,5600,1,4.0
Kampong Spoe,Kampong Spoe,State/Province,Cambodia,34800,7650,4200,5600,1,4.0
Kampong Spueu,Kampong Spueu,State/Province,Cambodia,34800,7650,4200,5600,1,4.0
Kampong Thum,Kampong Thum,State/Province,Cambodia,34800,7650,4200,5600,1,4.0
Kampot,Kampot,State/Province,Cambodia,34800,7650,4200,5600,1,4.0
Kandaal,Kandaal,State/Province,Cambodia,34800,7650,4200,5600,1,4.0
Kandal,Kandal,State/Province,Cambodia,34800,7650,4200,5600,1,4.0
Kaoh Kong,Kaoh Kong,State/Province,Cambodia,34800,7650,4200,5600,1,4.0
Keb,Keb,State/Province,Cambodia,34800,7650,4200,5600,1,4.0
Kracheh,Kracheh,State/Province,Cambodia,34800,7650,4200,5600,1,4.0
Mondol Kiri,Mondol Kiri,State/Province,Cambodia,34800,7650,4200,5600,1,4.0
Otdar Mean Cheay,Otdar Mean Cheay,State/Province,Cambodia,34800,7650,4200,5600,1,4.0
Otdar Mean Chey,Otdar Mean Chey,State/Province,Cambodia,34800,7650,4200,5600,1,4.0
Pailin,Pailin,State/Province,Cambodia,34800,7650,4200,5600,1,4.0
Phnum Penh,Phnum Penh,State/Province,Cambodia,34800,7650,4200,5600,1,4.0
Pousaat,Pousaat,State/Province,Cambodia,34800,7650,4200,5600,1,4.0
Pouthisat,Pouthisat,State/Province,Cambodia,34800,7650,4200,5600,1,4.0
Preah Seihanu (Sihanoukville),Preah Seihanu (Sihanoukville),State/Province,Cambodia,34800,7650,4200,5600,1,4.0
Preah Sihanouk,Preah Sihanouk,State/Province,Cambodia,34800,7650,4200,5600,1,4.0
Preah Vihear,Preah Vihear,State/Province,Cambodia,34800,7650,4200,5600,1,4.0
Prey Veaeng,Prey Veaeng,State/Province,Cambodia,34800,7650,4200,5600,1,4.0
Prey Veng,Prey Veng,State/Province,Cambodia,34800,7650,4200,5600,1,4.0
Rotanah Kiri,Rotanah Kiri,State/Province,Cambodia,34800,7650,4200,5600,1,4.0
Rotanak Kiri,Rotanak Kiri,State/Province,Cambodia,34800,7650,4200,5600,1,4.0
Siem Reab,Siem Reab,State/Province,Cambodia,34800,7650,4200,5600,1,4.0
Stoeng Treng,Stoeng Treng,State/Province,Cambodia,34800,7650,4200,5600,1,4.0
Stoĕng Trêng,Stoĕng Trêng,State/Province,Cambodia,34800,7650,4200,5600,1,4.0
Svaay Rieng,Svaay Rieng,State/Province,Cambodia,34800,7650,4200,5600,1,4.0
Svay Rieng,Svay Rieng,State/Province,Cambodia,34800,7650,4200,5600,1,4.0
Taakaev,Taakaev,State/Province,Cambodia,34800,7650,4200,5600,1,4.0
Takev,Takev,State/Province,Cambodia,34800,7650,4200,5600,1,4.0
Tbong Khmum,Tbong Khmum,State/Province,Cambodia,34800,7650,4200,5600,1,4.0
Adamaoua,Adamaoua,Administrative Region,Cameroon,48500,10650,5800,5900,1,4.0
Centre,Centre,Administrative Region,Cameroon,48500,10650,5800,5900,1,4.0
East,East,Administrative Region,Cameroon,48500,10650,5800,5900,1,4.0
Far North,Far North,Administrative Region,Cameroon,48500,10650,5800,5900,1,4.0
Littoral,Littoral,Administrative Region,Cameroon,48500,10650,5800,5900,1,4.0
North,North,Administrative Region,Cameroon,48500,10650,5800,5900,1,4.0
North-West,North-West,Administrative Region,Cameroon,48500,10650,5800,5900,1,4.0
South,South,Administrative Region,Cameroon,48500,10650,5800,5900,1,4.0
South-West,South-West,Administrative Region,Cameroon,48500,10650,5800,5900,1,4.0
West,West,Administrative Region,Cameroon,48500,10650,5800,5900,1,4.0
Yaoundé,Yaoundé,Capital City,Cameroon,62100,13650,7450,7600,2,4.4
Cameroon,Cameroon,Country,Cameroon,63600,14000,7650,7800,3,4.1
Adamaoua,Adamaoua,State/Province,Cameroon,48800,10750,5850,5800,1,4.0
Centre,Centre,State/Province,Cameroon,48800,10750,5850,5800,1,4.0
Est,Est,State/Province,Cameroon,48800,10750,5850,5800,1,4.0
Extreme-Nord,Extreme-Nord,State/Province,Cameroon,48800,10750,5850,5800,1,4.0
Littoral,Littoral,State/Province,Cameroon,48800,10750,5850,5800,1,4.0
Nord,Nord,State/Province,Cameroon,48800,10750,5850,5800,1,4.0
Nord-Ouest,Nord-Ouest,State/Province,Cameroon,48800,10750,5850,5800,1,4.0
Ouest,Ouest,State/Province,Cameroon,48800,10750,5850,5800,1,4.0
Sud,Sud,State/Province,Cameroon,48800,10750,5850,5800,1,4.0
Sud-Ouest,Sud-Ouest,State/Province,Cameroon,48800,10750,5850,5800,1,4.0
Biodome,Montreal,Beach,Canada,69622,999999,999999,14351,0.6,4.6
Mount Royal,Montreal,Beach,Canada,69622,999999,999999,14351,0.6,4.9
Science World,Vancouver,Beach,Canada,42849,999999,999999,5992,0.4,4.4
Stanley Park,Vancouver,Beach,Canada,42849,999999,999999,5992,0.4,4.8
Ottawa,Ottawa,Capital City,Canada,86200,18950,10350,9200,2,4.4
Montreal,Montreal,City,Canada,69622,999999,999999,14351,3,4.6
Toronto,Toronto,City,Canada,68000,999999,999999,14000,3,4.6
Vancouver,Vancouver,City,Canada,42849,999999,999999,5992,3,4.6
Canada,Canada,Country,Canada,87700,19300,10500,9400,3,4.1
Old Quebec,Quebec City,Historic Site,Canada,94000,20700,11300,10200,1,4.7
Distillery District,Toronto,Historical,Canada,68000,999999,999999,14000,0.4,4.6
Montreal Botanical Garden,Montreal,Historical,Canada,69622,999999,999999,14351,0.4,4.6
Northwest Territories,Northwest Territories,Island/Territory,Canada,117300,25800,14100,12900,1,4.0
Nunavut,Nunavut,Island/Territory,Canada,117300,25800,14100,12900,1,4.0
Yukon,Yukon,Island/Territory,Canada,117300,25800,14100,12900,1,4.0
CN Tower,Toronto,Landmark,Canada,102300,22500,12300,11200,1,4.7
Gastown,Vancouver,Leisure,Canada,42849,999999,999999,5992,0.3,4.7
CN Tower,Toronto,Monument,Canada,68000,999999,999999,14000,0.3,4.8
Granville Island,Vancouver,Monument,Canada,42849,999999,999999,5992,0.5,4.9
Grouse Mountain,Vancouver,Monument,Canada,42849,999999,999999,5992,0.2,4.8
Notre-Dame Basilica,Montreal,Monument,Canada,69622,999999,999999,14351,0.3,4.8
Banff,Banff,Mountain,Canada,49720,4493,1237,11668,2,4.6
Royal Ontario Museum,Toronto,Museum,Canada,68000,999999,999999,14000,0.5,4.7
Banff National Park,Alberta,National Park,Canada,100000,22000,12000,10700,1,4.7
Niagara Falls Canada,Ontario,Natural Wonder,Canada,107600,23650,12900,11600,1,4.7
Jean-Talon Market,Montreal,Nature,Canada,69622,999999,999999,14351,0.3,4.9
Toronto Islands,Toronto,Nature,Canada,78000,999999,999999,11000,0.6,4.6
Capilano Suspension Bridge,Vancouver,Shopping,Canada,42849,999999,999999,5992,0.2,4.9
Old Montreal,Montreal,Shopping,Canada,69622,999999,999999,14351,0.3,4.8
Alberta,Alberta,State/Province,Canada,79700,17550,9550,8800,1,4.0
British Columbia,British Columbia,State/Province,Canada,79700,17550,9550,8800,1,4.0
Manitoba,Manitoba,State/Province,Canada,79700,17550,9550,8800,1,4.0
New Brunswick,New Brunswick,State/Province,Canada,79700,17550,9550,8800,1,4.0
Newfoundland,Newfoundland,State/Province,Canada,79700,17550,9550,8800,1,4.0
Newfoundland and Labrador,Newfoundland and Labrador,State/Province,Canada,79700,17550,9550,8800,1,4.0
Northwest Territories,Northwest Territories,State/Province,Canada,79700,17550,9550,8800,1,4.0
Nova Scotia,Nova Scotia,State/Province,Canada,79700,17550,9550,8800,1,4.0
Nunavut,Nunavut,State/Province,Canada,79700,17550,9550,8800,1,4.0
Ontario,Ontario,State/Province,Canada,79700,17550,9550,8800,1,4.0
Prince Edward Island,Prince Edward Island,State/Province,Canada,79700,17550,9550,8800,1,4.0
Quebec,Quebec,State/Province,Canada,79700,17550,9550,8800,1,4.0
Saskatchewan,Saskatchewan,State/Province,Canada,79700,17550,9550,8800,1,4.0
Yukon Territory,Yukon Territory,State/Province,Canada,79700,17550,9550,8800,1,4.0
Boa Vista,Boa Vista,State/Province,Cape Verde,47800,10500,5750,5700,1,4.0
Brava,Brava,State/Province,Cape Verde,47800,10500,5750,5700,1,4.0
Maio,Maio,State/Province,Cape Verde,47800,10500,5750,5700,1,4.0
Mosteiros,Mosteiros,State/Province,Cape Verde,47800,10500,5750,5700,1,4.0
Paul,Paul,State/Province,Cape Verde,47800,10500,5750,5700,1,4.0
Porto Novo,Porto Novo,State/Province,Cape Verde,47800,10500,5750,5700,1,4.0
Praia,Praia,State/Province,Cape Verde,47800,10500,5750,5700,1,4.0
Ribeira Grande,Ribeira Grande,State/Province,Cape Verde,47800,10500,5750,5700,1,4.0
Sal,Sal,State/Province,Cape Verde,47800,10500,5750,5700,1,4.0
Santa Catarina,Santa Catarina,State/Province,Cape Verde,47800,10500,5750,5700,1,4.0
Santa Cruz,Santa Cruz,State/Province,Cape Verde,47800,10500,5750,5700,1,4.0
Sao Domingos,Sao Domingos,State/Province,Cape Verde,47800,10500,5750,5700,1,4.0
Sao Filipe,Sao Filipe,State/Province,Cape Verde,47800,10500,5750,5700,1,4.0
Sao Nicolau,Sao Nicolau,State/Province,Cape Verde,47800,10500,5750,5700,1,4.0
Sao Vicente,Sao Vicente,State/Province,Cape Verde,47800,10500,5750,5700,1,4.0
Tarrafal,Tarrafal,State/Province,Cape Verde,47800,10500,5750,5700,1,4.0
George Town,George Town,Capital City,Cayman Islands,95600,21050,11450,10600,2,4.4
Cayman Islands,Cayman Islands,Country,Cayman Islands,85800,18900,10300,9100,3,4.1
Creek,Creek,State/Province,Cayman Islands,77800,17100,9350,8500,1,4.0
Eastern,Eastern,State/Province,Cayman Islands,77800,17100,9350,8500,1,4.0
Midland,Midland,State/Province,Cayman Islands,77800,17100,9350,8500,1,4.0
South Town,South Town,State/Province,Cayman Islands,77800,17100,9350,8500,1,4.0
Spot Bay,Spot Bay,State/Province,Cayman Islands,77800,17100,9350,8500,1,4.0
Stake Bay,Stake Bay,State/Province,Cayman Islands,77800,17100,9350,8500,1,4.0
West End,West End,State/Province,Cayman Islands,77800,17100,9350,8500,1,4.0
Western,Western,State/Province,Cayman Islands,77800,17100,9350,8500,1,4.0
Bangui,Bangui,Administrative Region,Central African Republic,45200,9950,5400,5400,1,4.0
Bangui,Bangui,Capital City,Central African Republic,58800,12950,7050,7100,2,4.4
Central African Republic,Central African Republic,Country,Central African Republic,60300,13250,7250,7300,3,4.1
Bamingui-Bangoran,Bamingui-Bangoran,State/Province,Central African Republic,56800,12500,6800,7000,1,4.0
Bangui,Bangui,State/Province,Central African Republic,56800,12500,6800,7000,1,4.0
Basse-Kotto,Basse-Kotto,State/Province,Central African Republic,56800,12500,6800,7000,1,4.0
Gribingui,Gribingui,State/Province,Central African Republic,56800,12500,6800,7000,1,4.0
Haut-Mbomou,Haut-Mbomou,State/Province,Central African Republic,56800,12500,6800,7000,1,4.0
Haute-Kotto,Haute-Kotto,State/Province,Central African Republic,56800,12500,6800,7000,1,4.0
Haute-Sangha,Haute-Sangha,State/Province,Central African Republic,56800,12500,6800,7000,1,4.0
Haute-Sangha / Mambéré-Kadéï,Haute-Sangha / Mambéré-Kadéï,State/Province,Central African Republic,56800,12500,6800,7000,1,4.0
Kemo-Gribingui,Kemo-Gribingui,State/Province,Central African Republic,56800,12500,6800,7000,1,4.0
Kémo-Gribingui,Kémo-Gribingui,State/Province,Central African Republic,56800,12500,6800,7000,1,4.0
Lobaye,Lobaye,State/Province,Central African Republic,56800,12500,6800,7000,1,4.0
Mbomou,Mbomou,State/Province,Central African Republic,56800,12500,6800,7000,1,4.0
Nana-Mambere,Nana-Mambere,State/Province,Central African Republic,56800,12500,6800,7000,1,4.0
Nana-Mambéré,Nana-Mambéré,State/Province,Central African Republic,56800,12500,6800,7000,1,4.0
Ombella-Mpoko,Ombella-Mpoko,State/Province,Central African Republic,56800,12500,6800,7000,1,4.0
Ouaka,Ouaka,State/Province,Central African Republic,56800,12500,6800,7000,1,4.0
Ouham,Ouham,State/Province,Central African Republic,56800,12500,6800,7000,1,4.0
Ouham-Pende,Ouham-Pende,State/Province,Central African Republic,56800,12500,6800,7000,1,4.0
Ouham-Pendé,Ouham-Pendé,State/Province,Central African Republic,56800,12500,6800,7000,1,4.0
Sangha,Sangha,State/Province,Central African Republic,56800,12500,6800,7000,1,4.0
Vakaga,Vakaga,State/Province,Central African Republic,56800,12500,6800,7000,1,4.0
N'Djamena,N'Djamena,Capital City,Chad,56200,12350,6750,6700,2,4.4
Chad,Chad,Country,Chad,57700,12700,6900,6900,3,4.1
Bahr el Ghazal,Bahr el Ghazal,State/Province,Chad,54200,11900,6500,6600,1,4.0
Batha,Batha,State/Province,Chad,54200,11900,6500,6600,1,4.0
Biltine,Biltine,State/Province,Chad,54200,11900,6500,6600,1,4.0
Borkou,Borkou,State/Province,Chad,54200,11900,6500,6600,1,4.0
Borkou-Ennedi-Tibesti,Borkou-Ennedi-Tibesti,State/Province,Chad,54200,11900,6500,6600,1,4.0
Chari-Baguirmi,Chari-Baguirmi,State/Province,Chad,54200,11900,6500,6600,1,4.0
Ennedi-Est,Ennedi-Est,State/Province,Chad,54200,11900,6500,6600,1,4.0
Ennedi-Ouest,Ennedi-Ouest,State/Province,Chad,54200,11900,6500,6600,1,4.0
Guera,Guera,State/Province,Chad,54200,11900,6500,6600,1,4.0
Guéra,Guéra,State/Province,Chad,54200,11900,6500,6600,1,4.0
Hadjer Lamis,Hadjer Lamis,State/Province,Chad,54200,11900,6500,6600,1,4.0
Kanem,Kanem,State/Province,Chad,54200,11900,6500,6600,1,4.0
Lac,Lac,State/Province,Chad,54200,11900,6500,6600,1,4.0
Logone Occidental,Logone Occidental,State/Province,Chad,54200,11900,6500,6600,1,4.0
Logone Oriental,Logone Oriental,State/Province,Chad,54200,11900,6500,6600,1,4.0
Logone-Occidental,Logone-Occidental,State/Province,Chad,54200,11900,6500,6600,1,4.0
Logone-Oriental,Logone-Oriental,State/Province,Chad,54200,11900,6500,6600,1,4.0
Mandoul,Mandoul,State/Province,Chad,54200,11900,6500,6600,1,4.0
Mayo-Kebbi,Mayo-Kebbi,State/Province,Chad,54200,11900,6500,6600,1,4.0
Mayo-Kebbi-Est,Mayo-Kebbi-Est,State/Province,Chad,54200,11900,6500,6600,1,4.0
Mayo-Kebbi-Ouest,Mayo-Kebbi-Ouest,State/Province,Chad,54200,11900,6500,6600,1,4.0
Moyen-Chari,Moyen-Chari,State/Province,Chad,54200,11900,6500,6600,1,4.0
Ouaddai,Ouaddai,State/Province,Chad,54200,11900,6500,6600,1,4.0
Ouaddaï,Ouaddaï,State/Province,Chad,54200,11900,6500,6600,1,4.0
Salamat,Salamat,State/Province,Chad,54200,11900,6500,6600,1,4.0
Sila,Sila,State/Province,Chad,54200,11900,6500,6600,1,4.0
Tandjile,Tandjile,State/Province,Chad,54200,11900,6500,6600,1,4.0
Tandjilé,Tandjilé,State/Province,Chad,54200,11900,6500,6600,1,4.0
Tibesti,Tibesti,State/Province,Chad,54200,11900,6500,6600,1,4.0
Ville de Ndjamena,Ville de Ndjamena,State/Province,Chad,54200,11900,6500,6600,1,4.0
Wadi Fira,Wadi Fira,State/Province,Chad,54200,11900,6500,6600,1,4.0
Aisén del General Carlos Ibañez del Campo,Aisén del General Carlos Ibañez del Campo,Administrative Region,Chile,68600,15100,8250,7300,1,4.0
Antofagasta,Antofagasta,Administrative Region,Chile,68600,15100,8250,7300,1,4.0
Arica y Parinacota,Arica y Parinacota,Administrative Region,Chile,68600,15100,8250,7300,1,4.0
Atacama,Atacama,Administrative Region,Chile,68600,15100,8250,7300,1,4.0
Biobío,Biobío,Administrative Region,Chile,68600,15100,8250,7300,1,4.0
Coquimbo,Coquimbo,Administrative Region,Chile,68600,15100,8250,7300,1,4.0
La Araucanía,La Araucanía,Administrative Region,Chile,68600,15100,8250,7300,1,4.0
Libertador General Bernardo O'Higgins,Libertador General Bernardo O'Higgins,Administrative Region,Chile,68600,15100,8250,7300,1,4.0
Los Lagos,Los Lagos,Administrative Region,Chile,68600,15100,8250,7300,1,4.0
Los Ríos,Los Ríos,Administrative Region,Chile,68600,15100,8250,7300,1,4.0
Magallanes,Magallanes,Administrative Region,Chile,68600,15100,8250,7300,1,4.0
Maule,Maule,Administrative Region,Chile,68600,15100,8250,7300,1,4.0
Región Metropolitana de Santiago,Región Metropolitana de Santiago,Administrative Region,Chile,68600,15100,8250,7300,1,4.0
Tarapacá,Tarapacá,Administrative Region,Chile,68600,15100,8250,7300,1,4.0
Valparaíso,Valparaíso,Administrative Region,Chile,68600,15100,8250,7300,1,4.0
Ñuble,Ñuble,Administrative Region,Chile,68600,15100,8250,7300,1,4.0
Santiago,Santiago,Capital City,Chile,88200,19400,10600,9500,2,4.4
Santiago,Santiago,City,Chile,49643,999999,999999,7191,3,4.6
Chile,Chile,Country,Chile,89600,19700,10750,9700,3,4.1
Plaza de Armas,Santiago,Historical,Chile,49643,999999,999999,7191,0.6,4.6
Barrio Bellavista,Santiago,Monument,Chile,49643,999999,999999,7191,0.3,4.9
Cerro San Cristobal,Santiago,Monument,Chile,49643,999999,999999,7191,0.5,4.5
Torres del Paine,Patagonia,National Park,Chile,101900,22400,12250,11000,1,4.7
Costanera Center,Santiago,Nature,Chile,49643,999999,999999,7191,0.5,4.8
Santa Lucia Hill,Santiago,Park,Chile,49643,999999,999999,7191,0.4,4.5
La Moneda Palace,Santiago,Shopping,Chile,49643,999999,999999,7191,0.3,4.5
Aisen del General Carlos Ibanez del Campo,Aisen del General Carlos Ibanez del Campo,State/Province,Chile,81600,17950,9800,9100,1,4.0
Antofagasta,Antofagasta,State/Province,Chile,81600,17950,9800,9100,1,4.0
Araucania,Araucania,State/Province,Chile,81600,17950,9800,9100,1,4.0
Atacama,Atacama,State/Province,Chile,81600,17950,9800,9100,1,4.0
Bio-Bio,Bio-Bio,State/Province,Chile,81600,17950,9800,9100,1,4.0
Coquimbo,Coquimbo,State/Province,Chile,81600,17950,9800,9100,1,4.0
Libertador General Bernardo O'Higgins,Libertador General Bernardo O'Higgins,State/Province,Chile,81600,17950,9800,9100,1,4.0
Los Lagos,Los Lagos,State/Province,Chile,81600,17950,9800,9100,1,4.0
Magallanes y de la Antartica Chilena,Magallanes y de la Antartica Chilena,State/Province,Chile,81600,17950,9800,9100,1,4.0
Maule,Maule,State/Province,Chile,81600,17950,9800,9100,1,4.0
Region Metropolitana (Santiago),Region Metropolitana (Santiago),State/Province,Chile,81600,17950,9800,9100,1,4.0
Tarapaca,Tarapaca,State/Province,Chile,81600,17950,9800,9100,1,4.0
Valparaiso,Valparaiso,State/Province,Chile,81600,17950,9800,9100,1,4.0
Beijing Shi,Beijing Shi,Administrative Region,China,24300,5350,2900,4100,1,4.0
Chongqing Shi,Chongqing Shi,Administrative Region,China,24300,5350,2900,4100,1,4.0
Guangxi Zhuangzu Zizhiqu,Guangxi Zhuangzu Zizhiqu,Administrative Region,China,24300,5350,2900,4100,1,4.0
Hong Kong SAR,Hong Kong SAR,Administrative Region,China,24300,5350,2900,4100,1,4.0
Macao SAR,Macao SAR,Administrative Region,China,24300,5350,2900,4100,1,4.0
Nei Mongol Zizhiqu,Nei Mongol Zizhiqu,Administrative Region,China,24300,5350,2900,4100,1,4.0
Ningxia Huizu Zizhiqu,Ningxia Huizu Zizhiqu,Administrative Region,China,24300,5350,2900,4100,1,4.0
Shanghai Shi,Shanghai Shi,Administrative Region,China,24300,5350,2900,4100,1,4.0
Tianjin Shi,Tianjin Shi,Administrative Region,China,24300,5350,2900,4100,1,4.0
Xinjiang Uygur Zizhiqu,Xinjiang Uygur Zizhiqu,Administrative Region,China,24300,5350,2900,4100,1,4.0
Xizang Zizhiqu,Xizang Zizhiqu,Administrative Region,China,24300,5350,2900,4100,1,4.0
Jing'an Temple,Shanghai,Attraction,China,71434,999999,999999,12842,0.5,4.8
The Bund,Shanghai,Attraction,China,71434,999999,999999,12842,0.4,4.4
Great Wall of China,Beijing,Beach,China,54893,999999,999999,13168,0.2,4.6
Beijing,Beijing,Capital City,China,32900,7250,3950,5400,2,4.4
Beijing,Beijing,City,China,54893,999999,999999,13168,3,4.6
Chengdu,Chengdu,City,China,38000,999999,999999,7500,3,4.7
Shanghai,Shanghai,City,China,71434,999999,999999,12842,3,4.6
China,China,Country,China,34400,7550,4150,5700,3,4.1
Forbidden City,Beijing,Historic Site,China,37900,8350,4550,6200,1,4.7
Great Wall of China,Beijing,Historic Site,China,37900,8350,4550,6200,1,4.7
Terracotta Army,Xi’an,Historic Site,China,37900,8350,4550,6200,1,4.7
Forbidden City,Beijing,Historical,China,54893,999999,999999,13168,0.6,4.9
Leshan Giant Buddha,Chengdu,Historical,China,38000,999999,999999,7500,0.6,4.8
Shanghai Tower,Shanghai,Historical,China,71434,999999,999999,12842,0.4,4.8
Beihai Park,Beijing,Monument,China,54893,999999,999999,13168,0.4,4.5
Tiananmen Square,Beijing,Museum,China,54893,999999,999999,13168,0.3,5.0
Zhangjiajie National Forest Park,Zhangjiajie,National Park,China,38500,8450,4600,6300,1,4.7
Li River,Guilin,Natural Wonder,China,43300,9550,5200,7100,1,4.7
Nanjing Road,Shanghai,Nature,China,71434,999999,999999,12842,0.3,5.0
Oriental Pearl Tower,Shanghai,Nature,China,71434,999999,999999,12842,0.3,5.0
Panda Breeding Research Base,Chengdu,Nature,China,38000,999999,999999,7500,0.6,4.9
Summer Palace,Beijing,Park,China,54893,999999,999999,13168,0.3,4.7
Temple of Heaven,Beijing,Park,China,54893,999999,999999,13168,0.4,4.6
Yu Garden,Shanghai,Shopping,China,71434,999999,999999,12842,0.3,4.9
Anhui,Anhui,State/Province,China,34700,7650,4150,5600,1,4.0
Anhui Sheng,Anhui Sheng,State/Province,China,34700,7650,4150,5600,1,4.0
Beijing,Beijing,State/Province,China,34700,7650,4150,5600,1,4.0
Chongqing,Chongqing,State/Province,China,34700,7650,4150,5600,1,4.0
Fujian,Fujian,State/Province,China,34700,7650,4150,5600,1,4.0
Fujian Sheng,Fujian Sheng,State/Province,China,34700,7650,4150,5600,1,4.0
Gansu,Gansu,State/Province,China,34700,7650,4150,5600,1,4.0
Gansu Sheng,Gansu Sheng,State/Province,China,34700,7650,4150,5600,1,4.0
Guangdong,Guangdong,State/Province,China,34700,7650,4150,5600,1,4.0
Guangdong Sheng,Guangdong Sheng,State/Province,China,34700,7650,4150,5600,1,4.0
Guangxi,Guangxi,State/Province,China,34700,7650,4150,5600,1,4.0
Guizhou,Guizhou,State/Province,China,34700,7650,4150,5600,1,4.0
Guizhou Sheng,Guizhou Sheng,State/Province,China,34700,7650,4150,5600,1,4.0
Hainan,Hainan,State/Province,China,34700,7650,4150,5600,1,4.0
Hainan Sheng,Hainan Sheng,State/Province,China,34700,7650,4150,5600,1,4.0
Hebei,Hebei,State/Province,China,34700,7650,4150,5600,1,4.0
Hebei Sheng,Hebei Sheng,State/Province,China,34700,7650,4150,5600,1,4.0
Heilongjiang,Heilongjiang,State/Province,China,34700,7650,4150,5600,1,4.0
Heilongjiang Sheng,Heilongjiang Sheng,State/Province,China,34700,7650,4150,5600,1,4.0
Henan,Henan,State/Province,China,34700,7650,4150,5600,1,4.0
Henan Sheng,Henan Sheng,State/Province,China,34700,7650,4150,5600,1,4.0
Hubei,Hubei,State/Province,China,34700,7650,4150,5600,1,4.0
Hubei Sheng,Hubei Sheng,State/Province,China,34700,7650,4150,5600,1,4.0
Hunan,Hunan,State/Province,China,34700,7650,4150,5600,1,4.0
Hunan Sheng,Hunan Sheng,State/Province,China,34700,7650,4150,5600,1,4.0
Jiangsu,Jiangsu,State/Province,China,34700,7650,4150,5600,1,4.0
Jiangsu Sheng,Jiangsu Sheng,State/Province,China,34700,7650,4150,5600,1,4.0
Jiangxi,Jiangxi,State/Province,China,34700,7650,4150,5600,1,4.0
Jiangxi Sheng,Jiangxi Sheng,State/Province,China,34700,7650,4150,5600,1,4.0
Jilin,Jilin,State/Province,China,34700,7650,4150,5600,1,4.0
Jilin Sheng,Jilin Sheng,State/Province,China,34700,7650,4150,5600,1,4.0
Liaoning,Liaoning,State/Province,China,34700,7650,4150,5600,1,4.0
Liaoning Sheng,Liaoning Sheng,State/Province,China,34700,7650,4150,5600,1,4.0
Nei Mongol,Nei Mongol,State/Province,China,34700,7650,4150,5600,1,4.0
Ningxia,Ningxia,State/Province,China,34700,7650,4150,5600,1,4.0
Qinghai,Qinghai,State/Province,China,34700,7650,4150,5600,1,4.0
Qinghai Sheng,Qinghai Sheng,State/Province,China,34700,7650,4150,5600,1,4.0
Shaanxi,Shaanxi,State/Province,China,34700,7650,4150,5600,1,4.0
Shaanxi Sheng,Shaanxi Sheng,State/Province,China,34700,7650,4150,5600,1,4.0
Shandong,Shandong,State/Province,China,34700,7650,4150,5600,1,4.0
Shandong Sheng,Shandong Sheng,State/Province,China,34700,7650,4150,5600,1,4.0
Shanghai,Shanghai,State/Province,China,34700,7650,4150,5600,1,4.0
Shanxi,Shanxi,State/Province,China,34700,7650,4150,5600,1,4.0
Shanxi Sheng,Shanxi Sheng,State/Province,China,34700,7650,4150,5600,1,4.0
Sichuan,Sichuan,State/Province,China,34700,7650,4150,5600,1,4.0
Sichuan Sheng,Sichuan Sheng,State/Province,China,34700,7650,4150,5600,1,4.0
Taiwan Sheng,Taiwan Sheng,State/Province,China,34700,7650,4150,5600,1,4.0
Tianjin,Tianjin,State/Province,China,34700,7650,4150,5600,1,4.0
Xinjiang,Xinjiang,State/Province,China,34700,7650,4150,5600,1,4.0
Xizang (Tibet),Xizang (Tibet),State/Province,China,34700,7650,4150,5600,1,4.0
Yunnan,Yunnan,State/Province,China,34700,7650,4150,5600,1,4.0
Yunnan Sheng,Yunnan Sheng,State/Province,China,34700,7650,4150,5600,1,4.0
Zhejiang,Zhejiang,State/Province,China,34700,7650,4150,5600,1,4.0
Zhejiang Sheng,Zhejiang Sheng,State/Province,China,34700,7650,4150,5600,1,4.0
Flying Fish Cove,Flying Fish Cove,Capital City,Christmas Island,92300,20300,11100,9800,2,4.4
Christmas Island,Christmas Island,Country,Christmas Island,93700,20600,11250,10100,3,4.1
Christmas Island,Christmas Island,State/Province,Christmas Island,85000,18700,10200,9400,1,4.0
West Island,West Island,Capital City,Cocos (Keeling) Islands,91400,20100,10950,9700,2,4.4
Cocos (Keeling) Islands,Cocos (Keeling) Islands,Country,Cocos (Keeling) Islands,92800,20400,11150,9900,3,4.1
Direction Island,Direction Island,State/Province,Cocos (Keeling) Islands,84100,18500,10100,9200,1,4.0
Home Island,Home Island,State/Province,Cocos (Keeling) Islands,84100,18500,10100,9200,1,4.0
Horsburgh Island,Horsburgh Island,State/Province,Cocos (Keeling) Islands,84100,18500,10100,9200,1,4.0
North Keeling Island,North Keeling Island,State/Province,Cocos (Keeling) Islands,84100,18500,10100,9200,1,4.0
South Island,South Island,State/Province,Cocos (Keeling) Islands,84100,18500,10100,9200,1,4.0
West Island,West Island,State/Province,Cocos (Keeling) Islands,84100,18500,10100,9200,1,4.0
Amazonas,Amazonas,Administrative Region,Colombia,70900,15600,8500,7600,1,4.0
Antioquia,Antioquia,Administrative Region,Colombia,70900,15600,8500,7600,1,4.0
Arauca,Arauca,Administrative Region,Colombia,70900,15600,8500,7600,1,4.0
Atlántico,Atlántico,Administrative Region,Colombia,70900,15600,8500,7600,1,4.0
Bolívar,Bolívar,Administrative Region,Colombia,70900,15600,8500,7600,1,4.0
Boyacá,Boyacá,Administrative Region,Colombia,70900,15600,8500,7600,1,4.0
Caldas,Caldas,Administrative Region,Colombia,70900,15600,8500,7600,1,4.0
Caquetá,Caquetá,Administrative Region,Colombia,70900,15600,8500,7600,1,4.0
Casanare,Casanare,Administrative Region,Colombia,70900,15600,8500,7600,1,4.0
Cauca,Cauca,Administrative Region,Colombia,70900,15600,8500,7600,1,4.0
Cesar,Cesar,Administrative Region,Colombia,70900,15600,8500,7600,1,4.0
Chocó,Chocó,Administrative Region,Colombia,70900,15600,8500,7600,1,4.0
Cundinamarca,Cundinamarca,Administrative Region,Colombia,70900,15600,8500,7600,1,4.0
Córdoba,Córdoba,Administrative Region,Colombia,70900,15600,8500,7600,1,4.0
Distrito Capital de Bogotá,Distrito Capital de Bogotá,Administrative Region,Colombia,70900,15600,8500,7600,1,4.0
Guainía,Guainía,Administrative Region,Colombia,70900,15600,8500,7600,1,4.0
Guaviare,Guaviare,Administrative Region,Colombia,70900,15600,8500,7600,1,4.0
Huila,Huila,Administrative Region,Colombia,70900,15600,8500,7600,1,4.0
La Guajira,La Guajira,Administrative Region,Colombia,70900,15600,8500,7600,1,4.0
Magdalena,Magdalena,Administrative Region,Colombia,70900,15600,8500,7600,1,4.0
Meta,Meta,Administrative Region,Colombia,70900,15600,8500,7600,1,4.0
Nariño,Nariño,Administrative Region,Colombia,70900,15600,8500,7600,1,4.0
Norte de Santander,Norte de Santander,Administrative Region,Colombia,70900,15600,8500,7600,1,4.0
Putumayo,Putumayo,Administrative Region,Colombia,70900,15600,8500,7600,1,4.0
Quindío,Quindío,Administrative Region,Colombia,70900,15600,8500,7600,1,4.0
Risaralda,Risaralda,Administrative Region,Colombia,70900,15600,8500,7600,1,4.0
"San Andrés, Providencia y Santa Catalina","San Andrés, Providencia y Santa Catalina",Administrative Region,Colombia,70900,15600,8500,7600,1,4.0
Santander,Santander,Administrative Region,Colombia,70900,15600,8500,7600,1,4.0
Sucre,Sucre,Administrative Region,Colombia,70900,15600,8500,7600,1,4.0
Tolima,Tolima,Administrative Region,Colombia,70900,15600,8500,7600,1,4.0
Valle del Cauca,Valle del Cauca,Administrative Region,Colombia,70900,15600,8500,7600,1,4.0
Vaupés,Vaupés,Administrative Region,Colombia,70900,15600,8500,7600,1,4.0
Vichada,Vichada,Administrative Region,Colombia,70900,15600,8500,7600,1,4.0
Gold Museum,Bogota,Attraction,Colombia,64547,999999,999999,12851,0.6,4.8
Plaza de Bolivar,Bogota,Attraction,Colombia,64547,999999,999999,12851,0.4,4.9
La Candelaria,Bogota,Beach,Colombia,64547,999999,999999,12851,0.2,4.7
Bogotá,Bogotá,Capital City,Colombia,90500,19900,10850,9800,2,4.4
Bogota,Bogota,City,Colombia,64547,999999,999999,12851,3,4.6
Colombia,Colombia,Country,Colombia,92000,20250,11050,10100,3,4.1
Cartagena Walled City,Cartagena,Historic Site,Colombia,98300,21650,11800,10800,1,4.7
Botero Museum,Bogota,Monument,Colombia,64547,999999,999999,12851,0.2,4.6
Monserrate,Bogota,Museum,Colombia,64547,999999,999999,12851,0.5,4.5
Usaquen,Bogota,Park,Colombia,64547,999999,999999,12851,0.4,4.5
Amazonas,Amazonas,State/Province,Colombia,72700,16000,8700,7700,1,4.0
Antioquia,Antioquia,State/Province,Colombia,72700,16000,8700,7700,1,4.0
Arauca,Arauca,State/Province,Colombia,72700,16000,8700,7700,1,4.0
Atlantico,Atlantico,State/Province,Colombia,72700,16000,8700,7700,1,4.0
Bolivar,Bolivar,State/Province,Colombia,72700,16000,8700,7700,1,4.0
Boyaca,Boyaca,State/Province,Colombia,72700,16000,8700,7700,1,4.0
Caldas,Caldas,State/Province,Colombia,72700,16000,8700,7700,1,4.0
Caqueta,Caqueta,State/Province,Colombia,72700,16000,8700,7700,1,4.0
Casanare,Casanare,State/Province,Colombia,72700,16000,8700,7700,1,4.0
Cauca,Cauca,State/Province,Colombia,72700,16000,8700,7700,1,4.0
Cesar,Cesar,State/Province,Colombia,72700,16000,8700,7700,1,4.0
Choco,Choco,State/Province,Colombia,72700,16000,8700,7700,1,4.0
Cordoba,Cordoba,State/Province,Colombia,72700,16000,8700,7700,1,4.0
Cundinamarca,Cundinamarca,State/Province,Colombia,72700,16000,8700,7700,1,4.0
Distrito Capital de Santa Fe de Bogota,Distrito Capital de Santa Fe de Bogota,State/Province,Colombia,72700,16000,8700,7700,1,4.0
Guainia,Guainia,State/Province,Colombia,72700,16000,8700,7700,1,4.0
Guaviare,Guaviare,State/Province,Colombia,72700,16000,8700,7700,1,4.0
Huila,Huila,State/Province,Colombia,72700,16000,8700,7700,1,4.0
La Guajira,La Guajira,State/Province,Colombia,72700,16000,8700,7700,1,4.0
Magdalena,Magdalena,State/Province,Colombia,72700,16000,8700,7700,1,4.0
Meta,Meta,State/Province,Colombia,72700,16000,8700,7700,1,4.0
Narino,Narino,State/Province,Colombia,72700,16000,8700,7700,1,4.0
Norte de Santander,Norte de Santander,State/Province,Colombia,72700,16000,8700,7700,1,4.0
Putumayo,Putumayo,State/Province,Colombia,72700,16000,8700,7700,1,4.0
Quindio,Quindio,State/Province,Colombia,72700,16000,8700,7700,1,4.0
Risaralda,Risaralda,State/Province,Colombia,72700,16000,8700,7700,1,4.0
San Andres y Providencia,San Andres y Providencia,State/Province,Colombia,72700,16000,8700,7700,1,4.0
Santander,Santander,State/Province,Colombia,72700,16000,8700,7700,1,4.0
Sucre,Sucre,State/Province,Colombia,72700,16000,8700,7700,1,4.0
Tolima,Tolima,State/Province,Colombia,72700,16000,8700,7700,1,4.0
Valle del Cauca,Valle del Cauca,State/Province,Colombia,72700,16000,8700,7700,1,4.0
Vaupes,Vaupes,State/Province,Colombia,72700,16000,8700,7700,1,4.0
Vichada,Vichada,State/Province,Colombia,72700,16000,8700,7700,1,4.0
Moroni,Moroni,Capital City,Comoros,64200,14100,7700,7900,2,4.4
Comoros,Comoros,Country,Comoros,65600,14450,7850,8100,3,4.1
Anjouan,Anjouan,Island/Territory,Comoros,76400,16800,9150,9300,1,4.0
Grande Comore,Grande Comore,Island/Territory,Comoros,76400,16800,9150,9300,1,4.0
Mohéli,Mohéli,Island/Territory,Comoros,76400,16800,9150,9300,1,4.0
Anjouan (Nzwani),Anjouan (Nzwani),State/Province,Comoros,50800,11200,6100,6100,1,4.0
Domoni,Domoni,State/Province,Comoros,50800,11200,6100,6100,1,4.0
Fomboni,Fomboni,State/Province,Comoros,50800,11200,6100,6100,1,4.0
Grande Comore (Njazidja),Grande Comore (Njazidja),State/Province,Comoros,50800,11200,6100,6100,1,4.0
Moheli (Mwali),Moheli (Mwali),State/Province,Comoros,50800,11200,6100,6100,1,4.0
Moroni,Moroni,State/Province,Comoros,50800,11200,6100,6100,1,4.0
Moutsamoudou,Moutsamoudou,State/Province,Comoros,50800,11200,6100,6100,1,4.0
Bouenza,Bouenza,Administrative Region,Congo,50500,11100,6050,5200,1,4.0
Brazzaville,Brazzaville,Administrative Region,Congo,50500,11100,6050,5200,1,4.0
Cuvette,Cuvette,Administrative Region,Congo,50500,11100,6050,5200,1,4.0
Cuvette-Ouest,Cuvette-Ouest,Administrative Region,Congo,50500,11100,6050,5200,1,4.0
Kouilou,Kouilou,Administrative Region,Congo,50500,11100,6050,5200,1,4.0
Likouala,Likouala,Administrative Region,Congo,50500,11100,6050,5200,1,4.0
Lékoumou,Lékoumou,Administrative Region,Congo,50500,11100,6050,5200,1,4.0
Niari,Niari,Administrative Region,Congo,50500,11100,6050,5200,1,4.0
Plateaux,Plateaux,Administrative Region,Congo,50500,11100,6050,5200,1,4.0
Pointe-Noire,Pointe-Noire,Administrative Region,Congo,50500,11100,6050,5200,1,4.0
Pool,Pool,Administrative Region,Congo,50500,11100,6050,5200,1,4.0
Sangha,Sangha,Administrative Region,Congo,50500,11100,6050,5200,1,4.0
Brazzaville,Brazzaville,Capital City,Congo,65100,14300,7800,6800,2,4.4
Congo,Congo,Country,Congo,66600,14650,8000,7000,3,4.1
Kinshasa,Kinshasa,Capital City,"Congo, The Democratic Republic of the",61500,13550,7400,6200,2,4.4
"Congo, The Democratic Republic of the","Congo, The Democratic Republic of the",Country,"Congo, The Democratic Republic of the",62900,13850,7550,6400,3,4.1
Bas-Uélé,Bas-Uélé,State/Province,"Congo, The Democratic Republic of the",58700,12900,7050,6300,1,4.0
Haut-Katanga,Haut-Katanga,State/Province,"Congo, The Democratic Republic of the",58700,12900,7050,6300,1,4.0
Haut-Lomami,Haut-Lomami,State/Province,"Congo, The Democratic Republic of the",58700,12900,7050,6300,1,4.0
Haut-Uélé,Haut-Uélé,State/Province,"Congo, The Democratic Republic of the",58700,12900,7050,6300,1,4.0
Ituri,Ituri,State/Province,"Congo, The Democratic Republic of the",58700,12900,7050,6300,1,4.0
Kasaï,Kasaï,State/Province,"Congo, The Democratic Republic of the",58700,12900,7050,6300,1,4.0
Kasaï Central,Kasaï Central,State/Province,"Congo, The Democratic Republic of the",58700,12900,7050,6300,1,4.0
Kasaï Oriental,Kasaï Oriental,State/Province,"Congo, The Democratic Republic of the",58700,12900,7050,6300,1,4.0
Kinshasa,Kinshasa,State/Province,"Congo, The Democratic Republic of the",58700,12900,7050,6300,1,4.0
Kongo Central,Kongo Central,State/Province,"Congo, The Democratic Republic of the",58700,12900,7050,6300,1,4.0
Kwango,Kwango,State/Province,"Congo, The Democratic Republic of the",58700,12900,7050,6300,1,4.0
Kwilu,Kwilu,State/Province,"Congo, The Democratic Republic of the",58700,12900,7050,6300,1,4.0
Lomami,Lomami,State/Province,"Congo, The Democratic Republic of the",58700,12900,7050,6300,1,4.0
Lualaba,Lualaba,State/Province,"Congo, The Democratic Republic of the",58700,12900,7050,6300,1,4.0
Mai-Ndombe,Mai-Ndombe,State/Province,"Congo, The Democratic Republic of the",58700,12900,7050,6300,1,4.0
Maniema,Maniema,State/Province,"Congo, The Democratic Republic of the",58700,12900,7050,6300,1,4.0
Mongala,Mongala,State/Province,"Congo, The Democratic Republic of the",58700,12900,7050,6300,1,4.0
Nord-Kivu,Nord-Kivu,State/Province,"Congo, The Democratic Republic of the",58700,12900,7050,6300,1,4.0
Nord-Ubangi,Nord-Ubangi,State/Province,"Congo, The Democratic Republic of the",58700,12900,7050,6300,1,4.0
Sankuru,Sankuru,State/Province,"Congo, The Democratic Republic of the",58700,12900,7050,6300,1,4.0
Sud-Kivu,Sud-Kivu,State/Province,"Congo, The Democratic Republic of the",58700,12900,7050,6300,1,4.0
Sud-Ubangi,Sud-Ubangi,State/Province,"Congo, The Democratic Republic of the",58700,12900,7050,6300,1,4.0
Tanganyika,Tanganyika,State/Province,"Congo, The Democratic Republic of the",58700,12900,7050,6300,1,4.0
Tshopo,Tshopo,State/Province,"Congo, The Democratic Republic of the",58700,12900,7050,6300,1,4.0
Tshuapa,Tshuapa,State/Province,"Congo, The Democratic Republic of the",58700,12900,7050,6300,1,4.0
Équateur,Équateur,State/Province,"Congo, The Democratic Republic of the",58700,12900,7050,6300,1,4.0
Avarua,Avarua,Capital City,Cook Islands,100100,22000,12000,11000,2,4.4
Cook Islands,Cook Islands,Country,Cook Islands,90200,19850,10800,9500,3,4.1
Aitutaki,Aitutaki,State/Province,Cook Islands,81500,17950,9800,8800,1,4.0
Atiu,Atiu,State/Province,Cook Islands,81500,17950,9800,8800,1,4.0
Avarua,Avarua,State/Province,Cook Islands,81500,17950,9800,8800,1,4.0
Mangaia,Mangaia,State/Province,Cook Islands,81500,17950,9800,8800,1,4.0
Manihiki,Manihiki,State/Province,Cook Islands,81500,17950,9800,8800,1,4.0
Manuae,Manuae,State/Province,Cook Islands,81500,17950,9800,8800,1,4.0
Mauke,Mauke,State/Province,Cook Islands,81500,17950,9800,8800,1,4.0
Mitiaro,Mitiaro,State/Province,Cook Islands,81500,17950,9800,8800,1,4.0
Nassau Island,Nassau Island,State/Province,Cook Islands,81500,17950,9800,8800,1,4.0
Palmerston,Palmerston,State/Province,Cook Islands,81500,17950,9800,8800,1,4.0
Penrhyn,Penrhyn,State/Province,Cook Islands,81500,17950,9800,8800,1,4.0
Pukapuka,Pukapuka,State/Province,Cook Islands,81500,17950,9800,8800,1,4.0
Rakahanga,Rakahanga,State/Province,Cook Islands,81500,17950,9800,8800,1,4.0
Rarotonga,Rarotonga,State/Province,Cook Islands,81500,17950,9800,8800,1,4.0
Suwarrow,Suwarrow,State/Province,Cook Islands,81500,17950,9800,8800,1,4.0
Takutea,Takutea,State/Province,Cook Islands,81500,17950,9800,8800,1,4.0
San José,San José,Capital City,Costa Rica,92200,20300,11050,10100,2,4.4
Costa Rica,Costa Rica,Country,Costa Rica,93700,20600,11250,10300,3,4.1
Alajuela,Alajuela,State/Province,Costa Rica,74400,16350,8950,8000,1,4.0
Cartago,Cartago,State/Province,Costa Rica,74400,16350,8950,8000,1,4.0
Guanacaste,Guanacaste,State/Province,Costa Rica,74400,16350,8950,8000,1,4.0
Heredia,Heredia,State/Province,Costa Rica,74400,16350,8950,8000,1,4.0
Limon,Limon,State/Province,Costa Rica,74400,16350,8950,8000,1,4.0
Limón,Limón,State/Province,Costa Rica,74400,16350,8950,8000,1,4.0
Puntarenas,Puntarenas,State/Province,Costa Rica,74400,16350,8950,8000,1,4.0
San Jose,San Jose,State/Province,Costa Rica,74400,16350,8950,8000,1,4.0
San José,San José,State/Province,Costa Rica,74400,16350,8950,8000,1,4.0
Bjelovarsko-bilogorska županija,Bjelovarsko-bilogorska županija,Administrative Region,Croatia,55100,12100,6600,6900,1,4.0
Brodsko-posavska županija,Brodsko-posavska županija,Administrative Region,Croatia,55100,12100,6600,6900,1,4.0
Dubrovačko-neretvanska županija,Dubrovačko-neretvanska županija,Administrative Region,Croatia,55100,12100,6600,6900,1,4.0
Istarska županija,Istarska županija,Administrative Region,Croatia,55100,12100,6600,6900,1,4.0
Karlovačka županija,Karlovačka županija,Administrative Region,Croatia,55100,12100,6600,6900,1,4.0
Koprivničko-križevačka županija,Koprivničko-križevačka županija,Administrative Region,Croatia,55100,12100,6600,6900,1,4.0
Krapinsko-zagorska županija,Krapinsko-zagorska županija,Administrative Region,Croatia,55100,12100,6600,6900,1,4.0
Ličko-senjska županija,Ličko-senjska županija,Administrative Region,Croatia,55100,12100,6600,6900,1,4.0
Međimurska županija,Međimurska županija,Administrative Region,Croatia,55100,12100,6600,6900,1,4.0
Osječko-baranjska županija,Osječko-baranjska županija,Administrative Region,Croatia,55100,12100,6600,6900,1,4.0
Požeško-slavonska županija,Požeško-slavonska županija,Administrative Region,Croatia,55100,12100,6600,6900,1,4.0
Primorsko-goranska županija,Primorsko-goranska županija,Administrative Region,Croatia,55100,12100,6600,6900,1,4.0
Sisačko-moslavačka županija,Sisačko-moslavačka županija,Administrative Region,Croatia,55100,12100,6600,6900,1,4.0
Splitsko-dalmatinska županija,Splitsko-dalmatinska županija,Administrative Region,Croatia,55100,12100,6600,6900,1,4.0
Varaždinska županija,Varaždinska županija,Administrative Region,Croatia,55100,12100,6600,6900,1,4.0
Virovitičko-podravska županija,Virovitičko-podravska županija,Administrative Region,Croatia,55100,12100,6600,6900,1,4.0
Vukovarsko-srijemska županija,Vukovarsko-srijemska županija,Administrative Region,Croatia,55100,12100,6600,6900,1,4.0
Zadarska županija,Zadarska županija,Administrative Region,Croatia,55100,12100,6600,6900,1,4.0
Zagrebačka županija,Zagrebačka županija,Administrative Region,Croatia,55100,12100,6600,6900,1,4.0
Šibensko-kninska županija,Šibensko-kninska županija,Administrative Region,Croatia,55100,12100,6600,6900,1,4.0
Zagreb,Zagreb,Capital City,Croatia,70600,15550,8450,8800,2,4.4
Croatia,Croatia,Country,Croatia,72100,15850,8650,9100,3,4.1
Dubrovnik Old Town,Dubrovnik,Historic Site,Croatia,77400,17050,9300,9800,1,4.7
Plitvice Lakes,Plitvice,National Park,Croatia,81400,17900,9750,10200,1,4.7
Bjelovarsko-Bilogorska Zupanija,Bjelovarsko-Bilogorska Zupanija,State/Province,Croatia,55800,12300,6700,6900,1,4.0
Brodsko-Posavska Zupanija,Brodsko-Posavska Zupanija,State/Province,Croatia,55800,12300,6700,6900,1,4.0
Dubrovacko-Neretvanska Zupanija,Dubrovacko-Neretvanska Zupanija,State/Province,Croatia,55800,12300,6700,6900,1,4.0
Grad Zagreb,Grad Zagreb,State/Province,Croatia,55800,12300,6700,6900,1,4.0
Istarska Zupanija,Istarska Zupanija,State/Province,Croatia,55800,12300,6700,6900,1,4.0
Karlovacka Zupanija,Karlovacka Zupanija,State/Province,Croatia,55800,12300,6700,6900,1,4.0
Koprivnicko-Krizevacka Zupanija,Koprivnicko-Krizevacka Zupanija,State/Province,Croatia,55800,12300,6700,6900,1,4.0
Krapinsko-Zagorska Zupanija,Krapinsko-Zagorska Zupanija,State/Province,Croatia,55800,12300,6700,6900,1,4.0
Licko-Senjska Zupanija,Licko-Senjska Zupanija,State/Province,Croatia,55800,12300,6700,6900,1,4.0
Medimurska Zupanija,Medimurska Zupanija,State/Province,Croatia,55800,12300,6700,6900,1,4.0
Osjecko-Baranjska Zupanija,Osjecko-Baranjska Zupanija,State/Province,Croatia,55800,12300,6700,6900,1,4.0
Pozesko-Slavonska Zupanija,Pozesko-Slavonska Zupanija,State/Province,Croatia,55800,12300,6700,6900,1,4.0
Primorsko-Goranska Zupanija,Primorsko-Goranska Zupanija,State/Province,Croatia,55800,12300,6700,6900,1,4.0
Sibensko-Kninska Zupanija,Sibensko-Kninska Zupanija,State/Province,Croatia,55800,12300,6700,6900,1,4.0
Sisacko-Moslavacka Zupanija,Sisacko-Moslavacka Zupanija,State/Province,Croatia,55800,12300,6700,6900,1,4.0
Splitsko-Dalmatinska Zupanija,Splitsko-Dalmatinska Zupanija,State/Province,Croatia,55800,12300,6700,6900,1,4.0
Varazdinska Zupanija,Varazdinska Zupanija,State/Province,Croatia,55800,12300,6700,6900,1,4.0
Viroviticko-Podravska Zupanija,Viroviticko-Podravska Zupanija,State/Province,Croatia,55800,12300,6700,6900,1,4.0
Vukovarsko-Srijemska Zupanija,Vukovarsko-Srijemska Zupanija,State/Province,Croatia,55800,12300,6700,6900,1,4.0
Zadarska Zupanija,Zadarska Zupanija,State/Province,Croatia,55800,12300,6700,6900,1,4.0
Zagreb,Zagreb,State/Province,Croatia,55800,12300,6700,6900,1,4.0
Zagrebacka Zupanija,Zagrebacka Zupanija,State/Province,Croatia,55800,12300,6700,6900,1,4.0
Isla de la Juventud,Isla de la Juventud,Administrative Region,Cuba,79200,17400,9500,8900,1,4.0
Havana,Havana,Capital City,Cuba,87500,19250,10500,9400,2,4.4
Cuba,Cuba,Country,Cuba,89000,19600,10700,9600,3,4.1
Artemisa,Artemisa,State/Province,Cuba,81000,17800,9700,9000,1,4.0
Camaguey,Camaguey,State/Province,Cuba,81000,17800,9700,9000,1,4.0
Camagüey,Camagüey,State/Province,Cuba,81000,17800,9700,9000,1,4.0
Ciego de Avila,Ciego de Avila,State/Province,Cuba,81000,17800,9700,9000,1,4.0
Ciego de Ávila,Ciego de Ávila,State/Province,Cuba,81000,17800,9700,9000,1,4.0
Cienfuegos,Cienfuegos,State/Province,Cuba,81000,17800,9700,9000,1,4.0
Ciudad de La Habana,Ciudad de La Habana,State/Province,Cuba,81000,17800,9700,9000,1,4.0
Granma,Granma,State/Province,Cuba,81000,17800,9700,9000,1,4.0
Guantanamo,Guantanamo,State/Province,Cuba,81000,17800,9700,9000,1,4.0
Guantánamo,Guantánamo,State/Province,Cuba,81000,17800,9700,9000,1,4.0
Holguin,Holguin,State/Province,Cuba,81000,17800,9700,9000,1,4.0
Holguín,Holguín,State/Province,Cuba,81000,17800,9700,9000,1,4.0
Isla de la Juventud,Isla de la Juventud,State/Province,Cuba,81000,17800,9700,9000,1,4.0
La Habana,La Habana,State/Province,Cuba,81000,17800,9700,9000,1,4.0
Las Tunas,Las Tunas,State/Province,Cuba,81000,17800,9700,9000,1,4.0
Matanzas,Matanzas,State/Province,Cuba,81000,17800,9700,9000,1,4.0
Mayabeque,Mayabeque,State/Province,Cuba,81000,17800,9700,9000,1,4.0
Pinar del Rio,Pinar del Rio,State/Province,Cuba,81000,17800,9700,9000,1,4.0
Pinar del Río,Pinar del Río,State/Province,Cuba,81000,17800,9700,9000,1,4.0
Sancti Spiritus,Sancti Spiritus,State/Province,Cuba,81000,17800,9700,9000,1,4.0
Sancti Spíritus,Sancti Spíritus,State/Province,Cuba,81000,17800,9700,9000,1,4.0
Santiago de Cuba,Santiago de Cuba,State/Province,Cuba,81000,17800,9700,9000,1,4.0
Villa Clara,Villa Clara,State/Province,Cuba,81000,17800,9700,9000,1,4.0
Curaçao,Curaçao,Country,Curaçao,70200,15450,8400,7500,3,4.1
Ammochostos,Ammochostos,Administrative Region,Cyprus,59500,13100,7150,7500,1,4.0
Baf,Baf,Administrative Region,Cyprus,59500,13100,7150,7500,1,4.0
Girne,Girne,Administrative Region,Cyprus,59500,13100,7150,7500,1,4.0
Larnaka,Larnaka,Administrative Region,Cyprus,59500,13100,7150,7500,1,4.0
Lefkosia,Lefkosia,Administrative Region,Cyprus,59500,13100,7150,7500,1,4.0
Lemesos,Lemesos,Administrative Region,Cyprus,59500,13100,7150,7500,1,4.0
Nicosia,Nicosia,Capital City,Cyprus,75100,16500,9000,9500,2,4.4
Cyprus,Cyprus,Country,Cyprus,65200,14350,7800,8000,3,4.1
Famagusta,Famagusta,State/Province,Cyprus,60200,13250,7200,7500,1,4.0
Kyrenia,Kyrenia,State/Province,Cyprus,60200,13250,7200,7500,1,4.0
Larnaca,Larnaca,State/Province,Cyprus,60200,13250,7200,7500,1,4.0
Limassol,Limassol,State/Province,Cyprus,60200,13250,7200,7500,1,4.0
Nicosia,Nicosia,State/Province,Cyprus,60200,13250,7200,7500,1,4.0
Paphos,Paphos,State/Province,Cyprus,60200,13250,7200,7500,1,4.0
Old Town Square,Prague,Attraction,Czech Republic,52000,999999,999999,8500,0.3,4.8
Prague,Prague,City,Czech Republic,52000,999999,999999,8500,3,4.7
Prague Castle,Prague,Historical,Czech Republic,52000,999999,999999,8500,0.6,4.8
Charles Bridge,Prague,Monument,Czech Republic,52000,999999,999999,8500,0.2,4.9
Brnensky,Brnensky,State/Province,Czech Republic,60300,13250,7250,7600,1,4.0
Budejovicky,Budejovicky,State/Province,Czech Republic,60300,13250,7250,7600,1,4.0
Jihlavsky,Jihlavsky,State/Province,Czech Republic,60300,13250,7250,7600,1,4.0
Karlovarsky,Karlovarsky,State/Province,Czech Republic,60300,13250,7250,7600,1,4.0
Kralovehradecky,Kralovehradecky,State/Province,Czech Republic,60300,13250,7250,7600,1,4.0
Liberecky,Liberecky,State/Province,Czech Republic,60300,13250,7250,7600,1,4.0
Olomoucky,Olomoucky,State/Province,Czech Republic,60300,13250,7250,7600,1,4.0
Ostravsky,Ostravsky,State/Province,Czech Republic,60300,13250,7250,7600,1,4.0
Pardubicky,Pardubicky,State/Province,Czech Republic,60300,13250,7250,7600,1,4.0
Plzensky,Plzensky,State/Province,Czech Republic,60300,13250,7250,7600,1,4.0
Praha,Praha,State/Province,Czech Republic,60300,13250,7250,7600,1,4.0
Stredocesky,Stredocesky,State/Province,Czech Republic,60300,13250,7250,7600,1,4.0
Ustecky,Ustecky,State/Province,Czech Republic,60300,13250,7250,7600,1,4.0
Zlinsky,Zlinsky,State/Province,Czech Republic,60300,13250,7250,7600,1,4.0
Benešov,Benešov,Administrative Region,Czechia,49700,10950,5950,5100,1,4.0
Beroun,Beroun,Administrative Region,Czechia,49700,10950,5950,5100,1,4.0
Blansko,Blansko,Administrative Region,Czechia,49700,10950,5950,5100,1,4.0
Brno-město,Brno-město,Administrative Region,Czechia,49700,10950,5950,5100,1,4.0
Brno-venkov,Brno-venkov,Administrative Region,Czechia,49700,10950,5950,5100,1,4.0
Bruntál,Bruntál,Administrative Region,Czechia,49700,10950,5950,5100,1,4.0
Břeclav,Břeclav,Administrative Region,Czechia,49700,10950,5950,5100,1,4.0
Cheb,Cheb,Administrative Region,Czechia,49700,10950,5950,5100,1,4.0
Chomutov,Chomutov,Administrative Region,Czechia,49700,10950,5950,5100,1,4.0
Chrudim,Chrudim,Administrative Region,Czechia,49700,10950,5950,5100,1,4.0
Domažlice,Domažlice,Administrative Region,Czechia,49700,10950,5950,5100,1,4.0
Děčín,Děčín,Administrative Region,Czechia,49700,10950,5950,5100,1,4.0
Frýdek-Místek,Frýdek-Místek,Administrative Region,Czechia,49700,10950,5950,5100,1,4.0
Havlíčkův Brod,Havlíčkův Brod,Administrative Region,Czechia,49700,10950,5950,5100,1,4.0
Hodonín,Hodonín,Administrative Region,Czechia,49700,10950,5950,5100,1,4.0
Hradec Králové,Hradec Králové,Administrative Region,Czechia,49700,10950,5950,5100,1,4.0
Jablonec nad Nisou,Jablonec nad Nisou,Administrative Region,Czechia,49700,10950,5950,5100,1,4.0
Jeseník,Jeseník,Administrative Region,Czechia,49700,10950,5950,5100,1,4.0
Jihlava,Jihlava,Administrative Region,Czechia,49700,10950,5950,5100,1,4.0
Jihomoravský kraj,Jihomoravský kraj,Administrative Region,Czechia,49700,10950,5950,5100,1,4.0
Jihočeský kraj,Jihočeský kraj,Administrative Region,Czechia,49700,10950,5950,5100,1,4.0
Jindřichův Hradec,Jindřichův Hradec,Administrative Region,Czechia,49700,10950,5950,5100,1,4.0
Jičín,Jičín,Administrative Region,Czechia,49700,10950,5950,5100,1,4.0
Karlovarský kraj,Karlovarský kraj,Administrative Region,Czechia,49700,10950,5950,5100,1,4.0
Karlovy Vary,Karlovy Vary,Administrative Region,Czechia,49700,10950,5950,5100,1,4.0
Karviná,Karviná,Administrative Region,Czechia,49700,10950,5950,5100,1,4.0
Kladno,Kladno,Administrative Region,Czechia,49700,10950,5950,5100,1,4.0
Klatovy,Klatovy,Administrative Region,Czechia,49700,10950,5950,5100,1,4.0
Kolín,Kolín,Administrative Region,Czechia,49700,10950,5950,5100,1,4.0
Kraj Vysočina,Kraj Vysočina,Administrative Region,Czechia,49700,10950,5950,5100,1,4.0
Kroměříž,Kroměříž,Administrative Region,Czechia,49700,10950,5950,5100,1,4.0
Královéhradecký kraj,Královéhradecký kraj,Administrative Region,Czechia,49700,10950,5950,5100,1,4.0
Kutná Hora,Kutná Hora,Administrative Region,Czechia,49700,10950,5950,5100,1,4.0
Liberec,Liberec,Administrative Region,Czechia,49700,10950,5950,5100,1,4.0
Liberecký kraj,Liberecký kraj,Administrative Region,Czechia,49700,10950,5950,5100,1,4.0
Litoměřice,Litoměřice,Administrative Region,Czechia,49700,10950,5950,5100,1,4.0
Louny,Louny,Administrative Region,Czechia,49700,10950,5950,5100,1,4.0
Mladá Boleslav,Mladá Boleslav,Administrative Region,Czechia,49700,10950,5950,5100,1,4.0
Moravskoslezský kraj,Moravskoslezský kraj,Administrative Region,Czechia,49700,10950,5950,5100,1,4.0
Most,Most,Administrative Region,Czechia,49700,10950,5950,5100,1,4.0
Mělník,Mělník,Administrative Region,Czechia,49700,10950,5950,5100,1,4.0
Nový Jičín,Nový Jičín,Administrative Region,Czechia,49700,10950,5950,5100,1,4.0
Nymburk,Nymburk,Administrative Region,Czechia,49700,10950,5950,5100,1,4.0
Náchod,Náchod,Administrative Region,Czechia,49700,10950,5950,5100,1,4.0
Olomouc,Olomouc,Administrative Region,Czechia,49700,10950,5950,5100,1,4.0
Olomoucký kraj,Olomoucký kraj,Administrative Region,Czechia,49700,10950,5950,5100,1,4.0
Opava,Opava,Administrative Region,Czechia,49700,10950,5950,5100,1,4.0
Ostrava-město,Ostrava-město,Administrative Region,Czechia,49700,10950,5950,5100,1,4.0
Pardubice,Pardubice,Administrative Region,Czechia,49700,10950,5950,5100,1,4.0
Pardubický kraj,Pardubický kraj,Administrative Region,Czechia,49700,10950,5950,5100,1,4.0
Pelhřimov,Pelhřimov,Administrative Region,Czechia,49700,10950,5950,5100,1,4.0
Plzeň-jih,Plzeň-jih,Administrative Region,Czechia,49700,10950,5950,5100,1,4.0
Plzeň-město,Plzeň-město,Administrative Region,Czechia,49700,10950,5950,5100,1,4.0
Plzeň-sever,Plzeň-sever,Administrative Region,Czechia,49700,10950,5950,5100,1,4.0
Plzeňský kraj,Plzeňský kraj,Administrative Region,Czechia,49700,10950,5950,5100,1,4.0
Prachatice,Prachatice,Administrative Region,Czechia,49700,10950,5950,5100,1,4.0
Praha-východ,Praha-východ,Administrative Region,Czechia,49700,10950,5950,5100,1,4.0
Praha-západ,Praha-západ,Administrative Region,Czechia,49700,10950,5950,5100,1,4.0
Prostějov,Prostějov,Administrative Region,Czechia,49700,10950,5950,5100,1,4.0
Písek,Písek,Administrative Region,Czechia,49700,10950,5950,5100,1,4.0
Přerov,Přerov,Administrative Region,Czechia,49700,10950,5950,5100,1,4.0
Příbram,Příbram,Administrative Region,Czechia,49700,10950,5950,5100,1,4.0
Rakovník,Rakovník,Administrative Region,Czechia,49700,10950,5950,5100,1,4.0
Rokycany,Rokycany,Administrative Region,Czechia,49700,10950,5950,5100,1,4.0
Rychnov nad Kněžnou,Rychnov nad Kněžnou,Administrative Region,Czechia,49700,10950,5950,5100,1,4.0
Semily,Semily,Administrative Region,Czechia,49700,10950,5950,5100,1,4.0
Sokolov,Sokolov,Administrative Region,Czechia,49700,10950,5950,5100,1,4.0
Strakonice,Strakonice,Administrative Region,Czechia,49700,10950,5950,5100,1,4.0
Středočeský kraj,Středočeský kraj,Administrative Region,Czechia,49700,10950,5950,5100,1,4.0
Svitavy,Svitavy,Administrative Region,Czechia,49700,10950,5950,5100,1,4.0
Tachov,Tachov,Administrative Region,Czechia,49700,10950,5950,5100,1,4.0
Teplice,Teplice,Administrative Region,Czechia,49700,10950,5950,5100,1,4.0
Trutnov,Trutnov,Administrative Region,Czechia,49700,10950,5950,5100,1,4.0
Tábor,Tábor,Administrative Region,Czechia,49700,10950,5950,5100,1,4.0
Třebíč,Třebíč,Administrative Region,Czechia,49700,10950,5950,5100,1,4.0
Uherské Hradiště,Uherské Hradiště,Administrative Region,Czechia,49700,10950,5950,5100,1,4.0
Vsetín,Vsetín,Administrative Region,Czechia,49700,10950,5950,5100,1,4.0
Vyškov,Vyškov,Administrative Region,Czechia,49700,10950,5950,5100,1,4.0
Zlín,Zlín,Administrative Region,Czechia,49700,10950,5950,5100,1,4.0
Zlínský kraj,Zlínský kraj,Administrative Region,Czechia,49700,10950,5950,5100,1,4.0
Znojmo,Znojmo,Administrative Region,Czechia,49700,10950,5950,5100,1,4.0
Ústecký kraj,Ústecký kraj,Administrative Region,Czechia,49700,10950,5950,5100,1,4.0
Ústí nad Labem,Ústí nad Labem,Administrative Region,Czechia,49700,10950,5950,5100,1,4.0
Ústí nad Orlicí,Ústí nad Orlicí,Administrative Region,Czechia,49700,10950,5950,5100,1,4.0
Česká Lípa,Česká Lípa,Administrative Region,Czechia,49700,10950,5950,5100,1,4.0
České Budějovice,České Budějovice,Administrative Region,Czechia,49700,10950,5950,5100,1,4.0
Český Krumlov,Český Krumlov,Administrative Region,Czechia,49700,10950,5950,5100,1,4.0
Šumperk,Šumperk,Administrative Region,Czechia,49700,10950,5950,5100,1,4.0
Žďár nad Sázavou,Žďár nad Sázavou,Administrative Region,Czechia,49700,10950,5950,5100,1,4.0
Prague,Prague,Capital City,Czechia,64300,14150,7700,6600,2,4.4
Czechia,Czechia,Country,Czechia,65800,14500,7900,6900,3,4.1
Prague Castle,Prague,Historic Site,Czechia,70800,15600,8500,7500,1,4.7
Charles Bridge,Prague,Landmark,Czechia,66600,14650,8000,6700,1,4.7
"Praha, Hlavní město","Praha, Hlavní město",State/Province,Czechia,61500,13550,7400,6700,1,4.0
Abidjan,Abidjan,Administrative Region,Côte d'Ivoire,48600,10700,5850,5900,1,4.0
Bas-Sassandra,Bas-Sassandra,Administrative Region,Côte d'Ivoire,48600,10700,5850,5900,1,4.0
Comoé,Comoé,Administrative Region,Côte d'Ivoire,48600,10700,5850,5900,1,4.0
Denguélé,Denguélé,Administrative Region,Côte d'Ivoire,48600,10700,5850,5900,1,4.0
Gôh-Djiboua,Gôh-Djiboua,Administrative Region,Côte d'Ivoire,48600,10700,5850,5900,1,4.0
Lacs,Lacs,Administrative Region,Côte d'Ivoire,48600,10700,5850,5900,1,4.0
Lagunes,Lagunes,Administrative Region,Côte d'Ivoire,48600,10700,5850,5900,1,4.0
Montagnes,Montagnes,Administrative Region,Côte d'Ivoire,48600,10700,5850,5900,1,4.0
Sassandra-Marahoué,Sassandra-Marahoué,Administrative Region,Côte d'Ivoire,48600,10700,5850,5900,1,4.0
Savanes,Savanes,Administrative Region,Côte d'Ivoire,48600,10700,5850,5900,1,4.0
Vallée du Bandama,Vallée du Bandama,Administrative Region,Côte d'Ivoire,48600,10700,5850,5900,1,4.0
Woroba,Woroba,Administrative Region,Côte d'Ivoire,48600,10700,5850,5900,1,4.0
Yamoussoukro,Yamoussoukro,Administrative Region,Côte d'Ivoire,48600,10700,5850,5900,1,4.0
Zanzan,Zanzan,Administrative Region,Côte d'Ivoire,48600,10700,5850,5900,1,4.0
Yamoussoukro,Yamoussoukro,Capital City,Côte d'Ivoire,62200,13700,7450,7600,2,4.4
Côte d'Ivoire,Côte d'Ivoire,Country,Côte d'Ivoire,63700,14000,7650,7800,3,4.1
Bouenza,Bouenza,State/Province,Democratic Republic of the Congo,47100,10350,5650,5600,1,4.0
Brazzaville,Brazzaville,State/Province,Democratic Republic of the Congo,47100,10350,5650,5600,1,4.0
Cuvette,Cuvette,State/Province,Democratic Republic of the Congo,47100,10350,5650,5600,1,4.0
Kouilou,Kouilou,State/Province,Democratic Republic of the Congo,47100,10350,5650,5600,1,4.0
Lekoumou,Lekoumou,State/Province,Democratic Republic of the Congo,47100,10350,5650,5600,1,4.0
Likouala,Likouala,State/Province,Democratic Republic of the Congo,47100,10350,5650,5600,1,4.0
Niari,Niari,State/Province,Democratic Republic of the Congo,47100,10350,5650,5600,1,4.0
Plateaux,Plateaux,State/Province,Democratic Republic of the Congo,47100,10350,5650,5600,1,4.0
Pool,Pool,State/Province,Democratic Republic of the Congo,47100,10350,5650,5600,1,4.0
Sangha,Sangha,State/Province,Democratic Republic of the Congo,47100,10350,5650,5600,1,4.0
Hovedstaden,Hovedstaden,Administrative Region,Denmark,54900,12100,6600,6800,1,4.0
Midtjylland,Midtjylland,Administrative Region,Denmark,54900,12100,6600,6800,1,4.0
Nordjylland,Nordjylland,Administrative Region,Denmark,54900,12100,6600,6800,1,4.0
Sjælland,Sjælland,Administrative Region,Denmark,54900,12100,6600,6800,1,4.0
Syddanmark,Syddanmark,Administrative Region,Denmark,54900,12100,6600,6800,1,4.0
Nyhavn,Copenhagen,Attraction,Denmark,54000,999999,999999,12500,0.4,4.8
Copenhagen,Copenhagen,Capital City,Denmark,70500,15500,8450,8800,2,4.4
Copenhagen,Copenhagen,City,Denmark,54000,999999,999999,12500,3,4.7
Denmark,Denmark,Country,Denmark,72000,15850,8650,9100,3,4.1
Rosenborg Castle,Copenhagen,Historical,Denmark,54000,999999,999999,12500,0.4,4.6
Copenhagen Nyhavn,Copenhagen,Landmark,Denmark,73300,16150,8800,9100,1,4.7
Tivoli Gardens,Copenhagen,Leisure,Denmark,54000,999999,999999,12500,0.6,4.7
The Little Mermaid,Copenhagen,Monument,Denmark,54000,999999,999999,12500,0.2,4.2
Arhus,Arhus,State/Province,Denmark,55700,12250,6700,6900,1,4.0
Bornholm,Bornholm,State/Province,Denmark,55700,12250,6700,6900,1,4.0
Fredericksberg,Fredericksberg,State/Province,Denmark,55700,12250,6700,6900,1,4.0
Frederiksborg,Frederiksborg,State/Province,Denmark,55700,12250,6700,6900,1,4.0
Fyn,Fyn,State/Province,Denmark,55700,12250,6700,6900,1,4.0
Kobenhavn,Kobenhavn,State/Province,Denmark,55700,12250,6700,6900,1,4.0
Kobenhavns,Kobenhavns,State/Province,Denmark,55700,12250,6700,6900,1,4.0
Nordjylland,Nordjylland,State/Province,Denmark,55700,12250,6700,6900,1,4.0
Ribe,Ribe,State/Province,Denmark,55700,12250,6700,6900,1,4.0
Ringkobing,Ringkobing,State/Province,Denmark,55700,12250,6700,6900,1,4.0
Roskilde,Roskilde,State/Province,Denmark,55700,12250,6700,6900,1,4.0
Sonderjylland,Sonderjylland,State/Province,Denmark,55700,12250,6700,6900,1,4.0
Storstrom,Storstrom,State/Province,Denmark,55700,12250,6700,6900,1,4.0
Vejle,Vejle,State/Province,Denmark,55700,12250,6700,6900,1,4.0
Vestsjalland,Vestsjalland,State/Province,Denmark,55700,12250,6700,6900,1,4.0
Viborg,Viborg,State/Province,Denmark,55700,12250,6700,6900,1,4.0
Ali Sabieh,Ali Sabieh,Administrative Region,Djibouti,49200,10800,5900,6000,1,4.0
Arta,Arta,Administrative Region,Djibouti,49200,10800,5900,6000,1,4.0
Dikhil,Dikhil,Administrative Region,Djibouti,49200,10800,5900,6000,1,4.0
Obock,Obock,Administrative Region,Djibouti,49200,10800,5900,6000,1,4.0
Tadjourah,Tadjourah,Administrative Region,Djibouti,49200,10800,5900,6000,1,4.0
Djibouti,Djibouti,Capital City,Djibouti,62800,13800,7550,7700,2,4.4
Djibouti,Djibouti,Country,Djibouti,64300,14150,7700,7900,3,4.1
'Ali Sabih,'Ali Sabih,State/Province,Djibouti,49500,10900,5950,5900,1,4.0
Dikhil,Dikhil,State/Province,Djibouti,49500,10900,5950,5900,1,4.0
Djibouti,Djibouti,State/Province,Djibouti,49500,10900,5950,5900,1,4.0
Obock,Obock,State/Province,Djibouti,49500,10900,5950,5900,1,4.0
Tadjoura,Tadjoura,State/Province,Djibouti,49500,10900,5950,5900,1,4.0
Saint Andrew,Saint Andrew,Administrative Region,Dominica,70700,15550,8500,7600,1,4.0
Saint David,Saint David,Administrative Region,Dominica,70700,15550,8500,7600,1,4.0
Saint George,Saint George,Administrative Region,Dominica,70700,15550,8500,7600,1,4.0
Saint John,Saint John,Administrative Region,Dominica,70700,15550,8500,7600,1,4.0
Saint Joseph,Saint Joseph,Administrative Region,Dominica,70700,15550,8500,7600,1,4.0
Saint Luke,Saint Luke,Administrative Region,Dominica,70700,15550,8500,7600,1,4.0
Saint Mark,Saint Mark,Administrative Region,Dominica,70700,15550,8500,7600,1,4.0
Saint Patrick,Saint Patrick,Administrative Region,Dominica,70700,15550,8500,7600,1,4.0
Saint Paul,Saint Paul,Administrative Region,Dominica,70700,15550,8500,7600,1,4.0
Saint Peter,Saint Peter,Administrative Region,Dominica,70700,15550,8500,7600,1,4.0
Roseau,Roseau,Capital City,Dominica,90300,19850,10850,9800,2,4.4
Dominica,Dominica,Country,Dominica,91800,20200,11000,10000,3,4.1
Saint Andrew,Saint Andrew,State/Province,Dominica,72500,15950,8700,7700,1,4.0
Saint David,Saint David,State/Province,Dominica,72500,15950,8700,7700,1,4.0
Saint George,Saint George,State/Province,Dominica,72500,15950,8700,7700,1,4.0
Saint John,Saint John,State/Province,Dominica,72500,15950,8700,7700,1,4.0
Saint Joseph,Saint Joseph,State/Province,Dominica,72500,15950,8700,7700,1,4.0
Saint Luke,Saint Luke,State/Province,Dominica,72500,15950,8700,7700,1,4.0
Saint Mark,Saint Mark,State/Province,Dominica,72500,15950,8700,7700,1,4.0
Saint Patrick,Saint Patrick,State/Province,Dominica,72500,15950,8700,7700,1,4.0
Saint Paul,Saint Paul,State/Province,Dominica,72500,15950,8700,7700,1,4.0
Saint Peter,Saint Peter,State/Province,Dominica,72500,15950,8700,7700,1,4.0
Cibao Nordeste,Cibao Nordeste,Administrative Region,Dominican Republic,77900,17150,9350,8700,1,4.0
Cibao Noroeste,Cibao Noroeste,Administrative Region,Dominican Republic,77900,17150,9350,8700,1,4.0
Cibao Norte,Cibao Norte,Administrative Region,Dominican Republic,77900,17150,9350,8700,1,4.0
Cibao Sur,Cibao Sur,Administrative Region,Dominican Republic,77900,17150,9350,8700,1,4.0
Distrito Nacional (Santo Domingo),Distrito Nacional (Santo Domingo),Administrative Region,Dominican Republic,77900,17150,9350,8700,1,4.0
El Valle,El Valle,Administrative Region,Dominican Republic,77900,17150,9350,8700,1,4.0
Enriquillo,Enriquillo,Administrative Region,Dominican Republic,77900,17150,9350,8700,1,4.0
Higuamo,Higuamo,Administrative Region,Dominican Republic,77900,17150,9350,8700,1,4.0
Ozama,Ozama,Administrative Region,Dominican Republic,77900,17150,9350,8700,1,4.0
Valdesia,Valdesia,Administrative Region,Dominican Republic,77900,17150,9350,8700,1,4.0
Yuma,Yuma,Administrative Region,Dominican Republic,77900,17150,9350,8700,1,4.0
Santo Domingo,Santo Domingo,Capital City,Dominican Republic,86200,18950,10350,9200,2,4.4
Dominican Republic,Dominican Republic,Country,Dominican Republic,87700,19300,10500,9400,3,4.1
Azua,Azua,State/Province,Dominican Republic,79700,17550,9550,8800,1,4.0
Baoruco,Baoruco,State/Province,Dominican Republic,79700,17550,9550,8800,1,4.0
Barahona,Barahona,State/Province,Dominican Republic,79700,17550,9550,8800,1,4.0
Dajabon,Dajabon,State/Province,Dominican Republic,79700,17550,9550,8800,1,4.0
Dajabón,Dajabón,State/Province,Dominican Republic,79700,17550,9550,8800,1,4.0
Distrito Nacional,Distrito Nacional,State/Province,Dominican Republic,79700,17550,9550,8800,1,4.0
Duarte,Duarte,State/Province,Dominican Republic,79700,17550,9550,8800,1,4.0
El Seibo,El Seibo,State/Province,Dominican Republic,79700,17550,9550,8800,1,4.0
Elias Pina,Elias Pina,State/Province,Dominican Republic,79700,17550,9550,8800,1,4.0
Elías Piña,Elías Piña,State/Province,Dominican Republic,79700,17550,9550,8800,1,4.0
Espaillat,Espaillat,State/Province,Dominican Republic,79700,17550,9550,8800,1,4.0
Hato Mayor,Hato Mayor,State/Province,Dominican Republic,79700,17550,9550,8800,1,4.0
Hermanas Mirabal,Hermanas Mirabal,State/Province,Dominican Republic,79700,17550,9550,8800,1,4.0
Independencia,Independencia,State/Province,Dominican Republic,79700,17550,9550,8800,1,4.0
La Altagracia,La Altagracia,State/Province,Dominican Republic,79700,17550,9550,8800,1,4.0
La Romana,La Romana,State/Province,Dominican Republic,79700,17550,9550,8800,1,4.0
La Vega,La Vega,State/Province,Dominican Republic,79700,17550,9550,8800,1,4.0
Maria Trinidad Sanchez,Maria Trinidad Sanchez,State/Province,Dominican Republic,79700,17550,9550,8800,1,4.0
María Trinidad Sánchez,María Trinidad Sánchez,State/Province,Dominican Republic,79700,17550,9550,8800,1,4.0
Monsenor Nouel,Monsenor Nouel,State/Province,Dominican Republic,79700,17550,9550,8800,1,4.0
Monseñor Nouel,Monseñor Nouel,State/Province,Dominican Republic,79700,17550,9550,8800,1,4.0
Monte Cristi,Monte Cristi,State/Province,Dominican Republic,79700,17550,9550,8800,1,4.0
Monte Plata,Monte Plata,State/Province,Dominican Republic,79700,17550,9550,8800,1,4.0
Pedernales,Pedernales,State/Province,Dominican Republic,79700,17550,9550,8800,1,4.0
Peravia,Peravia,State/Province,Dominican Republic,79700,17550,9550,8800,1,4.0
Puerto Plata,Puerto Plata,State/Province,Dominican Republic,79700,17550,9550,8800,1,4.0
Salcedo,Salcedo,State/Province,Dominican Republic,79700,17550,9550,8800,1,4.0
Samana,Samana,State/Province,Dominican Republic,79700,17550,9550,8800,1,4.0
Samaná,Samaná,State/Province,Dominican Republic,79700,17550,9550,8800,1,4.0
San Cristobal,San Cristobal,State/Province,Dominican Republic,79700,17550,9550,8800,1,4.0
San Cristóbal,San Cristóbal,State/Province,Dominican Republic,79700,17550,9550,8800,1,4.0
San José de Ocoa,San José de Ocoa,State/Province,Dominican Republic,79700,17550,9550,8800,1,4.0
San Juan,San Juan,State/Province,Dominican Republic,79700,17550,9550,8800,1,4.0
San Pedro de Macoris,San Pedro de Macoris,State/Province,Dominican Republic,79700,17550,9550,8800,1,4.0
San Pedro de Macorís,San Pedro de Macorís,State/Province,Dominican Republic,79700,17550,9550,8800,1,4.0
Sanchez Ramirez,Sanchez Ramirez,State/Province,Dominican Republic,79700,17550,9550,8800,1,4.0
Santiago,Santiago,State/Province,Dominican Republic,79700,17550,9550,8800,1,4.0
Santiago Rodriguez,Santiago Rodriguez,State/Province,Dominican Republic,79700,17550,9550,8800,1,4.0
Santiago Rodríguez,Santiago Rodríguez,State/Province,Dominican Republic,79700,17550,9550,8800,1,4.0
Santo Domingo,Santo Domingo,State/Province,Dominican Republic,79700,17550,9550,8800,1,4.0
Sánchez Ramírez,Sánchez Ramírez,State/Province,Dominican Republic,79700,17550,9550,8800,1,4.0
Valverde,Valverde,State/Province,Dominican Republic,79700,17550,9550,8800,1,4.0
Tobago,Tobago,State/Province,East Timor,31200,6850,3750,5100,1,4.0
Quito,Quito,Capital City,Ecuador,90600,19950,10850,9800,2,4.4
Ecuador,Ecuador,Country,Ecuador,92100,20250,11050,10100,3,4.1
Galápagos Islands,Galápagos,Island/Territory,Ecuador,110400,24300,13250,11900,1,4.7
Azuay,Azuay,State/Province,Ecuador,72800,16000,8750,7700,1,4.0
Bolivar,Bolivar,State/Province,Ecuador,72800,16000,8750,7700,1,4.0
Bolívar,Bolívar,State/Province,Ecuador,72800,16000,8750,7700,1,4.0
Canar,Canar,State/Province,Ecuador,72800,16000,8750,7700,1,4.0
Carchi,Carchi,State/Province,Ecuador,72800,16000,8750,7700,1,4.0
Cañar,Cañar,State/Province,Ecuador,72800,16000,8750,7700,1,4.0
Chimborazo,Chimborazo,State/Province,Ecuador,72800,16000,8750,7700,1,4.0
Cotopaxi,Cotopaxi,State/Province,Ecuador,72800,16000,8750,7700,1,4.0
El Oro,El Oro,State/Province,Ecuador,72800,16000,8750,7700,1,4.0
Esmeraldas,Esmeraldas,State/Province,Ecuador,72800,16000,8750,7700,1,4.0
Galapagos,Galapagos,State/Province,Ecuador,72800,16000,8750,7700,1,4.0
Galápagos,Galápagos,State/Province,Ecuador,72800,16000,8750,7700,1,4.0
Guayas,Guayas,State/Province,Ecuador,72800,16000,8750,7700,1,4.0
Imbabura,Imbabura,State/Province,Ecuador,72800,16000,8750,7700,1,4.0
Loja,Loja,State/Province,Ecuador,72800,16000,8750,7700,1,4.0
Los Rios,Los Rios,State/Province,Ecuador,72800,16000,8750,7700,1,4.0
Los Ríos,Los Ríos,State/Province,Ecuador,72800,16000,8750,7700,1,4.0
Manabi,Manabi,State/Province,Ecuador,72800,16000,8750,7700,1,4.0
Manabí,Manabí,State/Province,Ecuador,72800,16000,8750,7700,1,4.0
Morona Santiago,Morona Santiago,State/Province,Ecuador,72800,16000,8750,7700,1,4.0
Morona-Santiago,Morona-Santiago,State/Province,Ecuador,72800,16000,8750,7700,1,4.0
Napo,Napo,State/Province,Ecuador,72800,16000,8750,7700,1,4.0
Orellana,Orellana,State/Province,Ecuador,72800,16000,8750,7700,1,4.0
Pastaza,Pastaza,State/Province,Ecuador,72800,16000,8750,7700,1,4.0
Pichincha,Pichincha,State/Province,Ecuador,72800,16000,8750,7700,1,4.0
Santa Elena,Santa Elena,State/Province,Ecuador,72800,16000,8750,7700,1,4.0
Santo Domingo de los Tsáchilas,Santo Domingo de los Tsáchilas,State/Province,Ecuador,72800,16000,8750,7700,1,4.0
Sucumbios,Sucumbios,State/Province,Ecuador,72800,16000,8750,7700,1,4.0
Sucumbíos,Sucumbíos,State/Province,Ecuador,72800,16000,8750,7700,1,4.0
Tungurahua,Tungurahua,State/Province,Ecuador,72800,16000,8750,7700,1,4.0
Zamora Chinchipe,Zamora Chinchipe,State/Province,Ecuador,72800,16000,8750,7700,1,4.0
Zamora-Chinchipe,Zamora-Chinchipe,State/Province,Ecuador,72800,16000,8750,7700,1,4.0
Cairo,Cairo,Capital City,Egypt,62200,13700,7450,7600,2,4.4
Cairo,Cairo,City,Egypt,45000,999999,999999,6000,3,4.5
Egypt,Egypt,Country,Egypt,63700,14000,7650,7800,3,4.1
Abu Simbel,Aswan,Historic Site,Egypt,68500,15050,8200,8400,1,4.7
Pyramids of Giza,Giza,Historic Site,Egypt,68500,15050,8200,8400,1,4.7
Valley of the Kings,Luxor,Historic Site,Egypt,68500,15050,8200,8400,1,4.7
Pyramids of Giza,Cairo,Historical,Egypt,45000,999999,999999,6000,0.6,4.9
Egyptian Museum,Cairo,Museum,Egypt,45000,999999,999999,6000,0.4,4.7
Ad Daqahliyah,Ad Daqahliyah,State/Province,Egypt,48900,10750,5850,5800,1,4.0
Ad Daqahlīyah,Ad Daqahlīyah,State/Province,Egypt,48900,10750,5850,5800,1,4.0
Al Bahr al Ahmar,Al Bahr al Ahmar,State/Province,Egypt,48900,10750,5850,5800,1,4.0
Al Baḩr al Aḩmar,Al Baḩr al Aḩmar,State/Province,Egypt,48900,10750,5850,5800,1,4.0
Al Buhayrah,Al Buhayrah,State/Province,Egypt,48900,10750,5850,5800,1,4.0
Al Buḩayrah,Al Buḩayrah,State/Province,Egypt,48900,10750,5850,5800,1,4.0
Al Fayyum,Al Fayyum,State/Province,Egypt,48900,10750,5850,5800,1,4.0
Al Fayyūm,Al Fayyūm,State/Province,Egypt,48900,10750,5850,5800,1,4.0
Al Gharbiyah,Al Gharbiyah,State/Province,Egypt,48900,10750,5850,5800,1,4.0
Al Gharbīyah,Al Gharbīyah,State/Province,Egypt,48900,10750,5850,5800,1,4.0
Al Iskandariyah,Al Iskandariyah,State/Province,Egypt,48900,10750,5850,5800,1,4.0
Al Iskandarīyah,Al Iskandarīyah,State/Province,Egypt,48900,10750,5850,5800,1,4.0
Al Isma'iliyah,Al Isma'iliyah,State/Province,Egypt,48900,10750,5850,5800,1,4.0
Al Ismā'īlīyah,Al Ismā'īlīyah,State/Province,Egypt,48900,10750,5850,5800,1,4.0
Al Jizah,Al Jizah,State/Province,Egypt,48900,10750,5850,5800,1,4.0
Al Jīzah,Al Jīzah,State/Province,Egypt,48900,10750,5850,5800,1,4.0
Al Minufiyah,Al Minufiyah,State/Province,Egypt,48900,10750,5850,5800,1,4.0
Al Minya,Al Minya,State/Province,Egypt,48900,10750,5850,5800,1,4.0
Al Minyā,Al Minyā,State/Province,Egypt,48900,10750,5850,5800,1,4.0
Al Minūfīyah,Al Minūfīyah,State/Province,Egypt,48900,10750,5850,5800,1,4.0
Al Qahirah,Al Qahirah,State/Province,Egypt,48900,10750,5850,5800,1,4.0
Al Qalyubiyah,Al Qalyubiyah,State/Province,Egypt,48900,10750,5850,5800,1,4.0
Al Qalyūbīyah,Al Qalyūbīyah,State/Province,Egypt,48900,10750,5850,5800,1,4.0
Al Qāhirah,Al Qāhirah,State/Province,Egypt,48900,10750,5850,5800,1,4.0
Al Uqşur,Al Uqşur,State/Province,Egypt,48900,10750,5850,5800,1,4.0
Al Wadi al Jadid,Al Wadi al Jadid,State/Province,Egypt,48900,10750,5850,5800,1,4.0
Al Wādī al Jadīd,Al Wādī al Jadīd,State/Province,Egypt,48900,10750,5850,5800,1,4.0
As Suways,As Suways,State/Province,Egypt,48900,10750,5850,5800,1,4.0
Ash Sharqiyah,Ash Sharqiyah,State/Province,Egypt,48900,10750,5850,5800,1,4.0
Ash Sharqīyah,Ash Sharqīyah,State/Province,Egypt,48900,10750,5850,5800,1,4.0
Aswan,Aswan,State/Province,Egypt,48900,10750,5850,5800,1,4.0
Aswān,Aswān,State/Province,Egypt,48900,10750,5850,5800,1,4.0
Asyut,Asyut,State/Province,Egypt,48900,10750,5850,5800,1,4.0
Asyūţ,Asyūţ,State/Province,Egypt,48900,10750,5850,5800,1,4.0
Bani Suwayf,Bani Suwayf,State/Province,Egypt,48900,10750,5850,5800,1,4.0
Banī Suwayf,Banī Suwayf,State/Province,Egypt,48900,10750,5850,5800,1,4.0
Bur Sa'id,Bur Sa'id,State/Province,Egypt,48900,10750,5850,5800,1,4.0
Būr Sa‘īd,Būr Sa‘īd,State/Province,Egypt,48900,10750,5850,5800,1,4.0
Dumyat,Dumyat,State/Province,Egypt,48900,10750,5850,5800,1,4.0
Dumyāţ,Dumyāţ,State/Province,Egypt,48900,10750,5850,5800,1,4.0
Janub Sina',Janub Sina',State/Province,Egypt,48900,10750,5850,5800,1,4.0
Janūb Sīnā',Janūb Sīnā',State/Province,Egypt,48900,10750,5850,5800,1,4.0
Kafr ash Shaykh,Kafr ash Shaykh,State/Province,Egypt,48900,10750,5850,5800,1,4.0
Matruh,Matruh,State/Province,Egypt,48900,10750,5850,5800,1,4.0
Maţrūḩ,Maţrūḩ,State/Province,Egypt,48900,10750,5850,5800,1,4.0
Qina,Qina,State/Province,Egypt,48900,10750,5850,5800,1,4.0
Qinā,Qinā,State/Province,Egypt,48900,10750,5850,5800,1,4.0
Shamal Sina',Shamal Sina',State/Province,Egypt,48900,10750,5850,5800,1,4.0
Shamāl Sīnā',Shamāl Sīnā',State/Province,Egypt,48900,10750,5850,5800,1,4.0
Suhaj,Suhaj,State/Province,Egypt,48900,10750,5850,5800,1,4.0
Sūhāj,Sūhāj,State/Province,Egypt,48900,10750,5850,5800,1,4.0
Ahuachapán,Ahuachapán,Administrative Region,El Salvador,74400,16350,8950,8200,1,4.0
Cabañas,Cabañas,Administrative Region,El Salvador,74400,16350,8950,8200,1,4.0
Chalatenango,Chalatenango,Administrative Region,El Salvador,74400,16350,8950,8200,1,4.0
Cuscatlán,Cuscatlán,Administrative Region,El Salvador,74400,16350,8950,8200,1,4.0
La Libertad,La Libertad,Administrative Region,El Salvador,74400,16350,8950,8200,1,4.0
La Paz,La Paz,Administrative Region,El Salvador,74400,16350,8950,8200,1,4.0
La Unión,La Unión,Administrative Region,El Salvador,74400,16350,8950,8200,1,4.0
Morazán,Morazán,Administrative Region,El Salvador,74400,16350,8950,8200,1,4.0
San Miguel,San Miguel,Administrative Region,El Salvador,74400,16350,8950,8200,1,4.0
San Salvador,San Salvador,Administrative Region,El Salvador,74400,16350,8950,8200,1,4.0
San Vicente,San Vicente,Administrative Region,El Salvador,74400,16350,8950,8200,1,4.0
Santa Ana,Santa Ana,Administrative Region,El Salvador,74400,16350,8950,8200,1,4.0
Sonsonate,Sonsonate,Administrative Region,El Salvador,74400,16350,8950,8200,1,4.0
Usulután,Usulután,Administrative Region,El Salvador,74400,16350,8950,8200,1,4.0
San Salvador,San Salvador,Capital City,El Salvador,94000,20700,11300,10400,2,4.4
El Salvador,El Salvador,Country,El Salvador,95500,21000,11450,10600,3,4.1
Ahuachapan,Ahuachapan,State/Province,El Salvador,76200,16750,9150,8200,1,4.0
Cabanas,Cabanas,State/Province,El Salvador,76200,16750,9150,8200,1,4.0
Chalatenango,Chalatenango,State/Province,El Salvador,76200,16750,9150,8200,1,4.0
Cuscatlan,Cuscatlan,State/Province,El Salvador,76200,16750,9150,8200,1,4.0
La Libertad,La Libertad,State/Province,El Salvador,76200,16750,9150,8200,1,4.0
La Paz,La Paz,State/Province,El Salvador,76200,16750,9150,8200,1,4.0
La Union,La Union,State/Province,El Salvador,76200,16750,9150,8200,1,4.0
Morazan,Morazan,State/Province,El Salvador,76200,16750,9150,8200,1,4.0
San Miguel,San Miguel,State/Province,El Salvador,76200,16750,9150,8200,1,4.0
San Salvador,San Salvador,State/Province,El Salvador,76200,16750,9150,8200,1,4.0
San Vicente,San Vicente,State/Province,El Salvador,76200,16750,9150,8200,1,4.0
Santa Ana,Santa Ana,State/Province,El Salvador,76200,16750,9150,8200,1,4.0
Sonsonate,Sonsonate,State/Province,El Salvador,76200,16750,9150,8200,1,4.0
Usulutan,Usulutan,State/Province,El Salvador,76200,16750,9150,8200,1,4.0
Région Continentale,Région Continentale,Administrative Region,Equatorial Guinea,44000,9700,5300,5200,1,4.0
Région Insulaire,Région Insulaire,Administrative Region,Equatorial Guinea,44000,9700,5300,5200,1,4.0
Malabo,Malabo,Capital City,Equatorial Guinea,57600,12650,6900,6900,2,4.4
Equatorial Guinea,Equatorial Guinea,Country,Equatorial Guinea,59100,13000,7100,7100,3,4.1
Annobon,Annobon,State/Province,Equatorial Guinea,55600,12250,6650,6900,1,4.0
Bioko Nord,Bioko Nord,State/Province,Equatorial Guinea,55600,12250,6650,6900,1,4.0
Bioko Norte,Bioko Norte,State/Province,Equatorial Guinea,55600,12250,6650,6900,1,4.0
Bioko Sud,Bioko Sud,State/Province,Equatorial Guinea,55600,12250,6650,6900,1,4.0
Bioko Sur,Bioko Sur,State/Province,Equatorial Guinea,55600,12250,6650,6900,1,4.0
Centro Sud,Centro Sud,State/Province,Equatorial Guinea,55600,12250,6650,6900,1,4.0
Centro Sur,Centro Sur,State/Province,Equatorial Guinea,55600,12250,6650,6900,1,4.0
Djibloho,Djibloho,State/Province,Equatorial Guinea,55600,12250,6650,6900,1,4.0
Kie-Ntem,Kie-Ntem,State/Province,Equatorial Guinea,55600,12250,6650,6900,1,4.0
Kié-Ntem,Kié-Ntem,State/Province,Equatorial Guinea,55600,12250,6650,6900,1,4.0
Litoral,Litoral,State/Province,Equatorial Guinea,55600,12250,6650,6900,1,4.0
Littoral,Littoral,State/Province,Equatorial Guinea,55600,12250,6650,6900,1,4.0
Wele-Nzas,Wele-Nzas,State/Province,Equatorial Guinea,55600,12250,6650,6900,1,4.0
Al Awsaţ,Al Awsaţ,Administrative Region,Eritrea,48100,10600,5750,5800,1,4.0
Al Janūbī,Al Janūbī,Administrative Region,Eritrea,48100,10600,5750,5800,1,4.0
Ansabā,Ansabā,Administrative Region,Eritrea,48100,10600,5750,5800,1,4.0
Debubawi K’eyyĭḥ Baḥri,Debubawi K’eyyĭḥ Baḥri,Administrative Region,Eritrea,48100,10600,5750,5800,1,4.0
Gash-Barka,Gash-Barka,Administrative Region,Eritrea,48100,10600,5750,5800,1,4.0
Semienawi K’eyyĭḥ Baḥri,Semienawi K’eyyĭḥ Baḥri,Administrative Region,Eritrea,48100,10600,5750,5800,1,4.0
Asmara,Asmara,Capital City,Eritrea,61700,13550,7400,7500,2,4.4
Eritrea,Eritrea,Country,Eritrea,63100,13900,7550,7700,3,4.1
Akale Guzay,Akale Guzay,State/Province,Eritrea,48300,10650,5800,5800,1,4.0
Barka,Barka,State/Province,Eritrea,48300,10650,5800,5800,1,4.0
Denkel,Denkel,State/Province,Eritrea,48300,10650,5800,5800,1,4.0
Hamasen,Hamasen,State/Province,Eritrea,48300,10650,5800,5800,1,4.0
Sahil,Sahil,State/Province,Eritrea,48300,10650,5800,5800,1,4.0
Semhar,Semhar,State/Province,Eritrea,48300,10650,5800,5800,1,4.0
Senhit,Senhit,State/Province,Eritrea,48300,10650,5800,5800,1,4.0
Seraye,Seraye,State/Province,Eritrea,48300,10650,5800,5800,1,4.0
Alutaguse,Alutaguse,Administrative Region,Estonia,56900,12500,6850,7100,1,4.0
Anija,Anija,Administrative Region,Estonia,56900,12500,6850,7100,1,4.0
Antsla,Antsla,Administrative Region,Estonia,56900,12500,6850,7100,1,4.0
Elva,Elva,Administrative Region,Estonia,56900,12500,6850,7100,1,4.0
Haapsalu,Haapsalu,Administrative Region,Estonia,56900,12500,6850,7100,1,4.0
Haljala,Haljala,Administrative Region,Estonia,56900,12500,6850,7100,1,4.0
Harjumaa,Harjumaa,Administrative Region,Estonia,56900,12500,6850,7100,1,4.0
Harku,Harku,Administrative Region,Estonia,56900,12500,6850,7100,1,4.0
Hiiumaa,Hiiumaa,Administrative Region,Estonia,56900,12500,6850,7100,1,4.0
Häädemeeste,Häädemeeste,Administrative Region,Estonia,56900,12500,6850,7100,1,4.0
Ida-Virumaa,Ida-Virumaa,Administrative Region,Estonia,56900,12500,6850,7100,1,4.0
Järva,Järva,Administrative Region,Estonia,56900,12500,6850,7100,1,4.0
Järvamaa,Järvamaa,Administrative Region,Estonia,56900,12500,6850,7100,1,4.0
Jõelähtme,Jõelähtme,Administrative Region,Estonia,56900,12500,6850,7100,1,4.0
Jõgeva,Jõgeva,Administrative Region,Estonia,56900,12500,6850,7100,1,4.0
Jõgevamaa,Jõgevamaa,Administrative Region,Estonia,56900,12500,6850,7100,1,4.0
Jõhvi,Jõhvi,Administrative Region,Estonia,56900,12500,6850,7100,1,4.0
Kadrina,Kadrina,Administrative Region,Estonia,56900,12500,6850,7100,1,4.0
Kambja,Kambja,Administrative Region,Estonia,56900,12500,6850,7100,1,4.0
Kanepi,Kanepi,Administrative Region,Estonia,56900,12500,6850,7100,1,4.0
Kastre,Kastre,Administrative Region,Estonia,56900,12500,6850,7100,1,4.0
Kehtna,Kehtna,Administrative Region,Estonia,56900,12500,6850,7100,1,4.0
Keila,Keila,Administrative Region,Estonia,56900,12500,6850,7100,1,4.0
Kihnu,Kihnu,Administrative Region,Estonia,56900,12500,6850,7100,1,4.0
Kiili,Kiili,Administrative Region,Estonia,56900,12500,6850,7100,1,4.0
Kohila,Kohila,Administrative Region,Estonia,56900,12500,6850,7100,1,4.0
Kohtla-Järve,Kohtla-Järve,Administrative Region,Estonia,56900,12500,6850,7100,1,4.0
Kose,Kose,Administrative Region,Estonia,56900,12500,6850,7100,1,4.0
Kuusalu,Kuusalu,Administrative Region,Estonia,56900,12500,6850,7100,1,4.0
Loksa,Loksa,Administrative Region,Estonia,56900,12500,6850,7100,1,4.0
Luunja,Luunja,Administrative Region,Estonia,56900,12500,6850,7100,1,4.0
Lääne-Harju,Lääne-Harju,Administrative Region,Estonia,56900,12500,6850,7100,1,4.0
Lääne-Nigula,Lääne-Nigula,Administrative Region,Estonia,56900,12500,6850,7100,1,4.0
Lääne-Virumaa,Lääne-Virumaa,Administrative Region,Estonia,56900,12500,6850,7100,1,4.0
Läänemaa,Läänemaa,Administrative Region,Estonia,56900,12500,6850,7100,1,4.0
Lääneranna,Lääneranna,Administrative Region,Estonia,56900,12500,6850,7100,1,4.0
Lüganuse,Lüganuse,Administrative Region,Estonia,56900,12500,6850,7100,1,4.0
Maardu,Maardu,Administrative Region,Estonia,56900,12500,6850,7100,1,4.0
Muhu,Muhu,Administrative Region,Estonia,56900,12500,6850,7100,1,4.0
Mulgi,Mulgi,Administrative Region,Estonia,56900,12500,6850,7100,1,4.0
Mustvee,Mustvee,Administrative Region,Estonia,56900,12500,6850,7100,1,4.0
Märjamaa,Märjamaa,Administrative Region,Estonia,56900,12500,6850,7100,1,4.0
Narva,Narva,Administrative Region,Estonia,56900,12500,6850,7100,1,4.0
Narva-Jõesuu,Narva-Jõesuu,Administrative Region,Estonia,56900,12500,6850,7100,1,4.0
Nõo,Nõo,Administrative Region,Estonia,56900,12500,6850,7100,1,4.0
Otepää,Otepää,Administrative Region,Estonia,56900,12500,6850,7100,1,4.0
Paide,Paide,Administrative Region,Estonia,56900,12500,6850,7100,1,4.0
Peipsiääre,Peipsiääre,Administrative Region,Estonia,56900,12500,6850,7100,1,4.0
Pärnu,Pärnu,Administrative Region,Estonia,56900,12500,6850,7100,1,4.0
Pärnumaa,Pärnumaa,Administrative Region,Estonia,56900,12500,6850,7100,1,4.0
Põhja-Pärnumaa,Põhja-Pärnumaa,Administrative Region,Estonia,56900,12500,6850,7100,1,4.0
Põhja-Sakala,Põhja-Sakala,Administrative Region,Estonia,56900,12500,6850,7100,1,4.0
Põltsamaa,Põltsamaa,Administrative Region,Estonia,56900,12500,6850,7100,1,4.0
Põlva,Põlva,Administrative Region,Estonia,56900,12500,6850,7100,1,4.0
Põlvamaa,Põlvamaa,Administrative Region,Estonia,56900,12500,6850,7100,1,4.0
Raasiku,Raasiku,Administrative Region,Estonia,56900,12500,6850,7100,1,4.0
Rae,Rae,Administrative Region,Estonia,56900,12500,6850,7100,1,4.0
Rakvere,Rakvere,Administrative Region,Estonia,56900,12500,6850,7100,1,4.0
Rapla,Rapla,Administrative Region,Estonia,56900,12500,6850,7100,1,4.0
Raplamaa,Raplamaa,Administrative Region,Estonia,56900,12500,6850,7100,1,4.0
Ruhnu,Ruhnu,Administrative Region,Estonia,56900,12500,6850,7100,1,4.0
Räpina,Räpina,Administrative Region,Estonia,56900,12500,6850,7100,1,4.0
Rõuge,Rõuge,Administrative Region,Estonia,56900,12500,6850,7100,1,4.0
Saarde,Saarde,Administrative Region,Estonia,56900,12500,6850,7100,1,4.0
Saaremaa,Saaremaa,Administrative Region,Estonia,56900,12500,6850,7100,1,4.0
Saku,Saku,Administrative Region,Estonia,56900,12500,6850,7100,1,4.0
Saue,Saue,Administrative Region,Estonia,56900,12500,6850,7100,1,4.0
Setomaa,Setomaa,Administrative Region,Estonia,56900,12500,6850,7100,1,4.0
Sillamäe,Sillamäe,Administrative Region,Estonia,56900,12500,6850,7100,1,4.0
Tallinn,Tallinn,Administrative Region,Estonia,56900,12500,6850,7100,1,4.0
Tapa,Tapa,Administrative Region,Estonia,56900,12500,6850,7100,1,4.0
Tartu,Tartu,Administrative Region,Estonia,56900,12500,6850,7100,1,4.0
Tartumaa,Tartumaa,Administrative Region,Estonia,56900,12500,6850,7100,1,4.0
Toila,Toila,Administrative Region,Estonia,56900,12500,6850,7100,1,4.0
Tori,Tori,Administrative Region,Estonia,56900,12500,6850,7100,1,4.0
Tõrva,Tõrva,Administrative Region,Estonia,56900,12500,6850,7100,1,4.0
Türi,Türi,Administrative Region,Estonia,56900,12500,6850,7100,1,4.0
Valga,Valga,Administrative Region,Estonia,56900,12500,6850,7100,1,4.0
Valgamaa,Valgamaa,Administrative Region,Estonia,56900,12500,6850,7100,1,4.0
Viimsi,Viimsi,Administrative Region,Estonia,56900,12500,6850,7100,1,4.0
Viljandi,Viljandi,Administrative Region,Estonia,56900,12500,6850,7100,1,4.0
Viljandimaa,Viljandimaa,Administrative Region,Estonia,56900,12500,6850,7100,1,4.0
Vinni,Vinni,Administrative Region,Estonia,56900,12500,6850,7100,1,4.0
Viru-Nigula,Viru-Nigula,Administrative Region,Estonia,56900,12500,6850,7100,1,4.0
Vormsi,Vormsi,Administrative Region,Estonia,56900,12500,6850,7100,1,4.0
Väike-Maarja,Väike-Maarja,Administrative Region,Estonia,56900,12500,6850,7100,1,4.0
Võru,Võru,Administrative Region,Estonia,56900,12500,6850,7100,1,4.0
Võrumaa,Võrumaa,Administrative Region,Estonia,56900,12500,6850,7100,1,4.0
Tallinn,Tallinn,Capital City,Estonia,72500,15950,8700,9100,2,4.4
Estonia,Estonia,Country,Estonia,73900,16250,8850,9300,3,4.1
Harjumaa (Tallinn),Harjumaa (Tallinn),State/Province,Estonia,57600,12650,6900,7200,1,4.0
Hiiumaa (Kardla),Hiiumaa (Kardla),State/Province,Estonia,57600,12650,6900,7200,1,4.0
Ida-Virumaa (Johvi),Ida-Virumaa (Johvi),State/Province,Estonia,57600,12650,6900,7200,1,4.0
Jarvamaa (Paide),Jarvamaa (Paide),State/Province,Estonia,57600,12650,6900,7200,1,4.0
Jogevamaa (Jogeva),Jogevamaa (Jogeva),State/Province,Estonia,57600,12650,6900,7200,1,4.0
Laane-Virumaa (Rakvere),Laane-Virumaa (Rakvere),State/Province,Estonia,57600,12650,6900,7200,1,4.0
Laanemaa (Haapsalu),Laanemaa (Haapsalu),State/Province,Estonia,57600,12650,6900,7200,1,4.0
Parnumaa (Parnu),Parnumaa (Parnu),State/Province,Estonia,57600,12650,6900,7200,1,4.0
Polvamaa (Polva),Polvamaa (Polva),State/Province,Estonia,57600,12650,6900,7200,1,4.0
Raplamaa (Rapla),Raplamaa (Rapla),State/Province,Estonia,57600,12650,6900,7200,1,4.0
Saaremaa (Kuessaare),Saaremaa (Kuessaare),State/Province,Estonia,57600,12650,6900,7200,1,4.0
Tartumaa (Tartu),Tartumaa (Tartu),State/Province,Estonia,57600,12650,6900,7200,1,4.0
Valgamaa (Valga),Valgamaa (Valga),State/Province,Estonia,57600,12650,6900,7200,1,4.0
Viljandimaa (Viljandi),Viljandimaa (Viljandi),State/Province,Estonia,57600,12650,6900,7200,1,4.0
Vorumaa (Voru),Vorumaa (Voru),State/Province,Estonia,57600,12650,6900,7200,1,4.0
Hhohho,Hhohho,Administrative Region,Eswatini,54300,11950,6500,5800,1,4.0
Lubombo,Lubombo,Administrative Region,Eswatini,54300,11950,6500,5800,1,4.0
Manzini,Manzini,Administrative Region,Eswatini,54300,11950,6500,5800,1,4.0
Shiselweni,Shiselweni,Administrative Region,Eswatini,54300,11950,6500,5800,1,4.0
Lobamba,Lobamba,Capital City,Eswatini,68900,15150,8250,7300,2,4.4
Eswatini,Eswatini,Country,Eswatini,70400,15500,8450,7600,3,4.1
Afar,Afar,Administrative Region,Ethiopia,48400,10650,5800,5900,1,4.0
Amara,Amara,Administrative Region,Ethiopia,48400,10650,5800,5900,1,4.0
Benshangul-Gumaz,Benshangul-Gumaz,Administrative Region,Ethiopia,48400,10650,5800,5900,1,4.0
Gambela Peoples,Gambela Peoples,Administrative Region,Ethiopia,48400,10650,5800,5900,1,4.0
Harari People,Harari People,Administrative Region,Ethiopia,48400,10650,5800,5900,1,4.0
Oromia,Oromia,Administrative Region,Ethiopia,48400,10650,5800,5900,1,4.0
Sidama,Sidama,Administrative Region,Ethiopia,48400,10650,5800,5900,1,4.0
Somali,Somali,Administrative Region,Ethiopia,48400,10650,5800,5900,1,4.0
"Southern Nations, Nationalities and Peoples","Southern Nations, Nationalities and Peoples",Administrative Region,Ethiopia,48400,10650,5800,5900,1,4.0
Southwest Ethiopia Peoples,Southwest Ethiopia Peoples,Administrative Region,Ethiopia,48400,10650,5800,5900,1,4.0
Tigrai,Tigrai,Administrative Region,Ethiopia,48400,10650,5800,5900,1,4.0
Addis Ababa,Addis Ababa,Capital City,Ethiopia,62000,13650,7450,7600,2,4.4
Ethiopia,Ethiopia,Country,Ethiopia,63500,13950,7600,7800,3,4.1
Addis Ababa,Addis Ababa,State/Province,Ethiopia,48700,10700,5850,5800,1,4.0
Adis Abeba (Addis Ababa),Adis Abeba (Addis Ababa),State/Province,Ethiopia,48700,10700,5850,5800,1,4.0
Afar,Afar,State/Province,Ethiopia,48700,10700,5850,5800,1,4.0
Amara,Amara,State/Province,Ethiopia,48700,10700,5850,5800,1,4.0
Dire Dawa,Dire Dawa,State/Province,Ethiopia,48700,10700,5850,5800,1,4.0
Gambela Hizboch,Gambela Hizboch,State/Province,Ethiopia,48700,10700,5850,5800,1,4.0
Hareri Hizb,Hareri Hizb,State/Province,Ethiopia,48700,10700,5850,5800,1,4.0
Oromiya,Oromiya,State/Province,Ethiopia,48700,10700,5850,5800,1,4.0
Sumale,Sumale,State/Province,Ethiopia,48700,10700,5850,5800,1,4.0
Tigray,Tigray,State/Province,Ethiopia,48700,10700,5850,5800,1,4.0
YeDebub Biheroch Bihereseboch na Hizboch,YeDebub Biheroch Bihereseboch na Hizboch,State/Province,Ethiopia,48700,10700,5850,5800,1,4.0
Falkland Islands (Islas Malvinas),Falkland Islands (Islas Malvinas),State/Province,Falkland Islands,77300,17000,9300,8400,1,4.0
Stanley,Stanley,Capital City,Falkland Islands (Malvinas),63400,13950,7600,6500,2,4.4
Falkland Islands (Malvinas),Falkland Islands (Malvinas),Country,Falkland Islands (Malvinas),64900,14300,7800,6700,3,4.1
Tórshavn,Tórshavn,Capital City,Faroe Islands,74700,16450,8950,9500,2,4.4
Faroe Islands,Faroe Islands,Country,Faroe Islands,76200,16750,9150,9700,3,4.1
Bordoy,Bordoy,State/Province,Faroe Islands,59900,13200,7200,7500,1,4.0
Eysturoy,Eysturoy,State/Province,Faroe Islands,59900,13200,7200,7500,1,4.0
Mykines,Mykines,State/Province,Faroe Islands,59900,13200,7200,7500,1,4.0
Sandoy,Sandoy,State/Province,Faroe Islands,59900,13200,7200,7500,1,4.0
Skuvoy,Skuvoy,State/Province,Faroe Islands,59900,13200,7200,7500,1,4.0
Streymoy,Streymoy,State/Province,Faroe Islands,59900,13200,7200,7500,1,4.0
Suduroy,Suduroy,State/Province,Faroe Islands,59900,13200,7200,7500,1,4.0
Tvoroyri,Tvoroyri,State/Province,Faroe Islands,59900,13200,7200,7500,1,4.0
Vagar,Vagar,State/Province,Faroe Islands,59900,13200,7200,7500,1,4.0
Chuuk (Truk),Chuuk (Truk),State/Province,Federated States of Micronesia,84300,18550,10100,9200,1,4.0
Kosrae,Kosrae,State/Province,Federated States of Micronesia,84300,18550,10100,9200,1,4.0
Pohnpei,Pohnpei,State/Province,Federated States of Micronesia,84300,18550,10100,9200,1,4.0
Yap,Yap,State/Province,Federated States of Micronesia,84300,18550,10100,9200,1,4.0
Suva,Suva,Capital City,Fiji,93300,20550,11200,10000,2,4.4
Fiji,Fiji,Country,Fiji,94700,20850,11350,10200,3,4.1
Ba,Ba,State/Province,Fiji,86000,18900,10300,9500,1,4.0
Bua,Bua,State/Province,Fiji,86000,18900,10300,9500,1,4.0
Cakaudrove,Cakaudrove,State/Province,Fiji,86000,18900,10300,9500,1,4.0
Central,Central,State/Province,Fiji,86000,18900,10300,9500,1,4.0
Eastern,Eastern,State/Province,Fiji,86000,18900,10300,9500,1,4.0
Kadavu,Kadavu,State/Province,Fiji,86000,18900,10300,9500,1,4.0
Lau,Lau,State/Province,Fiji,86000,18900,10300,9500,1,4.0
Lomaiviti,Lomaiviti,State/Province,Fiji,86000,18900,10300,9500,1,4.0
Macuata,Macuata,State/Province,Fiji,86000,18900,10300,9500,1,4.0
Nadroga and Navosa,Nadroga and Navosa,State/Province,Fiji,86000,18900,10300,9500,1,4.0
Naitasiri,Naitasiri,State/Province,Fiji,86000,18900,10300,9500,1,4.0
Namosi,Namosi,State/Province,Fiji,86000,18900,10300,9500,1,4.0
Northern,Northern,State/Province,Fiji,86000,18900,10300,9500,1,4.0
Ra,Ra,State/Province,Fiji,86000,18900,10300,9500,1,4.0
Rewa,Rewa,State/Province,Fiji,86000,18900,10300,9500,1,4.0
Rotuma,Rotuma,State/Province,Fiji,86000,18900,10300,9500,1,4.0
Serua,Serua,State/Province,Fiji,86000,18900,10300,9500,1,4.0
Tailevu,Tailevu,State/Province,Fiji,86000,18900,10300,9500,1,4.0
Western,Western,State/Province,Fiji,86000,18900,10300,9500,1,4.0
Etelä-Karjala,Etelä-Karjala,Administrative Region,Finland,54300,11950,6500,6700,1,4.0
Etelä-Pohjanmaa,Etelä-Pohjanmaa,Administrative Region,Finland,54300,11950,6500,6700,1,4.0
Etelä-Savo,Etelä-Savo,Administrative Region,Finland,54300,11950,6500,6700,1,4.0
Kainuu,Kainuu,Administrative Region,Finland,54300,11950,6500,6700,1,4.0
Kanta-Häme,Kanta-Häme,Administrative Region,Finland,54300,11950,6500,6700,1,4.0
Keski-Pohjanmaa,Keski-Pohjanmaa,Administrative Region,Finland,54300,11950,6500,6700,1,4.0
Keski-Suomi,Keski-Suomi,Administrative Region,Finland,54300,11950,6500,6700,1,4.0
Kymenlaakso,Kymenlaakso,Administrative Region,Finland,54300,11950,6500,6700,1,4.0
Landskapet Åland,Landskapet Åland,Administrative Region,Finland,54300,11950,6500,6700,1,4.0
Lappi,Lappi,Administrative Region,Finland,54300,11950,6500,6700,1,4.0
Pirkanmaa,Pirkanmaa,Administrative Region,Finland,54300,11950,6500,6700,1,4.0
Pohjanmaa,Pohjanmaa,Administrative Region,Finland,54300,11950,6500,6700,1,4.0
Pohjois-Karjala,Pohjois-Karjala,Administrative Region,Finland,54300,11950,6500,6700,1,4.0
Pohjois-Pohjanmaa,Pohjois-Pohjanmaa,Administrative Region,Finland,54300,11950,6500,6700,1,4.0
Pohjois-Savo,Pohjois-Savo,Administrative Region,Finland,54300,11950,6500,6700,1,4.0
Päijät-Häme,Päijät-Häme,Administrative Region,Finland,54300,11950,6500,6700,1,4.0
Satakunta,Satakunta,Administrative Region,Finland,54300,11950,6500,6700,1,4.0
Uusimaa,Uusimaa,Administrative Region,Finland,54300,11950,6500,6700,1,4.0
Varsinais-Suomi,Varsinais-Suomi,Administrative Region,Finland,54300,11950,6500,6700,1,4.0
Helsinki,Helsinki,Capital City,Finland,69900,15400,8400,8700,2,4.4
Helsinki,Helsinki,City,Finland,55000,999999,999999,11500,3,4.6
Finland,Finland,Country,Finland,71300,15700,8550,9000,3,4.1
Suomenlinna Fortress,Helsinki,Historical,Finland,55000,999999,999999,11500,0.7,4.7
Lapland,Lapland,Natural Wonder,Finland,87300,19200,10500,11000,1,4.7
Helsinki Cathedral,Helsinki,Religious,Finland,55000,999999,999999,11500,0.3,4.6
Temppeliaukio Church,Helsinki,Religious,Finland,55000,999999,999999,11500,0.3,4.5
Aland,Aland,State/Province,Finland,66300,14600,7950,8500,1,4.0
Etela-Suomen Laani,Etela-Suomen Laani,State/Province,Finland,66300,14600,7950,8500,1,4.0
Ita-Suomen Laani,Ita-Suomen Laani,State/Province,Finland,66300,14600,7950,8500,1,4.0
Lansi-Suomen Laani,Lansi-Suomen Laani,State/Province,Finland,66300,14600,7950,8500,1,4.0
Lappi,Lappi,State/Province,Finland,66300,14600,7950,8500,1,4.0
Oulun Laani,Oulun Laani,State/Province,Finland,66300,14600,7950,8500,1,4.0
Seine River Cruise,Paris,Activity,France,60000,999999,999999,10000,0.2,4.7
Ain,Ain,Administrative Region,France,53200,11700,6400,6600,1,4.0
Aisne,Aisne,Administrative Region,France,53200,11700,6400,6600,1,4.0
Allier,Allier,Administrative Region,France,53200,11700,6400,6600,1,4.0
Alpes-de-Haute-Provence,Alpes-de-Haute-Provence,Administrative Region,France,53200,11700,6400,6600,1,4.0
Alpes-Maritimes,Alpes-Maritimes,Administrative Region,France,53200,11700,6400,6600,1,4.0
Ardennes,Ardennes,Administrative Region,France,53200,11700,6400,6600,1,4.0
Ardèche,Ardèche,Administrative Region,France,53200,11700,6400,6600,1,4.0
Ariège,Ariège,Administrative Region,France,53200,11700,6400,6600,1,4.0
Aube,Aube,Administrative Region,France,53200,11700,6400,6600,1,4.0
Aude,Aude,Administrative Region,France,53200,11700,6400,6600,1,4.0
Auvergne-Rhône-Alpes,Auvergne-Rhône-Alpes,Administrative Region,France,53200,11700,6400,6600,1,4.0
Aveyron,Aveyron,Administrative Region,France,53200,11700,6400,6600,1,4.0
Bas-Rhin,Bas-Rhin,Administrative Region,France,53200,11700,6400,6600,1,4.0
Bouches-du-Rhône,Bouches-du-Rhône,Administrative Region,France,53200,11700,6400,6600,1,4.0
Bourgogne-Franche-Comté,Bourgogne-Franche-Comté,Administrative Region,France,53200,11700,6400,6600,1,4.0
Bretagne,Bretagne,Administrative Region,France,53200,11700,6400,6600,1,4.0
Calvados,Calvados,Administrative Region,France,53200,11700,6400,6600,1,4.0
Cantal,Cantal,Administrative Region,France,53200,11700,6400,6600,1,4.0
Centre-Val de Loire,Centre-Val de Loire,Administrative Region,France,53200,11700,6400,6600,1,4.0
Charente,Charente,Administrative Region,France,53200,11700,6400,6600,1,4.0
Charente-Maritime,Charente-Maritime,Administrative Region,France,53200,11700,6400,6600,1,4.0
Cher,Cher,Administrative Region,France,53200,11700,6400,6600,1,4.0
Corrèze,Corrèze,Administrative Region,France,53200,11700,6400,6600,1,4.0
Corse-du-Sud,Corse-du-Sud,Administrative Region,France,53200,11700,6400,6600,1,4.0
Creuse,Creuse,Administrative Region,France,53200,11700,6400,6600,1,4.0
Côte-d'Or,Côte-d'Or,Administrative Region,France,53200,11700,6400,6600,1,4.0
Côtes-d'Armor,Côtes-d'Armor,Administrative Region,France,53200,11700,6400,6600,1,4.0
Deux-Sèvres,Deux-Sèvres,Administrative Region,France,53200,11700,6400,6600,1,4.0
Dordogne,Dordogne,Administrative Region,France,53200,11700,6400,6600,1,4.0
Doubs,Doubs,Administrative Region,France,53200,11700,6400,6600,1,4.0
Drôme,Drôme,Administrative Region,France,53200,11700,6400,6600,1,4.0
Essonne,Essonne,Administrative Region,France,53200,11700,6400,6600,1,4.0
Eure,Eure,Administrative Region,France,53200,11700,6400,6600,1,4.0
Eure-et-Loir,Eure-et-Loir,Administrative Region,France,53200,11700,6400,6600,1,4.0
Finistère,Finistère,Administrative Region,France,53200,11700,6400,6600,1,4.0
Gard,Gard,Administrative Region,France,53200,11700,6400,6600,1,4.0
Gers,Gers,Administrative Region,France,53200,11700,6400,6600,1,4.0
Gironde,Gironde,Administrative Region,France,53200,11700,6400,6600,1,4.0
Grand-Est,Grand-Est,Administrative Region,France,53200,11700,6400,6600,1,4.0
Guadeloupe,Guadeloupe,Administrative Region,France,53200,11700,6400,6600,1,4.0
Haut-Rhin,Haut-Rhin,Administrative Region,France,53200,11700,6400,6600,1,4.0
Haute-Corse,Haute-Corse,Administrative Region,France,53200,11700,6400,6600,1,4.0
Haute-Garonne,Haute-Garonne,Administrative Region,France,53200,11700,6400,6600,1,4.0
Haute-Loire,Haute-Loire,Administrative Region,France,53200,11700,6400,6600,1,4.0
Haute-Marne,Haute-Marne,Administrative Region,France,53200,11700,6400,6600,1,4.0
Haute-Savoie,Haute-Savoie,Administrative Region,France,53200,11700,6400,6600,1,4.0
Haute-Saône,Haute-Saône,Administrative Region,France,53200,11700,6400,6600,1,4.0
Haute-Vienne,Haute-Vienne,Administrative Region,France,53200,11700,6400,6600,1,4.0
Hautes-Alpes,Hautes-Alpes,Administrative Region,France,53200,11700,6400,6600,1,4.0
Hautes-Pyrénées,Hautes-Pyrénées,Administrative Region,France,53200,11700,6400,6600,1,4.0
Hauts-de-France,Hauts-de-France,Administrative Region,France,53200,11700,6400,6600,1,4.0
Hauts-de-Seine,Hauts-de-Seine,Administrative Region,France,53200,11700,6400,6600,1,4.0
Hérault,Hérault,Administrative Region,France,53200,11700,6400,6600,1,4.0
Ille-et-Vilaine,Ille-et-Vilaine,Administrative Region,France,53200,11700,6400,6600,1,4.0
Indre,Indre,Administrative Region,France,53200,11700,6400,6600,1,4.0
Indre-et-Loire,Indre-et-Loire,Administrative Region,France,53200,11700,6400,6600,1,4.0
Isère,Isère,Administrative Region,France,53200,11700,6400,6600,1,4.0
Jura,Jura,Administrative Region,France,53200,11700,6400,6600,1,4.0
La Réunion,La Réunion,Administrative Region,France,53200,11700,6400,6600,1,4.0
Landes,Landes,Administrative Region,France,53200,11700,6400,6600,1,4.0
Loir-et-Cher,Loir-et-Cher,Administrative Region,France,53200,11700,6400,6600,1,4.0
Loire,Loire,Administrative Region,France,53200,11700,6400,6600,1,4.0
Loire-Atlantique,Loire-Atlantique,Administrative Region,France,53200,11700,6400,6600,1,4.0
Loiret,Loiret,Administrative Region,France,53200,11700,6400,6600,1,4.0
Lot,Lot,Administrative Region,France,53200,11700,6400,6600,1,4.0
Lot-et-Garonne,Lot-et-Garonne,Administrative Region,France,53200,11700,6400,6600,1,4.0
Lozère,Lozère,Administrative Region,France,53200,11700,6400,6600,1,4.0
Maine-et-Loire,Maine-et-Loire,Administrative Region,France,53200,11700,6400,6600,1,4.0
Manche,Manche,Administrative Region,France,53200,11700,6400,6600,1,4.0
Marne,Marne,Administrative Region,France,53200,11700,6400,6600,1,4.0
Mayenne,Mayenne,Administrative Region,France,53200,11700,6400,6600,1,4.0
Mayotte,Mayotte,Administrative Region,France,53200,11700,6400,6600,1,4.0
Meurthe-et-Moselle,Meurthe-et-Moselle,Administrative Region,France,53200,11700,6400,6600,1,4.0
Meuse,Meuse,Administrative Region,France,53200,11700,6400,6600,1,4.0
Morbihan,Morbihan,Administrative Region,France,53200,11700,6400,6600,1,4.0
Moselle,Moselle,Administrative Region,France,53200,11700,6400,6600,1,4.0
Nièvre,Nièvre,Administrative Region,France,53200,11700,6400,6600,1,4.0
Nord,Nord,Administrative Region,France,53200,11700,6400,6600,1,4.0
Normandie,Normandie,Administrative Region,France,53200,11700,6400,6600,1,4.0
Nouvelle-Aquitaine,Nouvelle-Aquitaine,Administrative Region,France,53200,11700,6400,6600,1,4.0
Occitanie,Occitanie,Administrative Region,France,53200,11700,6400,6600,1,4.0
Oise,Oise,Administrative Region,France,53200,11700,6400,6600,1,4.0
Orne,Orne,Administrative Region,France,53200,11700,6400,6600,1,4.0
Pas-de-Calais,Pas-de-Calais,Administrative Region,France,53200,11700,6400,6600,1,4.0
Pays-de-la-Loire,Pays-de-la-Loire,Administrative Region,France,53200,11700,6400,6600,1,4.0
Provence-Alpes-Côte-d’Azur,Provence-Alpes-Côte-d’Azur,Administrative Region,France,53200,11700,6400,6600,1,4.0
Puy-de-Dôme,Puy-de-Dôme,Administrative Region,France,53200,11700,6400,6600,1,4.0
Pyrénées-Atlantiques,Pyrénées-Atlantiques,Administrative Region,France,53200,11700,6400,6600,1,4.0
Pyrénées-Orientales,Pyrénées-Orientales,Administrative Region,France,53200,11700,6400,6600,1,4.0
Rhône,Rhône,Administrative Region,France,53200,11700,6400,6600,1,4.0
Sarthe,Sarthe,Administrative Region,France,53200,11700,6400,6600,1,4.0
Savoie,Savoie,Administrative Region,France,53200,11700,6400,6600,1,4.0
Saône-et-Loire,Saône-et-Loire,Administrative Region,France,53200,11700,6400,6600,1,4.0
Seine-et-Marne,Seine-et-Marne,Administrative Region,France,53200,11700,6400,6600,1,4.0
Seine-Maritime,Seine-Maritime,Administrative Region,France,53200,11700,6400,6600,1,4.0
Seine-Saint-Denis,Seine-Saint-Denis,Administrative Region,France,53200,11700,6400,6600,1,4.0
Somme,Somme,Administrative Region,France,53200,11700,6400,6600,1,4.0
Tarn,Tarn,Administrative Region,France,53200,11700,6400,6600,1,4.0
Tarn-et-Garonne,Tarn-et-Garonne,Administrative Region,France,53200,11700,6400,6600,1,4.0
Territoire de Belfort,Territoire de Belfort,Administrative Region,France,53200,11700,6400,6600,1,4.0
Val-d'Oise,Val-d'Oise,Administrative Region,France,53200,11700,6400,6600,1,4.0
Val-de-Marne,Val-de-Marne,Administrative Region,France,53200,11700,6400,6600,1,4.0
Var,Var,Administrative Region,France,53200,11700,6400,6600,1,4.0
Vaucluse,Vaucluse,Administrative Region,France,53200,11700,6400,6600,1,4.0
Vendée,Vendée,Administrative Region,France,53200,11700,6400,6600,1,4.0
Vienne,Vienne,Administrative Region,France,53200,11700,6400,6600,1,4.0
Vosges,Vosges,Administrative Region,France,53200,11700,6400,6600,1,4.0
Yonne,Yonne,Administrative Region,France,53200,11700,6400,6600,1,4.0
Yvelines,Yvelines,Administrative Region,France,53200,11700,6400,6600,1,4.0
Île-de-France,Île-de-France,Administrative Region,France,53200,11700,6400,6600,1,4.0
Paris,Paris,Capital City,France,68800,15150,8250,8600,2,4.4
Paris,Paris,City,France,60000,999999,999999,12000,3,4.8
France,France,Country,France,70300,15450,8450,8800,3,4.1
Mont Saint-Michel,Normandy,Historic Site,France,75600,16650,9050,9500,1,4.7
Palace of Versailles,Versailles,Historic Site,France,75600,16650,9050,9500,1,4.7
Terres australes françaises,Terres australes françaises,Island/Territory,France,83600,18400,10050,10400,1,4.0
Eiffel Tower,Paris,Landmark,France,71600,15750,8600,8800,1,4.7
Eiffel Tower,Paris,Monument,France,60000,999999,999999,12000,0.3,4.9
Louvre Museum,Paris,Museum,France,60000,999999,999999,11000,0.6,4.8
Sacré-Cœur,Paris,Religious,France,60000,999999,999999,11000,0.2,4.7
Alsace,Alsace,State/Province,France,65300,14350,7850,8300,1,4.0
Aquitaine,Aquitaine,State/Province,France,65300,14350,7850,8300,1,4.0
Auvergne,Auvergne,State/Province,France,65300,14350,7850,8300,1,4.0
Basse-Normandie,Basse-Normandie,State/Province,France,65300,14350,7850,8300,1,4.0
Bourgogne,Bourgogne,State/Province,France,65300,14350,7850,8300,1,4.0
Bretagne,Bretagne,State/Province,France,65300,14350,7850,8300,1,4.0
Centre,Centre,State/Province,France,65300,14350,7850,8300,1,4.0
Champagne-Ardenne,Champagne-Ardenne,State/Province,France,65300,14350,7850,8300,1,4.0
Clipperton,Clipperton,State/Province,France,65300,14350,7850,8300,1,4.0
Corse,Corse,State/Province,France,65300,14350,7850,8300,1,4.0
Franche-Comte,Franche-Comte,State/Province,France,65300,14350,7850,8300,1,4.0
Guyane (française),Guyane (française),State/Province,France,65300,14350,7850,8300,1,4.0
Haute-Normandie,Haute-Normandie,State/Province,France,65300,14350,7850,8300,1,4.0
Ile-de-France,Ile-de-France,State/Province,France,65300,14350,7850,8300,1,4.0
Languedoc-Roussillon,Languedoc-Roussillon,State/Province,France,65300,14350,7850,8300,1,4.0
Limousin,Limousin,State/Province,France,65300,14350,7850,8300,1,4.0
Lorraine,Lorraine,State/Province,France,65300,14350,7850,8300,1,4.0
Martinique,Martinique,State/Province,France,65300,14350,7850,8300,1,4.0
Midi-Pyrenees,Midi-Pyrenees,State/Province,France,65300,14350,7850,8300,1,4.0
Métropole de Lyon,Métropole de Lyon,State/Province,France,65300,14350,7850,8300,1,4.0
Nord-Pas-de-Calais,Nord-Pas-de-Calais,State/Province,France,65300,14350,7850,8300,1,4.0
Nouvelle-Calédonie,Nouvelle-Calédonie,State/Province,France,65300,14350,7850,8300,1,4.0
Paris,Paris,State/Province,France,65300,14350,7850,8300,1,4.0
Pays de la Loire,Pays de la Loire,State/Province,France,65300,14350,7850,8300,1,4.0
Picardie,Picardie,State/Province,France,65300,14350,7850,8300,1,4.0
Poitou-Charentes,Poitou-Charentes,State/Province,France,65300,14350,7850,8300,1,4.0
Polynésie française,Polynésie française,State/Province,France,65300,14350,7850,8300,1,4.0
Provence-Alpes-Cote d'Azur,Provence-Alpes-Cote d'Azur,State/Province,France,65300,14350,7850,8300,1,4.0
Rhone-Alpes,Rhone-Alpes,State/Province,France,65300,14350,7850,8300,1,4.0
Saint-Barthélemy,Saint-Barthélemy,State/Province,France,65300,14350,7850,8300,1,4.0
Saint-Martin,Saint-Martin,State/Province,France,65300,14350,7850,8300,1,4.0
Saint-Pierre-et-Miquelon,Saint-Pierre-et-Miquelon,State/Province,France,65300,14350,7850,8300,1,4.0
Wallis-et-Futuna,Wallis-et-Futuna,State/Province,France,65300,14350,7850,8300,1,4.0
Cayenne,Cayenne,Capital City,French Guiana,92900,20450,11150,10200,2,4.4
French Guiana,French Guiana,Country,French Guiana,94400,20750,11350,10400,3,4.1
French Guiana,French Guiana,State/Province,French Guiana,75100,16500,9000,8100,1,4.0
Papeetē,Papeetē,Capital City,French Polynesia,92400,20350,11100,9900,2,4.4
French Polynesia,French Polynesia,Country,French Polynesia,93800,20650,11250,10100,3,4.1
Archipel des Marquises,Archipel des Marquises,State/Province,French Polynesia,85100,18700,10200,9400,1,4.0
Archipel des Tuamotu,Archipel des Tuamotu,State/Province,French Polynesia,85100,18700,10200,9400,1,4.0
Archipel des Tubuai,Archipel des Tubuai,State/Province,French Polynesia,85100,18700,10200,9400,1,4.0
Iles du Vent,Iles du Vent,State/Province,French Polynesia,85100,18700,10200,9400,1,4.0
Iles Sous-le-Vent,Iles Sous-le-Vent,State/Province,French Polynesia,85100,18700,10200,9400,1,4.0
Adelie Land,Adelie Land,State/Province,French Southern and Antarctic Lands,51700,11350,6200,5200,1,4.0
Ile Crozet,Ile Crozet,State/Province,French Southern and Antarctic Lands,51700,11350,6200,5200,1,4.0
Iles Kerguelen,Iles Kerguelen,State/Province,French Southern and Antarctic Lands,51700,11350,6200,5200,1,4.0
Iles Saint-Paul et Amsterdam,Iles Saint-Paul et Amsterdam,State/Province,French Southern and Antarctic Lands,51700,11350,6200,5200,1,4.0
Port-aux-Français,Port-aux-Français,Capital City,French Southern Territories,64600,14200,7750,6700,2,4.4
French Southern Territories,French Southern Territories,Country,French Southern Territories,66100,14550,7950,6900,3,4.1
Libreville,Libreville,Capital City,Gabon,58400,12850,7000,7000,2,4.4
Gabon,Gabon,Country,Gabon,59900,13200,7200,7200,3,4.1
Estuaire,Estuaire,State/Province,Gabon,56400,12400,6750,7000,1,4.0
Haut-Ogooue,Haut-Ogooue,State/Province,Gabon,56400,12400,6750,7000,1,4.0
Haut-Ogooué,Haut-Ogooué,State/Province,Gabon,56400,12400,6750,7000,1,4.0
Moyen-Ogooue,Moyen-Ogooue,State/Province,Gabon,56400,12400,6750,7000,1,4.0
Moyen-Ogooué,Moyen-Ogooué,State/Province,Gabon,56400,12400,6750,7000,1,4.0
Ngounie,Ngounie,State/Province,Gabon,56400,12400,6750,7000,1,4.0
Ngounié,Ngounié,State/Province,Gabon,56400,12400,6750,7000,1,4.0
Nyanga,Nyanga,State/Province,Gabon,56400,12400,6750,7000,1,4.0
Ogooue-Ivindo,Ogooue-Ivindo,State/Province,Gabon,56400,12400,6750,7000,1,4.0
Ogooue-Lolo,Ogooue-Lolo,State/Province,Gabon,56400,12400,6750,7000,1,4.0
Ogooue-Maritime,Ogooue-Maritime,State/Province,Gabon,56400,12400,6750,7000,1,4.0
Ogooué-Ivindo,Ogooué-Ivindo,State/Province,Gabon,56400,12400,6750,7000,1,4.0
Ogooué-Lolo,Ogooué-Lolo,State/Province,Gabon,56400,12400,6750,7000,1,4.0
Ogooué-Maritime,Ogooué-Maritime,State/Province,Gabon,56400,12400,6750,7000,1,4.0
Woleu-Ntem,Woleu-Ntem,State/Province,Gabon,56400,12400,6750,7000,1,4.0
Banjul,Banjul,Capital City,Gambia,57300,12600,6900,6800,2,4.4
Gambia,Gambia,Country,Gambia,58700,12900,7050,7100,3,4.1
Banjul,Banjul,State/Province,Gambia,55200,12150,6600,6800,1,4.0
Central River,Central River,State/Province,Gambia,55200,12150,6600,6800,1,4.0
Lower River,Lower River,State/Province,Gambia,55200,12150,6600,6800,1,4.0
North Bank,North Bank,State/Province,Gambia,55200,12150,6600,6800,1,4.0
Upper River,Upper River,State/Province,Gambia,55200,12150,6600,6800,1,4.0
Western,Western,State/Province,Gambia,55200,12150,6600,6800,1,4.0
Guria,Guria,Administrative Region,Georgia,26500,5850,3200,4400,1,4.0
Imereti,Imereti,Administrative Region,Georgia,26500,5850,3200,4400,1,4.0
K'akheti,K'akheti,Administrative Region,Georgia,26500,5850,3200,4400,1,4.0
Kvemo Kartli,Kvemo Kartli,Administrative Region,Georgia,26500,5850,3200,4400,1,4.0
Mtskheta-Mtianeti,Mtskheta-Mtianeti,Administrative Region,Georgia,26500,5850,3200,4400,1,4.0
Rach'a-Lechkhumi-Kvemo Svaneti,Rach'a-Lechkhumi-Kvemo Svaneti,Administrative Region,Georgia,26500,5850,3200,4400,1,4.0
Samegrelo-Zemo Svaneti,Samegrelo-Zemo Svaneti,Administrative Region,Georgia,26500,5850,3200,4400,1,4.0
Samtskhe-Javakheti,Samtskhe-Javakheti,Administrative Region,Georgia,26500,5850,3200,4400,1,4.0
Shida Kartli,Shida Kartli,Administrative Region,Georgia,26500,5850,3200,4400,1,4.0
Tbilisi,Tbilisi,Capital City,Georgia,35100,7700,4200,5800,2,4.4
Tbilisi,Tbilisi,City,Georgia,36000,999999,999999,5000,3,4.7
Georgia,Georgia,Country,Georgia,36600,8050,4400,6000,3,4.1
Narikala Fortress,Tbilisi,Historical,Georgia,36000,999999,999999,5000,0.5,4.7
Old Tbilisi,Tbilisi,Historical,Georgia,36000,999999,999999,5000,0.6,4.8
Holy Trinity Cathedral,Tbilisi,Religious,Georgia,36000,999999,999999,5000,0.4,4.7
Abashis,Abashis,State/Province,Georgia,25500,5600,3050,4200,1,4.0
Abkhazia,Abkhazia,State/Province,Georgia,25500,5600,3050,4200,1,4.0
Abkhazia or Ap'khazet'is Avtonomiuri Respublika (Sokhumi),Abkhazia or Ap'khazet'is Avtonomiuri Respublika (Sokhumi),State/Province,Georgia,25500,5600,3050,4200,1,4.0
Adigenis,Adigenis,State/Province,Georgia,25500,5600,3050,4200,1,4.0
Ajaria,Ajaria,State/Province,Georgia,25500,5600,3050,4200,1,4.0
Ajaria or Acharis Avtonomiuri Respublika (Bat'umi),Ajaria or Acharis Avtonomiuri Respublika (Bat'umi),State/Province,Georgia,25500,5600,3050,4200,1,4.0
Akhalgoris,Akhalgoris,State/Province,Georgia,25500,5600,3050,4200,1,4.0
Akhalk'alak'is,Akhalk'alak'is,State/Province,Georgia,25500,5600,3050,4200,1,4.0
Akhalts'ikhis,Akhalts'ikhis,State/Province,Georgia,25500,5600,3050,4200,1,4.0
Akhmetis,Akhmetis,State/Province,Georgia,25500,5600,3050,4200,1,4.0
Ambrolauris,Ambrolauris,State/Province,Georgia,25500,5600,3050,4200,1,4.0
Aspindzis,Aspindzis,State/Province,Georgia,25500,5600,3050,4200,1,4.0
Baghdat'is,Baghdat'is,State/Province,Georgia,25500,5600,3050,4200,1,4.0
Bolnisis,Bolnisis,State/Province,Georgia,25500,5600,3050,4200,1,4.0
Borjomis,Borjomis,State/Province,Georgia,25500,5600,3050,4200,1,4.0
Ch'khorotsqus,Ch'khorotsqus,State/Province,Georgia,25500,5600,3050,4200,1,4.0
Ch'okhatauris,Ch'okhatauris,State/Province,Georgia,25500,5600,3050,4200,1,4.0
Chiat'ura,Chiat'ura,State/Province,Georgia,25500,5600,3050,4200,1,4.0
Dedop'listsqaros,Dedop'listsqaros,State/Province,Georgia,25500,5600,3050,4200,1,4.0
Dmanisis,Dmanisis,State/Province,Georgia,25500,5600,3050,4200,1,4.0
Dushet'is,Dushet'is,State/Province,Georgia,25500,5600,3050,4200,1,4.0
Gardabanis,Gardabanis,State/Province,Georgia,25500,5600,3050,4200,1,4.0
Gori,Gori,State/Province,Georgia,25500,5600,3050,4200,1,4.0
Goris,Goris,State/Province,Georgia,25500,5600,3050,4200,1,4.0
Gurjaanis,Gurjaanis,State/Province,Georgia,25500,5600,3050,4200,1,4.0
Javis,Javis,State/Province,Georgia,25500,5600,3050,4200,1,4.0
K'arelis,K'arelis,State/Province,Georgia,25500,5600,3050,4200,1,4.0
K'ut'aisi,K'ut'aisi,State/Province,Georgia,25500,5600,3050,4200,1,4.0
Kaspis,Kaspis,State/Province,Georgia,25500,5600,3050,4200,1,4.0
Kharagaulis,Kharagaulis,State/Province,Georgia,25500,5600,3050,4200,1,4.0
Khashuris,Khashuris,State/Province,Georgia,25500,5600,3050,4200,1,4.0
Khobis,Khobis,State/Province,Georgia,25500,5600,3050,4200,1,4.0
Khonis,Khonis,State/Province,Georgia,25500,5600,3050,4200,1,4.0
Lagodekhis,Lagodekhis,State/Province,Georgia,25500,5600,3050,4200,1,4.0
Lanch'khut'is,Lanch'khut'is,State/Province,Georgia,25500,5600,3050,4200,1,4.0
Lentekhis,Lentekhis,State/Province,Georgia,25500,5600,3050,4200,1,4.0
Marneulis,Marneulis,State/Province,Georgia,25500,5600,3050,4200,1,4.0
Martvilis,Martvilis,State/Province,Georgia,25500,5600,3050,4200,1,4.0
Mestiis,Mestiis,State/Province,Georgia,25500,5600,3050,4200,1,4.0
Mts'khet'is,Mts'khet'is,State/Province,Georgia,25500,5600,3050,4200,1,4.0
Ninotsmindis,Ninotsmindis,State/Province,Georgia,25500,5600,3050,4200,1,4.0
Onis,Onis,State/Province,Georgia,25500,5600,3050,4200,1,4.0
Ozurget'is,Ozurget'is,State/Province,Georgia,25500,5600,3050,4200,1,4.0
P'ot'i,P'ot'i,State/Province,Georgia,25500,5600,3050,4200,1,4.0
Qazbegis,Qazbegis,State/Province,Georgia,25500,5600,3050,4200,1,4.0
Qvarlis,Qvarlis,State/Province,Georgia,25500,5600,3050,4200,1,4.0
Rust'avi,Rust'avi,State/Province,Georgia,25500,5600,3050,4200,1,4.0
Sach'kheris,Sach'kheris,State/Province,Georgia,25500,5600,3050,4200,1,4.0
Sagarejos,Sagarejos,State/Province,Georgia,25500,5600,3050,4200,1,4.0
Samtrediis,Samtrediis,State/Province,Georgia,25500,5600,3050,4200,1,4.0
Senakis,Senakis,State/Province,Georgia,25500,5600,3050,4200,1,4.0
Sighnaghis,Sighnaghis,State/Province,Georgia,25500,5600,3050,4200,1,4.0
T'bilisi,T'bilisi,State/Province,Georgia,25500,5600,3050,4200,1,4.0
T'elavis,T'elavis,State/Province,Georgia,25500,5600,3050,4200,1,4.0
T'erjolis,T'erjolis,State/Province,Georgia,25500,5600,3050,4200,1,4.0
T'et'ritsqaros,T'et'ritsqaros,State/Province,Georgia,25500,5600,3050,4200,1,4.0
T'ianet'is,T'ianet'is,State/Province,Georgia,25500,5600,3050,4200,1,4.0
Tbilisi,Tbilisi,State/Province,Georgia,25500,5600,3050,4200,1,4.0
Tqibuli,Tqibuli,State/Province,Georgia,25500,5600,3050,4200,1,4.0
Ts'ageris,Ts'ageris,State/Province,Georgia,25500,5600,3050,4200,1,4.0
Tsalenjikhis,Tsalenjikhis,State/Province,Georgia,25500,5600,3050,4200,1,4.0
Tsalkis,Tsalkis,State/Province,Georgia,25500,5600,3050,4200,1,4.0
Tsqaltubo,Tsqaltubo,State/Province,Georgia,25500,5600,3050,4200,1,4.0
Vanis,Vanis,State/Province,Georgia,25500,5600,3050,4200,1,4.0
Zestap'onis,Zestap'onis,State/Province,Georgia,25500,5600,3050,4200,1,4.0
Zugdidi,Zugdidi,State/Province,Georgia,25500,5600,3050,4200,1,4.0
Zugdidis,Zugdidis,State/Province,Georgia,25500,5600,3050,4200,1,4.0
Nymphenburg Palace,Munich,Attraction,Germany,55466,999999,999999,6540,0.3,4.5
Berlin,Berlin,Capital City,Germany,72500,15950,8700,9100,2,4.4
Berlin,Berlin,City,Germany,58000,999999,999999,10000,3,4.6
Munich,Munich,City,Germany,55466,999999,999999,6540,3,4.6
Germany,Germany,Country,Germany,73900,16250,8850,9300,3,4.1
Neuschwanstein Castle,Bavaria,Historic Site,Germany,79200,17400,9500,10000,1,4.7
Berlin Wall Memorial,Berlin,Historical,Germany,58000,999999,999999,10000,0.4,4.7
Reichstag Building,Berlin,Historical,Germany,58000,999999,999999,10000,0.3,4.7
Brandenburg Gate,Berlin,Landmark,Germany,75200,16550,9000,9400,1,4.7
Brandenburg Gate,Berlin,Monument,Germany,58000,999999,999999,10000,0.2,4.8
Hofbrauhaus,Munich,Monument,Germany,55466,999999,999999,6540,0.4,4.5
Marienplatz,Munich,Monument,Germany,55466,999999,999999,6540,0.6,4.7
English Garden,Munich,Museum,Germany,55466,999999,999999,6540,0.6,4.8
Cologne Cathedral,Cologne,Religious Place,Germany,68300,15050,8200,8700,1,4.7
Deutsches Museum,Munich,Shopping,Germany,55466,999999,999999,6540,0.4,4.6
Olympiapark,Munich,Shopping,Germany,55466,999999,999999,6540,0.4,4.9
Baden-Wuerttemberg,Baden-Wuerttemberg,State/Province,Germany,57600,12650,6900,7200,1,4.0
Baden-Württemberg,Baden-Württemberg,State/Province,Germany,57600,12650,6900,7200,1,4.0
Bayern,Bayern,State/Province,Germany,57600,12650,6900,7200,1,4.0
Berlin,Berlin,State/Province,Germany,57600,12650,6900,7200,1,4.0
Brandenburg,Brandenburg,State/Province,Germany,57600,12650,6900,7200,1,4.0
Bremen,Bremen,State/Province,Germany,57600,12650,6900,7200,1,4.0
Hamburg,Hamburg,State/Province,Germany,57600,12650,6900,7200,1,4.0
Hessen,Hessen,State/Province,Germany,57600,12650,6900,7200,1,4.0
Mecklenburg-Vorpommern,Mecklenburg-Vorpommern,State/Province,Germany,57600,12650,6900,7200,1,4.0
Niedersachsen,Niedersachsen,State/Province,Germany,57600,12650,6900,7200,1,4.0
Nordrhein-Westfalen,Nordrhein-Westfalen,State/Province,Germany,57600,12650,6900,7200,1,4.0
Rheinland-Pfalz,Rheinland-Pfalz,State/Province,Germany,57600,12650,6900,7200,1,4.0
Saarland,Saarland,State/Province,Germany,57600,12650,6900,7200,1,4.0
Sachsen,Sachsen,State/Province,Germany,57600,12650,6900,7200,1,4.0
Sachsen-Anhalt,Sachsen-Anhalt,State/Province,Germany,57600,12650,6900,7200,1,4.0
Schleswig-Holstein,Schleswig-Holstein,State/Province,Germany,57600,12650,6900,7200,1,4.0
Thueringen,Thueringen,State/Province,Germany,57600,12650,6900,7200,1,4.0
Thüringen,Thüringen,State/Province,Germany,57600,12650,6900,7200,1,4.0
Ahafo,Ahafo,Administrative Region,Ghana,55200,12150,6600,6900,1,4.0
Ashanti,Ashanti,Administrative Region,Ghana,55200,12150,6600,6900,1,4.0
Bono,Bono,Administrative Region,Ghana,55200,12150,6600,6900,1,4.0
Bono East,Bono East,Administrative Region,Ghana,55200,12150,6600,6900,1,4.0
Central,Central,Administrative Region,Ghana,55200,12150,6600,6900,1,4.0
Eastern,Eastern,Administrative Region,Ghana,55200,12150,6600,6900,1,4.0
Greater Accra,Greater Accra,Administrative Region,Ghana,55200,12150,6600,6900,1,4.0
North East,North East,Administrative Region,Ghana,55200,12150,6600,6900,1,4.0
Northern,Northern,Administrative Region,Ghana,55200,12150,6600,6900,1,4.0
Oti,Oti,Administrative Region,Ghana,55200,12150,6600,6900,1,4.0
Savannah,Savannah,Administrative Region,Ghana,55200,12150,6600,6900,1,4.0
Upper East,Upper East,Administrative Region,Ghana,55200,12150,6600,6900,1,4.0
Upper West,Upper West,Administrative Region,Ghana,55200,12150,6600,6900,1,4.0
Volta,Volta,Administrative Region,Ghana,55200,12150,6600,6900,1,4.0
Western,Western,Administrative Region,Ghana,55200,12150,6600,6900,1,4.0
Western North,Western North,Administrative Region,Ghana,55200,12150,6600,6900,1,4.0
Labadi Beach,Accra,Beach,Ghana,65000,999999,999999,6000,0.5,4.2
Accra,Accra,Capital City,Ghana,57500,12650,6900,6900,2,4.4
Accra,Accra,City,Ghana,65000,999999,999999,6000,3,4.5
Ghana,Ghana,Country,Ghana,59000,13000,7100,7100,3,4.1
Kwame Nkrumah Memorial Park,Accra,Monument,Ghana,65000,999999,999999,6000,0.4,4.5
National Museum of Ghana,Accra,Museum,Ghana,65000,999999,999999,6000,0.4,4.3
Ashanti,Ashanti,State/Province,Ghana,55500,12200,6650,6800,1,4.0
Brong-Ahafo,Brong-Ahafo,State/Province,Ghana,55500,12200,6650,6800,1,4.0
Central,Central,State/Province,Ghana,55500,12200,6650,6800,1,4.0
Eastern,Eastern,State/Province,Ghana,55500,12200,6650,6800,1,4.0
Greater Accra,Greater Accra,State/Province,Ghana,55500,12200,6650,6800,1,4.0
Northern,Northern,State/Province,Ghana,55500,12200,6650,6800,1,4.0
Upper East,Upper East,State/Province,Ghana,55500,12200,6650,6800,1,4.0
Upper West,Upper West,State/Province,Ghana,55500,12200,6650,6800,1,4.0
Volta,Volta,State/Province,Ghana,55500,12200,6650,6800,1,4.0
Western,Western,State/Province,Ghana,55500,12200,6650,6800,1,4.0
Gibraltar,Gibraltar,Capital City,Gibraltar,72100,15850,8650,9100,2,4.4
Gibraltar,Gibraltar,Country,Gibraltar,73600,16200,8850,9300,3,4.1
Gibraltar,Gibraltar,State/Province,Gibraltar,57300,12600,6900,7100,1,4.0
Anatolikí Makedonía kai Thráki,Anatolikí Makedonía kai Thráki,Administrative Region,Greece,52800,11600,6350,6500,1,4.0
Attikí,Attikí,Administrative Region,Greece,52800,11600,6350,6500,1,4.0
Dytikí Elláda,Dytikí Elláda,Administrative Region,Greece,52800,11600,6350,6500,1,4.0
Dytikí Makedonía,Dytikí Makedonía,Administrative Region,Greece,52800,11600,6350,6500,1,4.0
Ionía Nísia,Ionía Nísia,Administrative Region,Greece,52800,11600,6350,6500,1,4.0
Kentrikí Makedonía,Kentrikí Makedonía,Administrative Region,Greece,52800,11600,6350,6500,1,4.0
Kríti,Kríti,Administrative Region,Greece,52800,11600,6350,6500,1,4.0
Nótio Aigaío,Nótio Aigaío,Administrative Region,Greece,52800,11600,6350,6500,1,4.0
Pelopónnisos,Pelopónnisos,Administrative Region,Greece,52800,11600,6350,6500,1,4.0
Stereá Elláda,Stereá Elláda,Administrative Region,Greece,52800,11600,6350,6500,1,4.0
Thessalía,Thessalía,Administrative Region,Greece,52800,11600,6350,6500,1,4.0
Vóreio Aigaío,Vóreio Aigaío,Administrative Region,Greece,52800,11600,6350,6500,1,4.0
Ípeiros,Ípeiros,Administrative Region,Greece,52800,11600,6350,6500,1,4.0
Syntagma Square,Athens,Attraction,Greece,45439,999999,999999,7038,0.6,4.5
Parthenon,Athens,Beach,Greece,45439,999999,999999,7038,0.5,4.5
Athens,Athens,Capital City,Greece,68400,15050,8200,8500,2,4.4
Athens,Athens,City,Greece,45439,999999,999999,7038,3,4.6
Greece,Greece,Country,Greece,69900,15400,8400,8700,3,4.1
Acropolis of Athens,Athens,Historic Site,Greece,75100,16500,9000,9400,1,4.7
Santorini Caldera,Santorini,Island/Territory,Greece,83200,18300,10000,10300,1,4.7
Acropolis,Athens,Leisure,Greece,45439,999999,999999,7038,0.5,4.6
Plaka,Athens,Monument,Greece,45439,999999,999999,7038,0.5,4.5
National Archaeological Museum,Athens,Museum,Greece,45439,999999,999999,7038,0.3,4.7
Temple of Olympian Zeus,Athens,Nature,Greece,45439,999999,999999,7038,0.5,4.5
Meteora Monasteries,Meteora,Religious Place,Greece,64300,14150,7700,8100,1,4.7
Aitolia kai Akarnania,Aitolia kai Akarnania,State/Province,Greece,64900,14300,7800,8200,1,4.0
Akhaia,Akhaia,State/Province,Greece,64900,14300,7800,8200,1,4.0
Argolis,Argolis,State/Province,Greece,64900,14300,7800,8200,1,4.0
Arkadhia,Arkadhia,State/Province,Greece,64900,14300,7800,8200,1,4.0
Arta,Arta,State/Province,Greece,64900,14300,7800,8200,1,4.0
Attiki,Attiki,State/Province,Greece,64900,14300,7800,8200,1,4.0
Ayion Oros (Mt. Athos),Ayion Oros (Mt. Athos),State/Province,Greece,64900,14300,7800,8200,1,4.0
Dhodhekanisos,Dhodhekanisos,State/Province,Greece,64900,14300,7800,8200,1,4.0
Drama,Drama,State/Province,Greece,64900,14300,7800,8200,1,4.0
Evritania,Evritania,State/Province,Greece,64900,14300,7800,8200,1,4.0
Evros,Evros,State/Province,Greece,64900,14300,7800,8200,1,4.0
Evvoia,Evvoia,State/Province,Greece,64900,14300,7800,8200,1,4.0
Florina,Florina,State/Province,Greece,64900,14300,7800,8200,1,4.0
Fokis,Fokis,State/Province,Greece,64900,14300,7800,8200,1,4.0
Fthiotis,Fthiotis,State/Province,Greece,64900,14300,7800,8200,1,4.0
Grevena,Grevena,State/Province,Greece,64900,14300,7800,8200,1,4.0
Ilia,Ilia,State/Province,Greece,64900,14300,7800,8200,1,4.0
Imathia,Imathia,State/Province,Greece,64900,14300,7800,8200,1,4.0
Ioannina,Ioannina,State/Province,Greece,64900,14300,7800,8200,1,4.0
Irakleion,Irakleion,State/Province,Greece,64900,14300,7800,8200,1,4.0
Kardhitsa,Kardhitsa,State/Province,Greece,64900,14300,7800,8200,1,4.0
Kastoria,Kastoria,State/Province,Greece,64900,14300,7800,8200,1,4.0
Kavala,Kavala,State/Province,Greece,64900,14300,7800,8200,1,4.0
Kefallinia,Kefallinia,State/Province,Greece,64900,14300,7800,8200,1,4.0
Kerkyra,Kerkyra,State/Province,Greece,64900,14300,7800,8200,1,4.0
Khalkidhiki,Khalkidhiki,State/Province,Greece,64900,14300,7800,8200,1,4.0
Khania,Khania,State/Province,Greece,64900,14300,7800,8200,1,4.0
Khios,Khios,State/Province,Greece,64900,14300,7800,8200,1,4.0
Kikladhes,Kikladhes,State/Province,Greece,64900,14300,7800,8200,1,4.0
Kilkis,Kilkis,State/Province,Greece,64900,14300,7800,8200,1,4.0
Korinthia,Korinthia,State/Province,Greece,64900,14300,7800,8200,1,4.0
Kozani,Kozani,State/Province,Greece,64900,14300,7800,8200,1,4.0
Lakonia,Lakonia,State/Province,Greece,64900,14300,7800,8200,1,4.0
Larisa,Larisa,State/Province,Greece,64900,14300,7800,8200,1,4.0
Lasithi,Lasithi,State/Province,Greece,64900,14300,7800,8200,1,4.0
Lesvos,Lesvos,State/Province,Greece,64900,14300,7800,8200,1,4.0
Levkas,Levkas,State/Province,Greece,64900,14300,7800,8200,1,4.0
Magnisia,Magnisia,State/Province,Greece,64900,14300,7800,8200,1,4.0
Messinia,Messinia,State/Province,Greece,64900,14300,7800,8200,1,4.0
Pella,Pella,State/Province,Greece,64900,14300,7800,8200,1,4.0
Pieria,Pieria,State/Province,Greece,64900,14300,7800,8200,1,4.0
Preveza,Preveza,State/Province,Greece,64900,14300,7800,8200,1,4.0
Rethimni,Rethimni,State/Province,Greece,64900,14300,7800,8200,1,4.0
Rodhopi,Rodhopi,State/Province,Greece,64900,14300,7800,8200,1,4.0
Samos,Samos,State/Province,Greece,64900,14300,7800,8200,1,4.0
Serrai,Serrai,State/Province,Greece,64900,14300,7800,8200,1,4.0
Thesprotia,Thesprotia,State/Province,Greece,64900,14300,7800,8200,1,4.0
Thessaloniki,Thessaloniki,State/Province,Greece,64900,14300,7800,8200,1,4.0
Trikala,Trikala,State/Province,Greece,64900,14300,7800,8200,1,4.0
Voiotia,Voiotia,State/Province,Greece,64900,14300,7800,8200,1,4.0
Xanthi,Xanthi,State/Province,Greece,64900,14300,7800,8200,1,4.0
Zakinthos,Zakinthos,State/Province,Greece,64900,14300,7800,8200,1,4.0
Ágion Óros,Ágion Óros,State/Province,Greece,64900,14300,7800,8200,1,4.0
Avannaata Kommunia,Avannaata Kommunia,Administrative Region,Greenland,71600,15750,8600,7700,1,4.0
Kommune Kujalleq,Kommune Kujalleq,Administrative Region,Greenland,71600,15750,8600,7700,1,4.0
Kommune Qeqertalik,Kommune Qeqertalik,Administrative Region,Greenland,71600,15750,8600,7700,1,4.0
Kommuneqarfik Sermersooq,Kommuneqarfik Sermersooq,Administrative Region,Greenland,71600,15750,8600,7700,1,4.0
Qeqqata Kommunia,Qeqqata Kommunia,Administrative Region,Greenland,71600,15750,8600,7700,1,4.0
Nuuk,Nuuk,Capital City,Greenland,91200,20050,10950,9900,2,4.4
Greenland,Greenland,Country,Greenland,92700,20400,11100,10200,3,4.1
Avannaa (Nordgronland),Avannaa (Nordgronland),State/Province,Greenland,73400,16150,8800,7800,1,4.0
Kitaa (Vestgronland),Kitaa (Vestgronland),State/Province,Greenland,73400,16150,8800,7800,1,4.0
Tunu (Ostgronland),Tunu (Ostgronland),State/Province,Greenland,73400,16150,8800,7800,1,4.0
Saint Andrew,Saint Andrew,Administrative Region,Grenada,69100,15200,8300,7400,1,4.0
Saint David,Saint David,Administrative Region,Grenada,69100,15200,8300,7400,1,4.0
Saint George,Saint George,Administrative Region,Grenada,69100,15200,8300,7400,1,4.0
Saint John,Saint John,Administrative Region,Grenada,69100,15200,8300,7400,1,4.0
Saint Mark,Saint Mark,Administrative Region,Grenada,69100,15200,8300,7400,1,4.0
Saint Patrick,Saint Patrick,Administrative Region,Grenada,69100,15200,8300,7400,1,4.0
St. George's,St. George's,Capital City,Grenada,88700,19500,10650,9600,2,4.4
Grenada,Grenada,Country,Grenada,90200,19850,10800,9800,3,4.1
Carriacou and Petit Martinique,Carriacou and Petit Martinique,State/Province,Grenada,82200,18100,9850,9100,1,4.0
Saint Andrew,Saint Andrew,State/Province,Grenada,82200,18100,9850,9100,1,4.0
Saint David,Saint David,State/Province,Grenada,82200,18100,9850,9100,1,4.0
Saint George,Saint George,State/Province,Grenada,82200,18100,9850,9100,1,4.0
Saint John,Saint John,State/Province,Grenada,82200,18100,9850,9100,1,4.0
Saint Mark,Saint Mark,State/Province,Grenada,82200,18100,9850,9100,1,4.0
Saint Patrick,Saint Patrick,State/Province,Grenada,82200,18100,9850,9100,1,4.0
Southern Grenadine Islands,Southern Grenadine Islands,State/Province,Grenada,82200,18100,9850,9100,1,4.0
Basse-Terre,Basse-Terre,Capital City,Guadeloupe,93800,20650,11250,10300,2,4.4
Guadeloupe,Guadeloupe,Country,Guadeloupe,95300,20950,11450,10500,3,4.1
Basse-Terre,Basse-Terre,State/Province,Guadeloupe,76000,16700,9100,8200,1,4.0
Grande-Terre,Grande-Terre,State/Province,Guadeloupe,76000,16700,9100,8200,1,4.0
Iles de la Petite Terre,Iles de la Petite Terre,State/Province,Guadeloupe,76000,16700,9100,8200,1,4.0
Iles des Saintes,Iles des Saintes,State/Province,Guadeloupe,76000,16700,9100,8200,1,4.0
Marie-Galante,Marie-Galante,State/Province,Guadeloupe,76000,16700,9100,8200,1,4.0
Hagåtña,Hagåtña,Capital City,Guam,94200,20700,11300,10100,2,4.4
Guam,Guam,Country,Guam,95600,21050,11450,10400,3,4.1
Guam,Guam,State/Province,Guam,86900,19100,10450,9600,1,4.0
Alta Verapaz,Alta Verapaz,Administrative Region,Guatemala,71700,15750,8600,7800,1,4.0
Baja Verapaz,Baja Verapaz,Administrative Region,Guatemala,71700,15750,8600,7800,1,4.0
Chimaltenango,Chimaltenango,Administrative Region,Guatemala,71700,15750,8600,7800,1,4.0
Chiquimula,Chiquimula,Administrative Region,Guatemala,71700,15750,8600,7800,1,4.0
El Progreso,El Progreso,Administrative Region,Guatemala,71700,15750,8600,7800,1,4.0
Escuintla,Escuintla,Administrative Region,Guatemala,71700,15750,8600,7800,1,4.0
Guatemala,Guatemala,Administrative Region,Guatemala,71700,15750,8600,7800,1,4.0
Huehuetenango,Huehuetenango,Administrative Region,Guatemala,71700,15750,8600,7800,1,4.0
Izabal,Izabal,Administrative Region,Guatemala,71700,15750,8600,7800,1,4.0
Jalapa,Jalapa,Administrative Region,Guatemala,71700,15750,8600,7800,1,4.0
Jutiapa,Jutiapa,Administrative Region,Guatemala,71700,15750,8600,7800,1,4.0
Petén,Petén,Administrative Region,Guatemala,71700,15750,8600,7800,1,4.0
Quetzaltenango,Quetzaltenango,Administrative Region,Guatemala,71700,15750,8600,7800,1,4.0
Quiché,Quiché,Administrative Region,Guatemala,71700,15750,8600,7800,1,4.0
Retalhuleu,Retalhuleu,Administrative Region,Guatemala,71700,15750,8600,7800,1,4.0
Sacatepéquez,Sacatepéquez,Administrative Region,Guatemala,71700,15750,8600,7800,1,4.0
San Marcos,San Marcos,Administrative Region,Guatemala,71700,15750,8600,7800,1,4.0
Santa Rosa,Santa Rosa,Administrative Region,Guatemala,71700,15750,8600,7800,1,4.0
Sololá,Sololá,Administrative Region,Guatemala,71700,15750,8600,7800,1,4.0
Suchitepéquez,Suchitepéquez,Administrative Region,Guatemala,71700,15750,8600,7800,1,4.0
Totonicapán,Totonicapán,Administrative Region,Guatemala,71700,15750,8600,7800,1,4.0
Zacapa,Zacapa,Administrative Region,Guatemala,71700,15750,8600,7800,1,4.0
Guatemala City,Guatemala City,Capital City,Guatemala,91300,20100,10950,10000,2,4.4
Guatemala,Guatemala,Country,Guatemala,92800,20400,11150,10200,3,4.1
Alta Verapaz,Alta Verapaz,State/Province,Guatemala,73500,16150,8800,7800,1,4.0
Baja Verapaz,Baja Verapaz,State/Province,Guatemala,73500,16150,8800,7800,1,4.0
Chimaltenango,Chimaltenango,State/Province,Guatemala,73500,16150,8800,7800,1,4.0
Chiquimula,Chiquimula,State/Province,Guatemala,73500,16150,8800,7800,1,4.0
El Progreso,El Progreso,State/Province,Guatemala,73500,16150,8800,7800,1,4.0
Escuintla,Escuintla,State/Province,Guatemala,73500,16150,8800,7800,1,4.0
Guatemala,Guatemala,State/Province,Guatemala,73500,16150,8800,7800,1,4.0
Huehuetenango,Huehuetenango,State/Province,Guatemala,73500,16150,8800,7800,1,4.0
Izabal,Izabal,State/Province,Guatemala,73500,16150,8800,7800,1,4.0
Jalapa,Jalapa,State/Province,Guatemala,73500,16150,8800,7800,1,4.0
Jutiapa,Jutiapa,State/Province,Guatemala,73500,16150,8800,7800,1,4.0
Peten,Peten,State/Province,Guatemala,73500,16150,8800,7800,1,4.0
Quetzaltenango,Quetzaltenango,State/Province,Guatemala,73500,16150,8800,7800,1,4.0
Quiche,Quiche,State/Province,Guatemala,73500,16150,8800,7800,1,4.0
Retalhuleu,Retalhuleu,State/Province,Guatemala,73500,16150,8800,7800,1,4.0
Sacatepequez,Sacatepequez,State/Province,Guatemala,73500,16150,8800,7800,1,4.0
San Marcos,San Marcos,State/Province,Guatemala,73500,16150,8800,7800,1,4.0
Santa Rosa,Santa Rosa,State/Province,Guatemala,73500,16150,8800,7800,1,4.0
Solola,Solola,State/Province,Guatemala,73500,16150,8800,7800,1,4.0
Suchitepequez,Suchitepequez,State/Province,Guatemala,73500,16150,8800,7800,1,4.0
Totonicapan,Totonicapan,State/Province,Guatemala,73500,16150,8800,7800,1,4.0
Zacapa,Zacapa,State/Province,Guatemala,73500,16150,8800,7800,1,4.0
St. Peter Port,St. Peter Port,Capital City,Guernsey,75500,16600,9050,9600,2,4.4
Guernsey,Guernsey,Country,Guernsey,65700,14450,7900,8100,3,4.1
Castel,Castel,State/Province,Guernsey,60700,13350,7300,7600,1,4.0
Forest,Forest,State/Province,Guernsey,60700,13350,7300,7600,1,4.0
St. Andrew,St. Andrew,State/Province,Guernsey,60700,13350,7300,7600,1,4.0
St. Martin,St. Martin,State/Province,Guernsey,60700,13350,7300,7600,1,4.0
St. Peter Port,St. Peter Port,State/Province,Guernsey,60700,13350,7300,7600,1,4.0
St. Pierre du Bois,St. Pierre du Bois,State/Province,Guernsey,60700,13350,7300,7600,1,4.0
St. Sampson,St. Sampson,State/Province,Guernsey,60700,13350,7300,7600,1,4.0
St. Saviour,St. Saviour,State/Province,Guernsey,60700,13350,7300,7600,1,4.0
Torteval,Torteval,State/Province,Guernsey,60700,13350,7300,7600,1,4.0
Vale,Vale,State/Province,Guernsey,60700,13350,7300,7600,1,4.0
Boké,Boké,Administrative Region,Guinea,46400,10200,5550,5600,1,4.0
Faranah,Faranah,Administrative Region,Guinea,46400,10200,5550,5600,1,4.0
Kankan,Kankan,Administrative Region,Guinea,46400,10200,5550,5600,1,4.0
Kindia,Kindia,Administrative Region,Guinea,46400,10200,5550,5600,1,4.0
Labé,Labé,Administrative Region,Guinea,46400,10200,5550,5600,1,4.0
Mamou,Mamou,Administrative Region,Guinea,46400,10200,5550,5600,1,4.0
Nzérékoré,Nzérékoré,Administrative Region,Guinea,46400,10200,5550,5600,1,4.0
Conakry,Conakry,Capital City,Guinea,60000,13200,7200,7200,2,4.4
Guinea,Guinea,Country,Guinea,61400,13500,7350,7500,3,4.1
Beyla,Beyla,State/Province,Guinea,57900,12750,6950,7200,1,4.0
Boffa,Boffa,State/Province,Guinea,57900,12750,6950,7200,1,4.0
Boke,Boke,State/Province,Guinea,57900,12750,6950,7200,1,4.0
Boké,Boké,State/Province,Guinea,57900,12750,6950,7200,1,4.0
Conakry,Conakry,State/Province,Guinea,57900,12750,6950,7200,1,4.0
Coyah,Coyah,State/Province,Guinea,57900,12750,6950,7200,1,4.0
Dabola,Dabola,State/Province,Guinea,57900,12750,6950,7200,1,4.0
Dalaba,Dalaba,State/Province,Guinea,57900,12750,6950,7200,1,4.0
Dinguiraye,Dinguiraye,State/Province,Guinea,57900,12750,6950,7200,1,4.0
Dubreka,Dubreka,State/Province,Guinea,57900,12750,6950,7200,1,4.0
Dubréka,Dubréka,State/Province,Guinea,57900,12750,6950,7200,1,4.0
Faranah,Faranah,State/Province,Guinea,57900,12750,6950,7200,1,4.0
Forecariah,Forecariah,State/Province,Guinea,57900,12750,6950,7200,1,4.0
Forécariah,Forécariah,State/Province,Guinea,57900,12750,6950,7200,1,4.0
Fria,Fria,State/Province,Guinea,57900,12750,6950,7200,1,4.0
Gaoual,Gaoual,State/Province,Guinea,57900,12750,6950,7200,1,4.0
Gueckedou,Gueckedou,State/Province,Guinea,57900,12750,6950,7200,1,4.0
Guékédou,Guékédou,State/Province,Guinea,57900,12750,6950,7200,1,4.0
Kankan,Kankan,State/Province,Guinea,57900,12750,6950,7200,1,4.0
Kerouane,Kerouane,State/Province,Guinea,57900,12750,6950,7200,1,4.0
Kindia,Kindia,State/Province,Guinea,57900,12750,6950,7200,1,4.0
Kissidougou,Kissidougou,State/Province,Guinea,57900,12750,6950,7200,1,4.0
Koubia,Koubia,State/Province,Guinea,57900,12750,6950,7200,1,4.0
Koundara,Koundara,State/Province,Guinea,57900,12750,6950,7200,1,4.0
Kouroussa,Kouroussa,State/Province,Guinea,57900,12750,6950,7200,1,4.0
Kérouané,Kérouané,State/Province,Guinea,57900,12750,6950,7200,1,4.0
Labe,Labe,State/Province,Guinea,57900,12750,6950,7200,1,4.0
Labé,Labé,State/Province,Guinea,57900,12750,6950,7200,1,4.0
Lelouma,Lelouma,State/Province,Guinea,57900,12750,6950,7200,1,4.0
Lola,Lola,State/Province,Guinea,57900,12750,6950,7200,1,4.0
Lélouma,Lélouma,State/Province,Guinea,57900,12750,6950,7200,1,4.0
Macenta,Macenta,State/Province,Guinea,57900,12750,6950,7200,1,4.0
Mali,Mali,State/Province,Guinea,57900,12750,6950,7200,1,4.0
Mamou,Mamou,State/Province,Guinea,57900,12750,6950,7200,1,4.0
Mandiana,Mandiana,State/Province,Guinea,57900,12750,6950,7200,1,4.0
Nzerekore,Nzerekore,State/Province,Guinea,57900,12750,6950,7200,1,4.0
Nzérékoré,Nzérékoré,State/Province,Guinea,57900,12750,6950,7200,1,4.0
Pita,Pita,State/Province,Guinea,57900,12750,6950,7200,1,4.0
Siguiri,Siguiri,State/Province,Guinea,57900,12750,6950,7200,1,4.0
Telimele,Telimele,State/Province,Guinea,57900,12750,6950,7200,1,4.0
Tougue,Tougue,State/Province,Guinea,57900,12750,6950,7200,1,4.0
Tougué,Tougué,State/Province,Guinea,57900,12750,6950,7200,1,4.0
Télimélé,Télimélé,State/Province,Guinea,57900,12750,6950,7200,1,4.0
Yomou,Yomou,State/Province,Guinea,57900,12750,6950,7200,1,4.0
Bafatá,Bafatá,Administrative Region,Guinea-Bissau,53200,11700,6400,6600,1,4.0
Biombo,Biombo,Administrative Region,Guinea-Bissau,53200,11700,6400,6600,1,4.0
Bolama / Bijagós,Bolama / Bijagós,Administrative Region,Guinea-Bissau,53200,11700,6400,6600,1,4.0
Cacheu,Cacheu,Administrative Region,Guinea-Bissau,53200,11700,6400,6600,1,4.0
Gabú,Gabú,Administrative Region,Guinea-Bissau,53200,11700,6400,6600,1,4.0
Oio,Oio,Administrative Region,Guinea-Bissau,53200,11700,6400,6600,1,4.0
Quinara,Quinara,Administrative Region,Guinea-Bissau,53200,11700,6400,6600,1,4.0
Tombali,Tombali,Administrative Region,Guinea-Bissau,53200,11700,6400,6600,1,4.0
Bissau,Bissau,Capital City,Guinea-Bissau,55500,12200,6650,6600,2,4.4
Guinea-Bissau,Guinea-Bissau,Country,Guinea-Bissau,56900,12500,6850,6800,3,4.1
Bafata,Bafata,State/Province,Guinea-Bissau,53400,11750,6400,6500,1,4.0
Biombo,Biombo,State/Province,Guinea-Bissau,53400,11750,6400,6500,1,4.0
Bissau,Bissau,State/Province,Guinea-Bissau,53400,11750,6400,6500,1,4.0
Bolama-Bijagos,Bolama-Bijagos,State/Province,Guinea-Bissau,53400,11750,6400,6500,1,4.0
Cacheu,Cacheu,State/Province,Guinea-Bissau,53400,11750,6400,6500,1,4.0
Gabu,Gabu,State/Province,Guinea-Bissau,53400,11750,6400,6500,1,4.0
Leste,Leste,State/Province,Guinea-Bissau,53400,11750,6400,6500,1,4.0
Norte,Norte,State/Province,Guinea-Bissau,53400,11750,6400,6500,1,4.0
Oio,Oio,State/Province,Guinea-Bissau,53400,11750,6400,6500,1,4.0
Quinara,Quinara,State/Province,Guinea-Bissau,53400,11750,6400,6500,1,4.0
Sul,Sul,State/Province,Guinea-Bissau,53400,11750,6400,6500,1,4.0
Tombali,Tombali,State/Province,Guinea-Bissau,53400,11750,6400,6500,1,4.0
Barima-Waini,Barima-Waini,Administrative Region,Guyana,71700,15750,8600,7800,1,4.0
Cuyuni-Mazaruni,Cuyuni-Mazaruni,Administrative Region,Guyana,71700,15750,8600,7800,1,4.0
Demerara-Mahaica,Demerara-Mahaica,Administrative Region,Guyana,71700,15750,8600,7800,1,4.0
East Berbice-Corentyne,East Berbice-Corentyne,Administrative Region,Guyana,71700,15750,8600,7800,1,4.0
Essequibo Islands-West Demerara,Essequibo Islands-West Demerara,Administrative Region,Guyana,71700,15750,8600,7800,1,4.0
Mahaica-Berbice,Mahaica-Berbice,Administrative Region,Guyana,71700,15750,8600,7800,1,4.0
Pomeroon-Supenaam,Pomeroon-Supenaam,Administrative Region,Guyana,71700,15750,8600,7800,1,4.0
Potaro-Siparuni,Potaro-Siparuni,Administrative Region,Guyana,71700,15750,8600,7800,1,4.0
Upper Demerara-Berbice,Upper Demerara-Berbice,Administrative Region,Guyana,71700,15750,8600,7800,1,4.0
Upper Takutu-Upper Essequibo,Upper Takutu-Upper Essequibo,Administrative Region,Guyana,71700,15750,8600,7800,1,4.0
Georgetown,Georgetown,Capital City,Guyana,91300,20100,10950,10000,2,4.4
Guyana,Guyana,Country,Guyana,92800,20400,11150,10200,3,4.1
Barima-Waini,Barima-Waini,State/Province,Guyana,73500,16150,8800,7800,1,4.0
Cuyuni-Mazaruni,Cuyuni-Mazaruni,State/Province,Guyana,73500,16150,8800,7800,1,4.0
Demerara-Mahaica,Demerara-Mahaica,State/Province,Guyana,73500,16150,8800,7800,1,4.0
East Berbice-Corentyne,East Berbice-Corentyne,State/Province,Guyana,73500,16150,8800,7800,1,4.0
Essequibo Islands-West Demerara,Essequibo Islands-West Demerara,State/Province,Guyana,73500,16150,8800,7800,1,4.0
Mahaica-Berbice,Mahaica-Berbice,State/Province,Guyana,73500,16150,8800,7800,1,4.0
Pomeroon-Supenaam,Pomeroon-Supenaam,State/Province,Guyana,73500,16150,8800,7800,1,4.0
Potaro-Siparuni,Potaro-Siparuni,State/Province,Guyana,73500,16150,8800,7800,1,4.0
Upper Demerara-Berbice,Upper Demerara-Berbice,State/Province,Guyana,73500,16150,8800,7800,1,4.0
Upper Takutu-Upper Essequibo,Upper Takutu-Upper Essequibo,State/Province,Guyana,73500,16150,8800,7800,1,4.0
Artibonite,Artibonite,Administrative Region,Haiti,69700,15350,8350,7500,1,4.0
Centre,Centre,Administrative Region,Haiti,69700,15350,8350,7500,1,4.0
Grande’Anse,Grande’Anse,Administrative Region,Haiti,69700,15350,8350,7500,1,4.0
Nippes,Nippes,Administrative Region,Haiti,69700,15350,8350,7500,1,4.0
Nord,Nord,Administrative Region,Haiti,69700,15350,8350,7500,1,4.0
Nord-Est,Nord-Est,Administrative Region,Haiti,69700,15350,8350,7500,1,4.0
Nord-Ouest,Nord-Ouest,Administrative Region,Haiti,69700,15350,8350,7500,1,4.0
Ouest,Ouest,Administrative Region,Haiti,69700,15350,8350,7500,1,4.0
Sud,Sud,Administrative Region,Haiti,69700,15350,8350,7500,1,4.0
Sud-Est,Sud-Est,Administrative Region,Haiti,69700,15350,8350,7500,1,4.0
Port-au-Prince,Port-au-Prince,Capital City,Haiti,89300,19650,10700,9600,2,4.4
Haiti,Haiti,Country,Haiti,90800,20000,10900,9900,3,4.1
Artibonite,Artibonite,State/Province,Haiti,82800,18200,9950,9200,1,4.0
Centre,Centre,State/Province,Haiti,82800,18200,9950,9200,1,4.0
Grand'Anse,Grand'Anse,State/Province,Haiti,82800,18200,9950,9200,1,4.0
Nord,Nord,State/Province,Haiti,82800,18200,9950,9200,1,4.0
Nord-Est,Nord-Est,State/Province,Haiti,82800,18200,9950,9200,1,4.0
Nord-Ouest,Nord-Ouest,State/Province,Haiti,82800,18200,9950,9200,1,4.0
Ouest,Ouest,State/Province,Haiti,82800,18200,9950,9200,1,4.0
Sud,Sud,State/Province,Haiti,82800,18200,9950,9200,1,4.0
Sud-Est,Sud-Est,State/Province,Haiti,82800,18200,9950,9200,1,4.0
Heard Island and McDonald Islands,Heard Island and McDonald Islands,Country,Heard Island and McDonald Islands,67500,14850,8100,7100,3,4.1
Heard Island and McDonald Islands,Heard Island and McDonald Islands,State/Province,Heard Island and McDonald Islands,51900,11400,6250,5200,1,4.0
Holy See (Vatican City State),Holy See (Vatican City State),Country,Holy See (Vatican City State),70600,15550,8450,7600,3,4.1
Atlántida,Atlántida,Administrative Region,Honduras,74300,16350,8900,8200,1,4.0
Choluteca,Choluteca,Administrative Region,Honduras,74300,16350,8900,8200,1,4.0
Colón,Colón,Administrative Region,Honduras,74300,16350,8900,8200,1,4.0
Comayagua,Comayagua,Administrative Region,Honduras,74300,16350,8900,8200,1,4.0
Copán,Copán,Administrative Region,Honduras,74300,16350,8900,8200,1,4.0
Cortés,Cortés,Administrative Region,Honduras,74300,16350,8900,8200,1,4.0
El Paraíso,El Paraíso,Administrative Region,Honduras,74300,16350,8900,8200,1,4.0
Francisco Morazán,Francisco Morazán,Administrative Region,Honduras,74300,16350,8900,8200,1,4.0
Gracias a Dios,Gracias a Dios,Administrative Region,Honduras,74300,16350,8900,8200,1,4.0
Intibucá,Intibucá,Administrative Region,Honduras,74300,16350,8900,8200,1,4.0
Islas de la Bahía,Islas de la Bahía,Administrative Region,Honduras,74300,16350,8900,8200,1,4.0
La Paz,La Paz,Administrative Region,Honduras,74300,16350,8900,8200,1,4.0
Lempira,Lempira,Administrative Region,Honduras,74300,16350,8900,8200,1,4.0
Ocotepeque,Ocotepeque,Administrative Region,Honduras,74300,16350,8900,8200,1,4.0
Olancho,Olancho,Administrative Region,Honduras,74300,16350,8900,8200,1,4.0
Santa Bárbara,Santa Bárbara,Administrative Region,Honduras,74300,16350,8900,8200,1,4.0
Valle,Valle,Administrative Region,Honduras,74300,16350,8900,8200,1,4.0
Yoro,Yoro,Administrative Region,Honduras,74300,16350,8900,8200,1,4.0
Tegucigalpa,Tegucigalpa,Capital City,Honduras,93900,20650,11250,10300,2,4.4
Honduras,Honduras,Country,Honduras,95400,21000,11450,10600,3,4.1
Atlantida,Atlantida,State/Province,Honduras,76100,16750,9150,8200,1,4.0
Choluteca,Choluteca,State/Province,Honduras,76100,16750,9150,8200,1,4.0
Colon,Colon,State/Province,Honduras,76100,16750,9150,8200,1,4.0
Comayagua,Comayagua,State/Province,Honduras,76100,16750,9150,8200,1,4.0
Copan,Copan,State/Province,Honduras,76100,16750,9150,8200,1,4.0
Cortes,Cortes,State/Province,Honduras,76100,16750,9150,8200,1,4.0
El Paraiso,El Paraiso,State/Province,Honduras,76100,16750,9150,8200,1,4.0
Francisco Morazan,Francisco Morazan,State/Province,Honduras,76100,16750,9150,8200,1,4.0
Gracias a Dios,Gracias a Dios,State/Province,Honduras,76100,16750,9150,8200,1,4.0
Intibuca,Intibuca,State/Province,Honduras,76100,16750,9150,8200,1,4.0
Islas de la Bahia,Islas de la Bahia,State/Province,Honduras,76100,16750,9150,8200,1,4.0
La Paz,La Paz,State/Province,Honduras,76100,16750,9150,8200,1,4.0
Lempira,Lempira,State/Province,Honduras,76100,16750,9150,8200,1,4.0
Ocotepeque,Ocotepeque,State/Province,Honduras,76100,16750,9150,8200,1,4.0
Olancho,Olancho,State/Province,Honduras,76100,16750,9150,8200,1,4.0
Santa Barbara,Santa Barbara,State/Province,Honduras,76100,16750,9150,8200,1,4.0
Valle,Valle,State/Province,Honduras,76100,16750,9150,8200,1,4.0
Yoro,Yoro,State/Province,Honduras,76100,16750,9150,8200,1,4.0
Star Ferry,Hong Kong,Attraction,Hong Kong,48018,999999,999999,12181,0.6,4.9
City of Victoria,City of Victoria,Capital City,Hong Kong,37900,8350,4550,6200,2,4.4
Hong Kong,Hong Kong,City,Hong Kong,48018,999999,999999,12181,3,4.6
Hong Kong,Hong Kong,Country,Hong Kong,39400,8650,4750,6400,3,4.1
Tian Tan Buddha,Hong Kong,Historical,Hong Kong,48018,999999,999999,12181,0.5,4.5
Ocean Park,Hong Kong,Leisure,Hong Kong,48018,999999,999999,12181,0.6,4.9
Temple Street Night Market,Hong Kong,Leisure,Hong Kong,48018,999999,999999,12181,0.3,4.6
Hong Kong Disneyland,Hong Kong,Nature,Hong Kong,48018,999999,999999,12181,0.3,4.9
Victoria Peak,Hong Kong,Nature,Hong Kong,48018,999999,999999,12181,0.4,4.9
Hong Kong,Hong Kong,State/Province,Hong Kong,28300,6250,3400,4700,1,4.0
Baranya,Baranya,Administrative Region,Hungary,58100,12800,6950,7300,1,4.0
Borsod-Abaúj-Zemplén,Borsod-Abaúj-Zemplén,Administrative Region,Hungary,58100,12800,6950,7300,1,4.0
Bács-Kiskun,Bács-Kiskun,Administrative Region,Hungary,58100,12800,6950,7300,1,4.0
Békés,Békés,Administrative Region,Hungary,58100,12800,6950,7300,1,4.0
Békéscsaba,Békéscsaba,Administrative Region,Hungary,58100,12800,6950,7300,1,4.0
Csongrád-Csanád,Csongrád-Csanád,Administrative Region,Hungary,58100,12800,6950,7300,1,4.0
Debrecen,Debrecen,Administrative Region,Hungary,58100,12800,6950,7300,1,4.0
Dunaújváros,Dunaújváros,Administrative Region,Hungary,58100,12800,6950,7300,1,4.0
Eger,Eger,Administrative Region,Hungary,58100,12800,6950,7300,1,4.0
Fejér,Fejér,Administrative Region,Hungary,58100,12800,6950,7300,1,4.0
Győr,Győr,Administrative Region,Hungary,58100,12800,6950,7300,1,4.0
Győr-Moson-Sopron,Győr-Moson-Sopron,Administrative Region,Hungary,58100,12800,6950,7300,1,4.0
Hajdú-Bihar,Hajdú-Bihar,Administrative Region,Hungary,58100,12800,6950,7300,1,4.0
Heves,Heves,Administrative Region,Hungary,58100,12800,6950,7300,1,4.0
Hódmezővásárhely,Hódmezővásárhely,Administrative Region,Hungary,58100,12800,6950,7300,1,4.0
Jász-Nagykun-Szolnok,Jász-Nagykun-Szolnok,Administrative Region,Hungary,58100,12800,6950,7300,1,4.0
Kaposvár,Kaposvár,Administrative Region,Hungary,58100,12800,6950,7300,1,4.0
Kecskemét,Kecskemét,Administrative Region,Hungary,58100,12800,6950,7300,1,4.0
Komárom-Esztergom,Komárom-Esztergom,Administrative Region,Hungary,58100,12800,6950,7300,1,4.0
Miskolc,Miskolc,Administrative Region,Hungary,58100,12800,6950,7300,1,4.0
Nagykanizsa,Nagykanizsa,Administrative Region,Hungary,58100,12800,6950,7300,1,4.0
Nyíregyháza,Nyíregyháza,Administrative Region,Hungary,58100,12800,6950,7300,1,4.0
Nógrád,Nógrád,Administrative Region,Hungary,58100,12800,6950,7300,1,4.0
Pest,Pest,Administrative Region,Hungary,58100,12800,6950,7300,1,4.0
Pécs,Pécs,Administrative Region,Hungary,58100,12800,6950,7300,1,4.0
Salgótarján,Salgótarján,Administrative Region,Hungary,58100,12800,6950,7300,1,4.0
Somogy,Somogy,Administrative Region,Hungary,58100,12800,6950,7300,1,4.0
Sopron,Sopron,Administrative Region,Hungary,58100,12800,6950,7300,1,4.0
Szabolcs-Szatmár-Bereg,Szabolcs-Szatmár-Bereg,Administrative Region,Hungary,58100,12800,6950,7300,1,4.0
Szeged,Szeged,Administrative Region,Hungary,58100,12800,6950,7300,1,4.0
Szekszárd,Szekszárd,Administrative Region,Hungary,58100,12800,6950,7300,1,4.0
Szolnok,Szolnok,Administrative Region,Hungary,58100,12800,6950,7300,1,4.0
Szombathely,Szombathely,Administrative Region,Hungary,58100,12800,6950,7300,1,4.0
Székesfehérvár,Székesfehérvár,Administrative Region,Hungary,58100,12800,6950,7300,1,4.0
Tatabánya,Tatabánya,Administrative Region,Hungary,58100,12800,6950,7300,1,4.0
Tolna,Tolna,Administrative Region,Hungary,58100,12800,6950,7300,1,4.0
Vas,Vas,Administrative Region,Hungary,58100,12800,6950,7300,1,4.0
Veszprém,Veszprém,Administrative Region,Hungary,58100,12800,6950,7300,1,4.0
Zala,Zala,Administrative Region,Hungary,58100,12800,6950,7300,1,4.0
Zalaegerszeg,Zalaegerszeg,Administrative Region,Hungary,58100,12800,6950,7300,1,4.0
Érd,Érd,Administrative Region,Hungary,58100,12800,6950,7300,1,4.0
Budapest,Budapest,City,Hungary,79367,999999,999999,6341,3,4.6
Hungary,Hungary,Country,Hungary,75200,16550,9000,9500,3,4.1
Buda Castle,Budapest,Historic Site,Hungary,69200,15200,8300,8500,1,4.7
Chain Bridge,Budapest,Museum,Hungary,79367,999999,999999,6341,0.3,4.7
Fisherman's Bastion,Budapest,Museum,Hungary,79367,999999,999999,6341,0.4,4.7
Heroes' Square,Budapest,Museum,Hungary,79367,999999,999999,6341,0.5,4.7
Széchenyi Thermal Bath,Budapest,Museum,Hungary,79367,999999,999999,6341,0.3,4.8
Hungarian Parliament Building,Budapest,Park,Hungary,79367,999999,999999,6341,0.6,4.5
Buda Castle,Budapest,Shopping,Hungary,79367,999999,999999,6341,0.4,4.5
Budapest,Budapest,State/Province,Hungary,58900,12950,7050,7300,1,4.0
Howland Island,Howland Island,State/Province,Hungary,58900,12950,7050,7300,1,4.0
Akraneskaupstaður,Akraneskaupstaður,Administrative Region,Iceland,52900,11650,6350,6500,1,4.0
Akureyrarbær,Akureyrarbær,Administrative Region,Iceland,52900,11650,6350,6500,1,4.0
Austurland,Austurland,Administrative Region,Iceland,52900,11650,6350,6500,1,4.0
Bláskógabyggð,Bláskógabyggð,Administrative Region,Iceland,52900,11650,6350,6500,1,4.0
Bolungarvíkurkaupstaður,Bolungarvíkurkaupstaður,Administrative Region,Iceland,52900,11650,6350,6500,1,4.0
Borgarbyggð,Borgarbyggð,Administrative Region,Iceland,52900,11650,6350,6500,1,4.0
Dalabyggð,Dalabyggð,Administrative Region,Iceland,52900,11650,6350,6500,1,4.0
Dalvíkurbyggð,Dalvíkurbyggð,Administrative Region,Iceland,52900,11650,6350,6500,1,4.0
Eyja- og Miklaholtshreppur,Eyja- og Miklaholtshreppur,Administrative Region,Iceland,52900,11650,6350,6500,1,4.0
Eyjafjarðarsveit,Eyjafjarðarsveit,Administrative Region,Iceland,52900,11650,6350,6500,1,4.0
Fjallabyggð,Fjallabyggð,Administrative Region,Iceland,52900,11650,6350,6500,1,4.0
Fjarðabyggð,Fjarðabyggð,Administrative Region,Iceland,52900,11650,6350,6500,1,4.0
Fljótsdalshreppur,Fljótsdalshreppur,Administrative Region,Iceland,52900,11650,6350,6500,1,4.0
Flóahreppur,Flóahreppur,Administrative Region,Iceland,52900,11650,6350,6500,1,4.0
Garðabær,Garðabær,Administrative Region,Iceland,52900,11650,6350,6500,1,4.0
Grindavíkurbær,Grindavíkurbær,Administrative Region,Iceland,52900,11650,6350,6500,1,4.0
Grundarfjarðarbær,Grundarfjarðarbær,Administrative Region,Iceland,52900,11650,6350,6500,1,4.0
Grímsnes- og Grafningshreppur,Grímsnes- og Grafningshreppur,Administrative Region,Iceland,52900,11650,6350,6500,1,4.0
Grýtubakkahreppur,Grýtubakkahreppur,Administrative Region,Iceland,52900,11650,6350,6500,1,4.0
Hafnarfjarðarkaupstaður,Hafnarfjarðarkaupstaður,Administrative Region,Iceland,52900,11650,6350,6500,1,4.0
Hrunamannahreppur,Hrunamannahreppur,Administrative Region,Iceland,52900,11650,6350,6500,1,4.0
Hvalfjarðarsveit,Hvalfjarðarsveit,Administrative Region,Iceland,52900,11650,6350,6500,1,4.0
Hveragerðisbær,Hveragerðisbær,Administrative Region,Iceland,52900,11650,6350,6500,1,4.0
Höfuðborgarsvæði,Höfuðborgarsvæði,Administrative Region,Iceland,52900,11650,6350,6500,1,4.0
Hörgársveit,Hörgársveit,Administrative Region,Iceland,52900,11650,6350,6500,1,4.0
Húnabyggð,Húnabyggð,Administrative Region,Iceland,52900,11650,6350,6500,1,4.0
Húnaþing vestra,Húnaþing vestra,Administrative Region,Iceland,52900,11650,6350,6500,1,4.0
Kaldrananeshreppur,Kaldrananeshreppur,Administrative Region,Iceland,52900,11650,6350,6500,1,4.0
Kjósarhreppur,Kjósarhreppur,Administrative Region,Iceland,52900,11650,6350,6500,1,4.0
Kópavogsbær,Kópavogsbær,Administrative Region,Iceland,52900,11650,6350,6500,1,4.0
Langanesbyggð,Langanesbyggð,Administrative Region,Iceland,52900,11650,6350,6500,1,4.0
Mosfellsbær,Mosfellsbær,Administrative Region,Iceland,52900,11650,6350,6500,1,4.0
Múlaþing,Múlaþing,Administrative Region,Iceland,52900,11650,6350,6500,1,4.0
Mýrdalshreppur,Mýrdalshreppur,Administrative Region,Iceland,52900,11650,6350,6500,1,4.0
Norðurland eystra,Norðurland eystra,Administrative Region,Iceland,52900,11650,6350,6500,1,4.0
Norðurland vestra,Norðurland vestra,Administrative Region,Iceland,52900,11650,6350,6500,1,4.0
Norðurþing,Norðurþing,Administrative Region,Iceland,52900,11650,6350,6500,1,4.0
Rangárþing eystra,Rangárþing eystra,Administrative Region,Iceland,52900,11650,6350,6500,1,4.0
Rangárþing ytra,Rangárþing ytra,Administrative Region,Iceland,52900,11650,6350,6500,1,4.0
Reykhólahreppur,Reykhólahreppur,Administrative Region,Iceland,52900,11650,6350,6500,1,4.0
Reykjanesbær,Reykjanesbær,Administrative Region,Iceland,52900,11650,6350,6500,1,4.0
Reykjavíkurborg,Reykjavíkurborg,Administrative Region,Iceland,52900,11650,6350,6500,1,4.0
Seltjarnarnesbær,Seltjarnarnesbær,Administrative Region,Iceland,52900,11650,6350,6500,1,4.0
Skaftárhreppur,Skaftárhreppur,Administrative Region,Iceland,52900,11650,6350,6500,1,4.0
Skagabyggð,Skagabyggð,Administrative Region,Iceland,52900,11650,6350,6500,1,4.0
Skagafjörður,Skagafjörður,Administrative Region,Iceland,52900,11650,6350,6500,1,4.0
Skeiða- og Gnúpverjahreppur,Skeiða- og Gnúpverjahreppur,Administrative Region,Iceland,52900,11650,6350,6500,1,4.0
Skorradalshreppur,Skorradalshreppur,Administrative Region,Iceland,52900,11650,6350,6500,1,4.0
Snæfellsbær,Snæfellsbær,Administrative Region,Iceland,52900,11650,6350,6500,1,4.0
Strandabyggð,Strandabyggð,Administrative Region,Iceland,52900,11650,6350,6500,1,4.0
Stykkishólmsbær,Stykkishólmsbær,Administrative Region,Iceland,52900,11650,6350,6500,1,4.0
Suðurland,Suðurland,Administrative Region,Iceland,52900,11650,6350,6500,1,4.0
Suðurnes,Suðurnes,Administrative Region,Iceland,52900,11650,6350,6500,1,4.0
Suðurnesjabær,Suðurnesjabær,Administrative Region,Iceland,52900,11650,6350,6500,1,4.0
Svalbarðsstrandarhreppur,Svalbarðsstrandarhreppur,Administrative Region,Iceland,52900,11650,6350,6500,1,4.0
Sveitarfélagið Hornafjörður,Sveitarfélagið Hornafjörður,Administrative Region,Iceland,52900,11650,6350,6500,1,4.0
Sveitarfélagið Skagaströnd,Sveitarfélagið Skagaströnd,Administrative Region,Iceland,52900,11650,6350,6500,1,4.0
Sveitarfélagið Vogar,Sveitarfélagið Vogar,Administrative Region,Iceland,52900,11650,6350,6500,1,4.0
Sveitarfélagið Árborg,Sveitarfélagið Árborg,Administrative Region,Iceland,52900,11650,6350,6500,1,4.0
Sveitarfélagið Ölfus,Sveitarfélagið Ölfus,Administrative Region,Iceland,52900,11650,6350,6500,1,4.0
Súðavíkurhreppur,Súðavíkurhreppur,Administrative Region,Iceland,52900,11650,6350,6500,1,4.0
Tjörneshreppur,Tjörneshreppur,Administrative Region,Iceland,52900,11650,6350,6500,1,4.0
Tálknafjarðarhreppur,Tálknafjarðarhreppur,Administrative Region,Iceland,52900,11650,6350,6500,1,4.0
Vestfirðir,Vestfirðir,Administrative Region,Iceland,52900,11650,6350,6500,1,4.0
Vestmannaeyjabær,Vestmannaeyjabær,Administrative Region,Iceland,52900,11650,6350,6500,1,4.0
Vesturbyggð,Vesturbyggð,Administrative Region,Iceland,52900,11650,6350,6500,1,4.0
Vesturland,Vesturland,Administrative Region,Iceland,52900,11650,6350,6500,1,4.0
Vopnafjarðarhreppur,Vopnafjarðarhreppur,Administrative Region,Iceland,52900,11650,6350,6500,1,4.0
Árneshreppur,Árneshreppur,Administrative Region,Iceland,52900,11650,6350,6500,1,4.0
Ásahreppur,Ásahreppur,Administrative Region,Iceland,52900,11650,6350,6500,1,4.0
Ísafjarðarbær,Ísafjarðarbær,Administrative Region,Iceland,52900,11650,6350,6500,1,4.0
Þingeyjarsveit,Þingeyjarsveit,Administrative Region,Iceland,52900,11650,6350,6500,1,4.0
Reykjavik,Reykjavik,Capital City,Iceland,68500,15050,8200,8500,2,4.4
Reykjavik,Reykjavik,City,Iceland,75000,999999,999999,22000,4,4.9
Iceland,Iceland,Country,Iceland,70000,15400,8400,8700,3,4.1
Sun Voyager,Reykjavik,Monument,Iceland,65000,999999,999999,14000,0.2,4.5
Blue Lagoon,Grindavik,Natural Wonder,Iceland,85900,18900,10300,10800,1,4.7
Blue Lagoon,Reykjavik,Nature,Iceland,75000,999999,999999,22000,0.5,4.8
Gullfoss Waterfall,Reykjavik,Nature,Iceland,75000,999999,999999,22000,0.4,5.0
Hallgrimskirkja,Reykjavik,Religious,Iceland,75000,999999,999999,22000,0.2,4.8
Akranes,Akranes,State/Province,Iceland,65000,14300,7800,8300,1,4.0
Akureyri,Akureyri,State/Province,Iceland,65000,14300,7800,8300,1,4.0
Arnessysla,Arnessysla,State/Province,Iceland,65000,14300,7800,8300,1,4.0
Austur-Bardhastrandarsysla,Austur-Bardhastrandarsysla,State/Province,Iceland,65000,14300,7800,8300,1,4.0
Austur-Hunavatnssysla,Austur-Hunavatnssysla,State/Province,Iceland,65000,14300,7800,8300,1,4.0
Austur-Skaftafellssysla,Austur-Skaftafellssysla,State/Province,Iceland,65000,14300,7800,8300,1,4.0
Borgarfjardharsysla,Borgarfjardharsysla,State/Province,Iceland,65000,14300,7800,8300,1,4.0
Dalasysla,Dalasysla,State/Province,Iceland,65000,14300,7800,8300,1,4.0
Eyjafjardharsysla,Eyjafjardharsysla,State/Province,Iceland,65000,14300,7800,8300,1,4.0
Gullbringusysla,Gullbringusysla,State/Province,Iceland,65000,14300,7800,8300,1,4.0
Hafnarfjordhur,Hafnarfjordhur,State/Province,Iceland,65000,14300,7800,8300,1,4.0
Husavik,Husavik,State/Province,Iceland,65000,14300,7800,8300,1,4.0
Isafjordhur,Isafjordhur,State/Province,Iceland,65000,14300,7800,8300,1,4.0
Keflavik,Keflavik,State/Province,Iceland,65000,14300,7800,8300,1,4.0
Kjosarsysla,Kjosarsysla,State/Province,Iceland,65000,14300,7800,8300,1,4.0
Kopavogur,Kopavogur,State/Province,Iceland,65000,14300,7800,8300,1,4.0
Myrasysla,Myrasysla,State/Province,Iceland,65000,14300,7800,8300,1,4.0
Neskaupstadhur,Neskaupstadhur,State/Province,Iceland,65000,14300,7800,8300,1,4.0
Nordhur-Isafjardharsysla,Nordhur-Isafjardharsysla,State/Province,Iceland,65000,14300,7800,8300,1,4.0
Nordhur-Mulasys-la,Nordhur-Mulasys-la,State/Province,Iceland,65000,14300,7800,8300,1,4.0
Nordhur-Thingeyjarsysla,Nordhur-Thingeyjarsysla,State/Province,Iceland,65000,14300,7800,8300,1,4.0
Olafsfjordhur,Olafsfjordhur,State/Province,Iceland,65000,14300,7800,8300,1,4.0
Rangarvallasysla,Rangarvallasysla,State/Province,Iceland,65000,14300,7800,8300,1,4.0
Reykjavik,Reykjavik,State/Province,Iceland,65000,14300,7800,8300,1,4.0
Saudharkrokur,Saudharkrokur,State/Province,Iceland,65000,14300,7800,8300,1,4.0
Seydhisfjordhur,Seydhisfjordhur,State/Province,Iceland,65000,14300,7800,8300,1,4.0
Siglufjordhur,Siglufjordhur,State/Province,Iceland,65000,14300,7800,8300,1,4.0
Skagafjardharsysla,Skagafjardharsysla,State/Province,Iceland,65000,14300,7800,8300,1,4.0
Snaefellsnes-og Hnappadalssysla,Snaefellsnes-og Hnappadalssysla,State/Province,Iceland,65000,14300,7800,8300,1,4.0
Strandasysla,Strandasysla,State/Province,Iceland,65000,14300,7800,8300,1,4.0
Sudhur-Mulasysla,Sudhur-Mulasysla,State/Province,Iceland,65000,14300,7800,8300,1,4.0
Sudhur-Thingeyjarsysla,Sudhur-Thingeyjarsysla,State/Province,Iceland,65000,14300,7800,8300,1,4.0
Vesttmannaeyjar,Vesttmannaeyjar,State/Province,Iceland,65000,14300,7800,8300,1,4.0
Vestur-Bardhastrandarsysla,Vestur-Bardhastrandarsysla,State/Province,Iceland,65000,14300,7800,8300,1,4.0
Vestur-Hunavatnssysla,Vestur-Hunavatnssysla,State/Province,Iceland,65000,14300,7800,8300,1,4.0
Vestur-Isafjardharsysla,Vestur-Isafjardharsysla,State/Province,Iceland,65000,14300,7800,8300,1,4.0
Vestur-Skaftafellssysla,Vestur-Skaftafellssysla,State/Province,Iceland,65000,14300,7800,8300,1,4.0
Wagah Border,Amritsar,Attraction,India,5500,1300,900,3500,0.4,4.8
Alappuzha Backwaters,Alleppey,Backwater,India,6000,1400,900,6000,1.0,4.9
Alleppey Beach,Alleppey,Beach,India,6000,1400,900,6000,0.3,4.4
Calangute Beach,Goa,Beach,India,8000,4000,1000,5000,0.5,4.5
Goa Beaches,Goa,Beach,India,35900,7900,4300,5900,1,4.7
Juhu Beach,Mumbai,Beach,India,2800,900,400,2500,0.3,4.4
Marine Drive,Mumbai,Beach,India,3000,1000,500,3000,0.3,4.5
New Delhi,New Delhi,Capital City,India,33200,7300,4000,5500,2,4.4
Agra,Agra,City,India,6000,1200,800,3000,2,4.4
Amritsar,Amritsar,City,India,5500,1300,900,3500,2,4.8
Ayodhya,Ayodhya,City,India,5000,800,1500,3000,2,4.9
Bangalore,Bangalore,City,India,4000,1200,800,5000,3,4.5
Bhubaneswar,Bhubaneswar,City,India,5500,1600,1100,3000,2,4.5
Coorg,Coorg,City,India,8500,999999,1200,5500,3,4.8
Delhi,Delhi,City,India,5500,1500,900,4200,3,4.5
Gaya,Gaya,City,India,6500,1300,900,2500,2,4.6
Goa,Goa,City,India,8000,4000,1000,5000,4,4.6
Gwalior,Gwalior,City,India,6500,1100,800,3200,2,4.5
Hampi,Hampi,City,India,8500,1500,1100,2500,3,4.8
Jaipur,Jaipur,City,India,6000,1000,800,3500,2,4.5
Jodhpur,Jodhpur,City,India,6500,1300,900,4500,2,4.7
Kolkata,Kolkata,City,India,5000,1800,1000,3800,3,4.4
Lucknow,Lucknow,City,India,5000,1100,700,3500,2,4.5
Mumbai,Mumbai,City,India,5000,1500,800,4000,3,4.6
Mysore,Mysore,City,India,6000,900,700,3000,2,4.5
Ooty,Ooty,City,India,7000,1500,1100,4000,3,4.6
Pushkar,Pushkar,City,India,6000,900,700,2800,2,4.6
Ranthambore,Sawai Madhopur,City,India,7500,1200,900,5500,2,4.7
Rishikesh,Rishikesh,City,India,6500,1100,800,3000,3,4.8
Shillong,Shillong,City,India,9500,999999,1800,3500,3,4.7
Tirupati,Tirupati,City,India,5500,1200,900,3000,2,4.8
Udaipur,Udaipur,City,India,7000,1200,900,4500,3,4.7
Varanasi,Varanasi,City,India,4454,1200,800,4000,3,4.9
Venice of the East,Alleppey,City,India,6000,1400,900,6000,2,4.8
India,India,Country,India,34600,7600,4150,5700,3,4.1
Amber Fort,Jaipur,Heritage,India,6000,1000,800,3500,0.5,4.7
Bangalore Palace,Bangalore,Heritage,India,4000,1200,800,5000,0.4,4.5
City Palace Udaipur,Udaipur,Heritage,India,7000,1200,900,4500,0.4,4.8
Jai Vilas Palace,Gwalior,Heritage,India,6500,1100,800,3200,0.4,4.6
Mysore Palace,Mysore,Heritage,India,6000,900,700,3000,0.4,4.9
Umaid Bhawan Palace,Jodhpur,Heritage,India,6500,1300,900,4500,0.4,4.8
Ajanta Caves,Aurangabad,Historic Site,India,38200,8400,4600,6300,1,4.7
Amber Fort,Jaipur,Historic Site,India,38200,8400,4600,6300,1,4.7
Ellora Caves,Aurangabad,Historic Site,India,38200,8400,4600,6300,1,4.7
Qutub Minar,Delhi,Historic Site,India,38200,8400,4600,6300,1,4.7
Taj Mahal,Agra,Historic Site,India,38200,8400,4600,6300,1,4.7
Agra Fort,Agra,Historical,India,6000,1200,800,3000,0.4,4.7
Ajanta Caves,Aurangabad,Historical,India,7000,1400,1000,3500,0.6,4.9
Bara Imambara,Lucknow,Historical,India,5000,1100,700,3500,0.4,4.8
Beatles Ashram,Rishikesh,Historical,India,6500,1100,800,3000,0.3,4.5
Chota Imambara,Lucknow,Historical,India,5000,1100,700,3500,0.3,4.7
Elephanta Caves,Mumbai,Historical,India,4500,1200,600,3500,0.5,4.6
Ellora Caves,Aurangabad,Historical,India,7000,1400,1000,3500,0.6,4.9
Gwalior Fort,Gwalior,Historical,India,6500,1100,800,3200,0.6,4.8
Jallianwala Bagh,Amritsar,Historical,India,5500,1300,900,3500,0.2,4.7
Mehrangarh Fort,Jodhpur,Historical,India,6500,1300,900,4500,0.5,4.9
Qutub Minar,Delhi,Historical,India,4200,1200,700,3200,0.3,4.6
Ranthambore Fort,Sawai Madhopur,Historical,India,7500,1200,900,5500,0.4,4.7
Red Fort,Delhi,Historical,India,4000,1200,700,3500,0.4,4.6
Taj Mahal,Agra,Historical,India,30955,4241,3957,3601,0.5,4.9
Udayagiri and Khandagiri Caves,Bhubaneswar,Historical,India,5500,1600,1100,3000,0.4,4.6
Vittala Temple,Hampi,Historical,India,8500,1500,1100,2500,0.4,4.9
Taj Mahal Palace Hotel,Mumbai,Hotel,India,5000,1500,800,5000,1,4.8
Andaman and Nicobar Islands,Andaman and Nicobar Islands,Island/Territory,India,39200,8600,4700,6500,1,4.0
Chandīgarh,Chandīgarh,Island/Territory,India,39200,8600,4700,6500,1,4.0
Delhi,Delhi,Island/Territory,India,39200,8600,4700,6500,1,4.0
Dādra and Nagar Haveli and Damān and Diu,Dādra and Nagar Haveli and Damān and Diu,Island/Territory,India,39200,8600,4700,6500,1,4.0
Jammu and Kashmīr,Jammu and Kashmīr,Island/Territory,India,39200,8600,4700,6500,1,4.0
Ladākh,Ladākh,Island/Territory,India,39200,8600,4700,6500,1,4.0
Lakshadweep,Lakshadweep,Island/Territory,India,39200,8600,4700,6500,1,4.0
Puducherry,Puducherry,Island/Territory,India,39200,8600,4700,6500,1,4.0
Lake Pichola,Udaipur,Lake,India,7000,1200,900,4500,0.2,4.8
Ooty Lake,Ooty,Lake,India,7000,1500,1100,4000,0.3,4.4
Umiam Lake,Shillong,Lake,India,9500,999999,1800,3500,0.4,4.7
Howrah Bridge,Kolkata,Landmark,India,5000,1800,1000,3800,0.2,4.6
Laxman Jhula,Rishikesh,Landmark,India,6500,1100,800,3000,0.2,4.6
Raja Seat,Coorg,Landmark,India,8500,999999,1200,5500,0.2,4.5
Bibi Ka Maqbara,Aurangabad,Monument,India,7000,1400,1000,3500,0.3,4.5
Gateway of India,Mumbai,Monument,India,4000,1200,600,3500,0.2,4.7
Hawa Mahal,Jaipur,Monument,India,6000,1000,800,3500,0.2,4.6
India Gate,Delhi,Monument,India,3500,1000,600,3000,0.2,4.5
Jagmandir,Udaipur,Monument,India,7000,1200,900,4500,0.3,4.6
Jaswant Thada,Jodhpur,Monument,India,6500,1300,900,4500,0.2,4.7
Rumi Darwaza,Lucknow,Monument,India,5000,1100,700,3500,0.1,4.6
Statue of Unity,Kevadia,Monument,India,69070,3921,2392,1647,0.5,4.8
Victoria Memorial,Kolkata,Monument,India,5000,1800,1000,3800,0.4,4.7
Gujari Mahal,Gwalior,Museum,India,6500,1100,800,3200,0.3,4.5
Kaziranga National Park,Assam,National Park,India,38700,8500,4650,6400,1,4.7
Abbey Falls,Coorg,Nature,India,8500,999999,1200,5500,0.2,4.6
Akasaganga Teertham,Tirupati,Nature,India,5500,1200,900,3000,0.3,4.5
Botanical Garden Ooty,Ooty,Nature,India,7000,1500,1100,4000,0.3,4.5
Cubbon Park,Bangalore,Nature,India,4000,1200,800,5000,0.2,4.4
Doddabetta Peak,Ooty,Nature,India,7000,1500,1100,4000,0.4,4.6
Elephant Falls,Shillong,Nature,India,9500,999999,1800,3500,0.2,4.6
Laitlum Canyons,Shillong,Nature,India,9500,999999,1800,3500,0.4,4.9
Lalbagh Botanical Garden,Bangalore,Nature,India,4000,1200,800,5000,0.3,4.6
Matanga Hill,Hampi,Nature,India,8500,1500,1100,2500,0.2,4.7
Nandankanan Zoological Park,Bhubaneswar,Nature,India,5500,1600,1100,3000,0.6,4.7
Ranthambore National Park,Sawai Madhopur,Nature,India,7500,1200,900,5500,0.8,4.9
Brindavan Gardens,Mysore,Park,India,6000,900,700,3000,0.3,4.5
Basilica of Bom Jesus,Goa,Religious,India,8000,4000,1000,5000,0.2,4.7
Brahma Temple,Pushkar,Religious,India,6000,900,700,2800,0.2,4.7
Chamundi Hill,Mysore,Religious,India,6000,900,700,3000,0.3,4.6
Dakshineswar Kali Temple,Kolkata,Religious,India,5000,1800,1000,3800,0.3,4.8
Golden Temple,Amritsar,Religious,India,5500,1300,900,3500,0.5,5.0
Kashi Vishwanath,Varanasi,Religious,India,4454,1200,800,4000,0.4,4.9
Lingaraja Temple,Bhubaneswar,Religious,India,5500,1600,1100,3000,0.3,4.8
Mahabodhi Temple,Gaya,Religious,India,6500,1300,900,2500,0.5,5.0
Ram Mandir,Ayodhya,Religious,India,5000,800,1500,3000,0.5,5.0
Talakaveri,Coorg,Religious,India,8500,999999,1200,5500,0.4,4.7
Tirumala Temple,Tirupati,Religious,India,5500,1200,900,3000,0.8,5.0
Virupaksha Temple,Hampi,Religious,India,8500,1500,1100,2500,0.3,4.9
Vishnupad Temple,Gaya,Religious,India,6500,1300,900,2500,0.3,4.7
Golden Temple,Amritsar,Religious Place,India,32500,7150,3900,5300,1,4.7
Bodhi Tree,Gaya,Spiritual,India,6500,1300,900,2500,0.2,4.9
Dashashwamedh Ghat,Varanasi,Spiritual,India,4454,1200,800,4000,0.2,4.8
Pushkar Lake,Pushkar,Spiritual,India,6000,900,700,2800,0.2,4.5
Triveni Ghat,Rishikesh,Spiritual,India,6500,1100,800,3000,0.3,4.7
Andaman and Nicobar Islands,Andaman and Nicobar Islands,State/Province,India,34900,7700,4200,5700,1,4.0
Andhra Pradesh,Andhra Pradesh,State/Province,India,34900,7700,4200,5700,1,4.0
Arunachal Pradesh,Arunachal Pradesh,State/Province,India,34900,7700,4200,5700,1,4.0
Arunāchal Pradesh,Arunāchal Pradesh,State/Province,India,34900,7700,4200,5700,1,4.0
Assam,Assam,State/Province,India,34900,7700,4200,5700,1,4.0
Bihar,Bihar,State/Province,India,34900,7700,4200,5700,1,4.0
Bihār,Bihār,State/Province,India,34900,7700,4200,5700,1,4.0
Chandigarh,Chandigarh,State/Province,India,34900,7700,4200,5700,1,4.0
Chhattisgarh,Chhattisgarh,State/Province,India,34900,7700,4200,5700,1,4.0
Chhattīsgarh,Chhattīsgarh,State/Province,India,34900,7700,4200,5700,1,4.0
Dadra and Nagar Haveli,Dadra and Nagar Haveli,State/Province,India,34900,7700,4200,5700,1,4.0
Daman and Diu,Daman and Diu,State/Province,India,34900,7700,4200,5700,1,4.0
Delhi,Delhi,State/Province,India,34900,7700,4200,5700,1,4.0
Goa,Goa,State/Province,India,34900,7700,4200,5700,1,4.0
Gujarat,Gujarat,State/Province,India,34900,7700,4200,5700,1,4.0
Gujarāt,Gujarāt,State/Province,India,34900,7700,4200,5700,1,4.0
Haryana,Haryana,State/Province,India,34900,7700,4200,5700,1,4.0
Haryāna,Haryāna,State/Province,India,34900,7700,4200,5700,1,4.0
Himachal Pradesh,Himachal Pradesh,State/Province,India,34900,7700,4200,5700,1,4.0
Himāchal Pradesh,Himāchal Pradesh,State/Province,India,34900,7700,4200,5700,1,4.0
Jammu and Kashmir,Jammu and Kashmir,State/Province,India,34900,7700,4200,5700,1,4.0
Jharkhand,Jharkhand,State/Province,India,34900,7700,4200,5700,1,4.0
Jhārkhand,Jhārkhand,State/Province,India,34900,7700,4200,5700,1,4.0
Karnataka,Karnataka,State/Province,India,34900,7700,4200,5700,1,4.0
Karnātaka,Karnātaka,State/Province,India,34900,7700,4200,5700,1,4.0
Kerala,Kerala,State/Province,India,34900,7700,4200,5700,1,4.0
Lakshadweep,Lakshadweep,State/Province,India,34900,7700,4200,5700,1,4.0
Madhya Pradesh,Madhya Pradesh,State/Province,India,34900,7700,4200,5700,1,4.0
Maharashtra,Maharashtra,State/Province,India,34900,7700,4200,5700,1,4.0
Mahārāshtra,Mahārāshtra,State/Province,India,34900,7700,4200,5700,1,4.0
Manipur,Manipur,State/Province,India,34900,7700,4200,5700,1,4.0
Meghalaya,Meghalaya,State/Province,India,34900,7700,4200,5700,1,4.0
Meghālaya,Meghālaya,State/Province,India,34900,7700,4200,5700,1,4.0
Mizoram,Mizoram,State/Province,India,34900,7700,4200,5700,1,4.0
Nagaland,Nagaland,State/Province,India,34900,7700,4200,5700,1,4.0
Nāgāland,Nāgāland,State/Province,India,34900,7700,4200,5700,1,4.0
Odisha,Odisha,State/Province,India,34900,7700,4200,5700,1,4.0
Puducherry,Puducherry,State/Province,India,34900,7700,4200,5700,1,4.0
Punjab,Punjab,State/Province,India,34900,7700,4200,5700,1,4.0
Rajasthan,Rajasthan,State/Province,India,34900,7700,4200,5700,1,4.0
Rājasthān,Rājasthān,State/Province,India,34900,7700,4200,5700,1,4.0
Sikkim,Sikkim,State/Province,India,34900,7700,4200,5700,1,4.0
Tamil Nadu,Tamil Nadu,State/Province,India,34900,7700,4200,5700,1,4.0
Tamil Nādu,Tamil Nādu,State/Province,India,34900,7700,4200,5700,1,4.0
Telangana,Telangana,State/Province,India,34900,7700,4200,5700,1,4.0
Telangāna,Telangāna,State/Province,India,34900,7700,4200,5700,1,4.0
Tripura,Tripura,State/Province,India,34900,7700,4200,5700,1,4.0
Uttar Pradesh,Uttar Pradesh,State/Province,India,34900,7700,4200,5700,1,4.0
Uttarakhand,Uttarakhand,State/Province,India,34900,7700,4200,5700,1,4.0
Uttarākhand,Uttarākhand,State/Province,India,34900,7700,4200,5700,1,4.0
West Bengal,West Bengal,State/Province,India,34900,7700,4200,5700,1,4.0
Jakarta Raya,Jakarta Raya,Administrative Region,Indonesia,28700,6300,3450,4700,1,4.0
Yogyakarta,Yogyakarta,Administrative Region,Indonesia,28700,6300,3450,4700,1,4.0
Jakarta,Jakarta,Capital City,Indonesia,37300,8200,4500,6100,2,4.4
Bali,Bali,City,Indonesia,35000,999999,3000,6000,3,4.6
Jakarta,Jakarta,City,Indonesia,66540,999999,999999,13446,3,4.6
Indonesia,Indonesia,Country,Indonesia,38800,8550,4650,6300,3,4.1
Bali,Bali,Island/Territory,Indonesia,43400,9550,5200,7100,1,4.7
Ancol Dreamland,Jakarta,Monument,Indonesia,66540,999999,999999,13446,0.6,4.4
Jakarta History Museum,Jakarta,Monument,Indonesia,66540,999999,999999,13446,0.3,4.7
Ragunan Zoo,Jakarta,Monument,Indonesia,66540,999999,999999,13446,0.2,4.4
Taman Mini Indonesia Indah,Jakarta,Museum,Indonesia,66540,999999,999999,13446,0.3,4.6
Komodo National Park,Komodo,National Park,Indonesia,42900,9450,5150,7000,1,4.7
Istiqlal Mosque,Jakarta,Nature,Indonesia,66540,999999,999999,13446,0.6,4.6
National Monument,Jakarta,Nature,Indonesia,66540,999999,999999,13446,0.4,4.6
Tegalalang Rice Terrace,Bali,Nature,Indonesia,35000,999999,3000,6000,0.3,4.7
Uluwatu Temple,Bali,Religious,Indonesia,35000,999999,3000,6000,0.3,4.8
Borobudur,Magelang,Religious Place,Indonesia,36700,8050,4400,6000,1,4.7
Aceh,Aceh,State/Province,Indonesia,27800,6100,3350,4600,1,4.0
Bali,Bali,State/Province,Indonesia,27800,6100,3350,4600,1,4.0
Banten,Banten,State/Province,Indonesia,27800,6100,3350,4600,1,4.0
Bengkulu,Bengkulu,State/Province,Indonesia,27800,6100,3350,4600,1,4.0
Gorontalo,Gorontalo,State/Province,Indonesia,27800,6100,3350,4600,1,4.0
Jakarta,Jakarta,State/Province,Indonesia,27800,6100,3350,4600,1,4.0
Jambi,Jambi,State/Province,Indonesia,27800,6100,3350,4600,1,4.0
Jawa,Jawa,State/Province,Indonesia,27800,6100,3350,4600,1,4.0
Jawa Barat,Jawa Barat,State/Province,Indonesia,27800,6100,3350,4600,1,4.0
Jawa Tengah,Jawa Tengah,State/Province,Indonesia,27800,6100,3350,4600,1,4.0
Jawa Timur,Jawa Timur,State/Province,Indonesia,27800,6100,3350,4600,1,4.0
Kalimantan,Kalimantan,State/Province,Indonesia,27800,6100,3350,4600,1,4.0
Kalimantan Barat,Kalimantan Barat,State/Province,Indonesia,27800,6100,3350,4600,1,4.0
Kalimantan Selatan,Kalimantan Selatan,State/Province,Indonesia,27800,6100,3350,4600,1,4.0
Kalimantan Tengah,Kalimantan Tengah,State/Province,Indonesia,27800,6100,3350,4600,1,4.0
Kalimantan Timur,Kalimantan Timur,State/Province,Indonesia,27800,6100,3350,4600,1,4.0
Kalimantan Utara,Kalimantan Utara,State/Province,Indonesia,27800,6100,3350,4600,1,4.0
Kepulauan Bangka Belitung,Kepulauan Bangka Belitung,State/Province,Indonesia,27800,6100,3350,4600,1,4.0
Kepulauan Riau,Kepulauan Riau,State/Province,Indonesia,27800,6100,3350,4600,1,4.0
Lampung,Lampung,State/Province,Indonesia,27800,6100,3350,4600,1,4.0
Maluku,Maluku,State/Province,Indonesia,27800,6100,3350,4600,1,4.0
Maluku Utara,Maluku Utara,State/Province,Indonesia,27800,6100,3350,4600,1,4.0
Nusa Tenggara,Nusa Tenggara,State/Province,Indonesia,27800,6100,3350,4600,1,4.0
Nusa Tenggara Barat,Nusa Tenggara Barat,State/Province,Indonesia,27800,6100,3350,4600,1,4.0
Nusa Tenggara Timur,Nusa Tenggara Timur,State/Province,Indonesia,27800,6100,3350,4600,1,4.0
Papua,Papua,State/Province,Indonesia,27800,6100,3350,4600,1,4.0
Papua Barat,Papua Barat,State/Province,Indonesia,27800,6100,3350,4600,1,4.0
Papua Barat Daya,Papua Barat Daya,State/Province,Indonesia,27800,6100,3350,4600,1,4.0
Papua Pengunungan,Papua Pengunungan,State/Province,Indonesia,27800,6100,3350,4600,1,4.0
Papua Selatan,Papua Selatan,State/Province,Indonesia,27800,6100,3350,4600,1,4.0
Papua Tengah,Papua Tengah,State/Province,Indonesia,27800,6100,3350,4600,1,4.0
Riau,Riau,State/Province,Indonesia,27800,6100,3350,4600,1,4.0
Sulawesi,Sulawesi,State/Province,Indonesia,27800,6100,3350,4600,1,4.0
Sulawesi Barat,Sulawesi Barat,State/Province,Indonesia,27800,6100,3350,4600,1,4.0
Sulawesi Selatan,Sulawesi Selatan,State/Province,Indonesia,27800,6100,3350,4600,1,4.0
Sulawesi Tengah,Sulawesi Tengah,State/Province,Indonesia,27800,6100,3350,4600,1,4.0
Sulawesi Tenggara,Sulawesi Tenggara,State/Province,Indonesia,27800,6100,3350,4600,1,4.0
Sulawesi Utara,Sulawesi Utara,State/Province,Indonesia,27800,6100,3350,4600,1,4.0
Sumatera,Sumatera,State/Province,Indonesia,27800,6100,3350,4600,1,4.0
Sumatera Barat,Sumatera Barat,State/Province,Indonesia,27800,6100,3350,4600,1,4.0
Sumatera Selatan,Sumatera Selatan,State/Province,Indonesia,27800,6100,3350,4600,1,4.0
Sumatera Utara,Sumatera Utara,State/Province,Indonesia,27800,6100,3350,4600,1,4.0
Yogyakarta,Yogyakarta,State/Province,Indonesia,27800,6100,3350,4600,1,4.0
Tehran,Tehran,Capital City,Iran,34200,7500,4100,5600,2,4.4
Iran,Iran,Country,Iran,35600,7850,4250,5800,3,4.1
Alborz,Alborz,State/Province,Iran,35900,7900,4300,5800,1,4.0
Ardabil,Ardabil,State/Province,Iran,35900,7900,4300,5800,1,4.0
Ardabīl,Ardabīl,State/Province,Iran,35900,7900,4300,5800,1,4.0
Azarbayjan-e Gharbi,Azarbayjan-e Gharbi,State/Province,Iran,35900,7900,4300,5800,1,4.0
Azarbayjan-e Sharqi,Azarbayjan-e Sharqi,State/Province,Iran,35900,7900,4300,5800,1,4.0
Bushehr,Bushehr,State/Province,Iran,35900,7900,4300,5800,1,4.0
Būshehr,Būshehr,State/Province,Iran,35900,7900,4300,5800,1,4.0
Chahar Mahall va Bakhtiari,Chahar Mahall va Bakhtiari,State/Province,Iran,35900,7900,4300,5800,1,4.0
Chahār Maḩāl va Bakhtīārī,Chahār Maḩāl va Bakhtīārī,State/Province,Iran,35900,7900,4300,5800,1,4.0
Esfahan,Esfahan,State/Province,Iran,35900,7900,4300,5800,1,4.0
Eşfahān,Eşfahān,State/Province,Iran,35900,7900,4300,5800,1,4.0
Fars,Fars,State/Province,Iran,35900,7900,4300,5800,1,4.0
Fārs,Fārs,State/Province,Iran,35900,7900,4300,5800,1,4.0
Gilan,Gilan,State/Province,Iran,35900,7900,4300,5800,1,4.0
Golestan,Golestan,State/Province,Iran,35900,7900,4300,5800,1,4.0
Golestān,Golestān,State/Province,Iran,35900,7900,4300,5800,1,4.0
Gīlān,Gīlān,State/Province,Iran,35900,7900,4300,5800,1,4.0
Hamadan,Hamadan,State/Province,Iran,35900,7900,4300,5800,1,4.0
Hamadān,Hamadān,State/Province,Iran,35900,7900,4300,5800,1,4.0
Hormozgan,Hormozgan,State/Province,Iran,35900,7900,4300,5800,1,4.0
Hormozgān,Hormozgān,State/Province,Iran,35900,7900,4300,5800,1,4.0
Ilam,Ilam,State/Province,Iran,35900,7900,4300,5800,1,4.0
Kerman,Kerman,State/Province,Iran,35900,7900,4300,5800,1,4.0
Kermanshah,Kermanshah,State/Province,Iran,35900,7900,4300,5800,1,4.0
Kermān,Kermān,State/Province,Iran,35900,7900,4300,5800,1,4.0
Kermānshāh,Kermānshāh,State/Province,Iran,35900,7900,4300,5800,1,4.0
Khorasan,Khorasan,State/Province,Iran,35900,7900,4300,5800,1,4.0
Khorāsān-e Jonūbī,Khorāsān-e Jonūbī,State/Province,Iran,35900,7900,4300,5800,1,4.0
Khorāsān-e Raẕavī,Khorāsān-e Raẕavī,State/Province,Iran,35900,7900,4300,5800,1,4.0
Khorāsān-e Shomālī,Khorāsān-e Shomālī,State/Province,Iran,35900,7900,4300,5800,1,4.0
Khuzestan,Khuzestan,State/Province,Iran,35900,7900,4300,5800,1,4.0
Khūzestān,Khūzestān,State/Province,Iran,35900,7900,4300,5800,1,4.0
Kohgiluyeh va Buyer Ahmad,Kohgiluyeh va Buyer Ahmad,State/Province,Iran,35900,7900,4300,5800,1,4.0
Kohgīlūyeh va Bowyer Aḩmad,Kohgīlūyeh va Bowyer Aḩmad,State/Province,Iran,35900,7900,4300,5800,1,4.0
Kordestan,Kordestan,State/Province,Iran,35900,7900,4300,5800,1,4.0
Kordestān,Kordestān,State/Province,Iran,35900,7900,4300,5800,1,4.0
Lorestan,Lorestan,State/Province,Iran,35900,7900,4300,5800,1,4.0
Lorestān,Lorestān,State/Province,Iran,35900,7900,4300,5800,1,4.0
Markazi,Markazi,State/Province,Iran,35900,7900,4300,5800,1,4.0
Markazī,Markazī,State/Province,Iran,35900,7900,4300,5800,1,4.0
Mazandaran,Mazandaran,State/Province,Iran,35900,7900,4300,5800,1,4.0
Māzandarān,Māzandarān,State/Province,Iran,35900,7900,4300,5800,1,4.0
Qazvin,Qazvin,State/Province,Iran,35900,7900,4300,5800,1,4.0
Qazvīn,Qazvīn,State/Province,Iran,35900,7900,4300,5800,1,4.0
Qom,Qom,State/Province,Iran,35900,7900,4300,5800,1,4.0
Semnan,Semnan,State/Province,Iran,35900,7900,4300,5800,1,4.0
Semnān,Semnān,State/Province,Iran,35900,7900,4300,5800,1,4.0
Sistan va Baluchestan,Sistan va Baluchestan,State/Province,Iran,35900,7900,4300,5800,1,4.0
Sīstān va Balūchestān,Sīstān va Balūchestān,State/Province,Iran,35900,7900,4300,5800,1,4.0
Tehran,Tehran,State/Province,Iran,35900,7900,4300,5800,1,4.0
Tehrān,Tehrān,State/Province,Iran,35900,7900,4300,5800,1,4.0
Yazd,Yazd,State/Province,Iran,35900,7900,4300,5800,1,4.0
Zanjan,Zanjan,State/Province,Iran,35900,7900,4300,5800,1,4.0
Zanjān,Zanjān,State/Province,Iran,35900,7900,4300,5800,1,4.0
Āz̄ārbāyjān-e Ghārbī,Āz̄ārbāyjān-e Ghārbī,State/Province,Iran,35900,7900,4300,5800,1,4.0
Āz̄ārbāyjān-e Shārqī,Āz̄ārbāyjān-e Shārqī,State/Province,Iran,35900,7900,4300,5800,1,4.0
Īlām,Īlām,State/Province,Iran,35900,7900,4300,5800,1,4.0
Herêm-î Kurdistan,Herêm-î Kurdistan,Administrative Region,Iraq,25900,5700,3100,4300,1,4.0
Baghdad,Baghdad,Capital City,Iraq,34500,7600,4150,5700,2,4.4
Iraq,Iraq,Country,Iraq,36000,7900,4300,5900,3,4.1
Al Anbar,Al Anbar,State/Province,Iraq,36200,7950,4350,5900,1,4.0
Al Anbār,Al Anbār,State/Province,Iraq,36200,7950,4350,5900,1,4.0
Al Basrah,Al Basrah,State/Province,Iraq,36200,7950,4350,5900,1,4.0
Al Başrah,Al Başrah,State/Province,Iraq,36200,7950,4350,5900,1,4.0
Al Muthanna,Al Muthanna,State/Province,Iraq,36200,7950,4350,5900,1,4.0
Al Muthanná,Al Muthanná,State/Province,Iraq,36200,7950,4350,5900,1,4.0
Al Qadisiyah,Al Qadisiyah,State/Province,Iraq,36200,7950,4350,5900,1,4.0
Al Qādisīyah,Al Qādisīyah,State/Province,Iraq,36200,7950,4350,5900,1,4.0
An Najaf,An Najaf,State/Province,Iraq,36200,7950,4350,5900,1,4.0
Arbil,Arbil,State/Province,Iraq,36200,7950,4350,5900,1,4.0
Arbīl,Arbīl,State/Province,Iraq,36200,7950,4350,5900,1,4.0
As Sulaymaniyah,As Sulaymaniyah,State/Province,Iraq,36200,7950,4350,5900,1,4.0
As Sulaymānīyah,As Sulaymānīyah,State/Province,Iraq,36200,7950,4350,5900,1,4.0
At Ta'mim,At Ta'mim,State/Province,Iraq,36200,7950,4350,5900,1,4.0
Babil,Babil,State/Province,Iraq,36200,7950,4350,5900,1,4.0
Baghdad,Baghdad,State/Province,Iraq,36200,7950,4350,5900,1,4.0
Baghdād,Baghdād,State/Province,Iraq,36200,7950,4350,5900,1,4.0
Bābil,Bābil,State/Province,Iraq,36200,7950,4350,5900,1,4.0
Dahuk,Dahuk,State/Province,Iraq,36200,7950,4350,5900,1,4.0
Dahūk,Dahūk,State/Province,Iraq,36200,7950,4350,5900,1,4.0
Dhi Qar,Dhi Qar,State/Province,Iraq,36200,7950,4350,5900,1,4.0
Dhī Qār,Dhī Qār,State/Province,Iraq,36200,7950,4350,5900,1,4.0
Diyala,Diyala,State/Province,Iraq,36200,7950,4350,5900,1,4.0
Diyālá,Diyālá,State/Province,Iraq,36200,7950,4350,5900,1,4.0
Karbala',Karbala',State/Province,Iraq,36200,7950,4350,5900,1,4.0
Karbalā’,Karbalā’,State/Province,Iraq,36200,7950,4350,5900,1,4.0
Kirkūk,Kirkūk,State/Province,Iraq,36200,7950,4350,5900,1,4.0
Maysan,Maysan,State/Province,Iraq,36200,7950,4350,5900,1,4.0
Maysān,Maysān,State/Province,Iraq,36200,7950,4350,5900,1,4.0
Ninawa,Ninawa,State/Province,Iraq,36200,7950,4350,5900,1,4.0
Nīnawá,Nīnawá,State/Province,Iraq,36200,7950,4350,5900,1,4.0
Salah ad Din,Salah ad Din,State/Province,Iraq,36200,7950,4350,5900,1,4.0
Wasit,Wasit,State/Province,Iraq,36200,7950,4350,5900,1,4.0
Wāsiţ,Wāsiţ,State/Province,Iraq,36200,7950,4350,5900,1,4.0
Şalāḩ ad Dīn,Şalāḩ ad Dīn,State/Province,Iraq,36200,7950,4350,5900,1,4.0
Carlow,Carlow,Administrative Region,Ireland,54600,12000,6550,6800,1,4.0
Cavan,Cavan,Administrative Region,Ireland,54600,12000,6550,6800,1,4.0
Clare,Clare,Administrative Region,Ireland,54600,12000,6550,6800,1,4.0
Cork,Cork,Administrative Region,Ireland,54600,12000,6550,6800,1,4.0
Donegal,Donegal,Administrative Region,Ireland,54600,12000,6550,6800,1,4.0
Dublin,Dublin,Administrative Region,Ireland,54600,12000,6550,6800,1,4.0
Galway,Galway,Administrative Region,Ireland,54600,12000,6550,6800,1,4.0
Kerry,Kerry,Administrative Region,Ireland,54600,12000,6550,6800,1,4.0
Kildare,Kildare,Administrative Region,Ireland,54600,12000,6550,6800,1,4.0
Kilkenny,Kilkenny,Administrative Region,Ireland,54600,12000,6550,6800,1,4.0
Laois,Laois,Administrative Region,Ireland,54600,12000,6550,6800,1,4.0
Leitrim,Leitrim,Administrative Region,Ireland,54600,12000,6550,6800,1,4.0
Limerick,Limerick,Administrative Region,Ireland,54600,12000,6550,6800,1,4.0
Longford,Longford,Administrative Region,Ireland,54600,12000,6550,6800,1,4.0
Louth,Louth,Administrative Region,Ireland,54600,12000,6550,6800,1,4.0
Mayo,Mayo,Administrative Region,Ireland,54600,12000,6550,6800,1,4.0
Meath,Meath,Administrative Region,Ireland,54600,12000,6550,6800,1,4.0
Monaghan,Monaghan,Administrative Region,Ireland,54600,12000,6550,6800,1,4.0
Offaly,Offaly,Administrative Region,Ireland,54600,12000,6550,6800,1,4.0
Roscommon,Roscommon,Administrative Region,Ireland,54600,12000,6550,6800,1,4.0
Sligo,Sligo,Administrative Region,Ireland,54600,12000,6550,6800,1,4.0
Tipperary,Tipperary,Administrative Region,Ireland,54600,12000,6550,6800,1,4.0
Waterford,Waterford,Administrative Region,Ireland,54600,12000,6550,6800,1,4.0
Westmeath,Westmeath,Administrative Region,Ireland,54600,12000,6550,6800,1,4.0
Wexford,Wexford,Administrative Region,Ireland,54600,12000,6550,6800,1,4.0
Wicklow,Wicklow,Administrative Region,Ireland,54600,12000,6550,6800,1,4.0
Guinness Storehouse,Dublin,Beach,Ireland,69338,999999,999999,12847,0.3,4.5
Dublin,Dublin,Capital City,Ireland,70200,15450,8400,8800,2,4.4
Dublin,Dublin,City,Ireland,69338,999999,999999,12847,3,4.6
Ireland,Ireland,Country,Ireland,71700,15750,8600,9000,3,4.1
Temple Bar,Dublin,Historical,Ireland,69338,999999,999999,12847,0.4,4.9
Kilmainham Gaol,Dublin,Leisure,Ireland,69338,999999,999999,12847,0.4,4.5
Trinity College,Dublin,Leisure,Ireland,69338,999999,999999,12847,0.3,4.7
Dublin Castle,Dublin,Monument,Ireland,69338,999999,999999,12847,0.5,4.8
Trinity College Library,Dublin,Museum,Ireland,56000,999999,999999,11000,0.4,4.6
St Stephen's Green,Dublin,Shopping,Ireland,69338,999999,999999,12847,0.3,4.9
Carlow,Carlow,State/Province,Ireland,55400,12200,6650,6800,1,4.0
Cavan,Cavan,State/Province,Ireland,55400,12200,6650,6800,1,4.0
Clare,Clare,State/Province,Ireland,55400,12200,6650,6800,1,4.0
Connaught,Connaught,State/Province,Ireland,55400,12200,6650,6800,1,4.0
Cork,Cork,State/Province,Ireland,55400,12200,6650,6800,1,4.0
Donegal,Donegal,State/Province,Ireland,55400,12200,6650,6800,1,4.0
Dublin,Dublin,State/Province,Ireland,55400,12200,6650,6800,1,4.0
Galway,Galway,State/Province,Ireland,55400,12200,6650,6800,1,4.0
Kerry,Kerry,State/Province,Ireland,55400,12200,6650,6800,1,4.0
Kildare,Kildare,State/Province,Ireland,55400,12200,6650,6800,1,4.0
Kilkenny,Kilkenny,State/Province,Ireland,55400,12200,6650,6800,1,4.0
Laois,Laois,State/Province,Ireland,55400,12200,6650,6800,1,4.0
Leinster,Leinster,State/Province,Ireland,55400,12200,6650,6800,1,4.0
Leitrim,Leitrim,State/Province,Ireland,55400,12200,6650,6800,1,4.0
Limerick,Limerick,State/Province,Ireland,55400,12200,6650,6800,1,4.0
Longford,Longford,State/Province,Ireland,55400,12200,6650,6800,1,4.0
Louth,Louth,State/Province,Ireland,55400,12200,6650,6800,1,4.0
Mayo,Mayo,State/Province,Ireland,55400,12200,6650,6800,1,4.0
Meath,Meath,State/Province,Ireland,55400,12200,6650,6800,1,4.0
Monaghan,Monaghan,State/Province,Ireland,55400,12200,6650,6800,1,4.0
Munster,Munster,State/Province,Ireland,55400,12200,6650,6800,1,4.0
Offaly,Offaly,State/Province,Ireland,55400,12200,6650,6800,1,4.0
Roscommon,Roscommon,State/Province,Ireland,55400,12200,6650,6800,1,4.0
Sligo,Sligo,State/Province,Ireland,55400,12200,6650,6800,1,4.0
Tipperary,Tipperary,State/Province,Ireland,55400,12200,6650,6800,1,4.0
Ulster,Ulster,State/Province,Ireland,55400,12200,6650,6800,1,4.0
Waterford,Waterford,State/Province,Ireland,55400,12200,6650,6800,1,4.0
Westmeath,Westmeath,State/Province,Ireland,55400,12200,6650,6800,1,4.0
Wexford,Wexford,State/Province,Ireland,55400,12200,6650,6800,1,4.0
Wicklow,Wicklow,State/Province,Ireland,55400,12200,6650,6800,1,4.0
Douglas,Douglas,Capital City,Isle of Man,65100,14300,7800,8000,2,4.4
Isle of Man,Isle of Man,Country,Isle of Man,66600,14650,8000,8200,3,4.1
"Man,Isle of","Man,Isle of",State/Province,Isle of Man,61600,13550,7400,7800,1,4.0
Al Awsaţ,Al Awsaţ,Administrative Region,Israel,27200,6000,3250,4500,1,4.0
Al Janūbī,Al Janūbī,Administrative Region,Israel,27200,6000,3250,4500,1,4.0
Al Quds,Al Quds,Administrative Region,Israel,27200,6000,3250,4500,1,4.0
Ash Shamālī,Ash Shamālī,Administrative Region,Israel,27200,6000,3250,4500,1,4.0
H̱efa,H̱efa,Administrative Region,Israel,27200,6000,3250,4500,1,4.0
Tall Abīb,Tall Abīb,Administrative Region,Israel,27200,6000,3250,4500,1,4.0
Jerusalem,Jerusalem,Capital City,Israel,35800,7900,4300,5900,2,4.4
Jerusalem,Jerusalem,City,Israel,48000,999999,999999,10000,3,4.8
Israel,Israel,Country,Israel,37200,8200,4450,6100,3,4.1
Old City of Jerusalem,Jerusalem,Historical,Israel,48000,999999,999999,10000,0.8,4.8
Church of the Holy Sepulchre,Jerusalem,Religious,Israel,48000,999999,999999,10000,0.5,4.7
Western Wall,Jerusalem,Religious,Israel,48000,999999,999999,10000,0.4,4.8
Central,Central,State/Province,Israel,26200,5750,3150,4400,1,4.0
Haifa,Haifa,State/Province,Israel,26200,5750,3150,4400,1,4.0
Jerusalem,Jerusalem,State/Province,Israel,26200,5750,3150,4400,1,4.0
Northern,Northern,State/Province,Israel,26200,5750,3150,4400,1,4.0
Southern,Southern,State/Province,Israel,26200,5750,3150,4400,1,4.0
Tel Aviv,Tel Aviv,State/Province,Israel,26200,5750,3150,4400,1,4.0
Abruzzo,Abruzzo,Administrative Region,Italy,56000,12300,6700,7000,1,4.0
Basilicata,Basilicata,Administrative Region,Italy,56000,12300,6700,7000,1,4.0
Calabria,Calabria,Administrative Region,Italy,56000,12300,6700,7000,1,4.0
Campania,Campania,Administrative Region,Italy,56000,12300,6700,7000,1,4.0
Emilia-Romagna,Emilia-Romagna,Administrative Region,Italy,56000,12300,6700,7000,1,4.0
Friuli Venezia Giulia,Friuli Venezia Giulia,Administrative Region,Italy,56000,12300,6700,7000,1,4.0
Gorizia,Gorizia,Administrative Region,Italy,56000,12300,6700,7000,1,4.0
Lazio,Lazio,Administrative Region,Italy,56000,12300,6700,7000,1,4.0
Liguria,Liguria,Administrative Region,Italy,56000,12300,6700,7000,1,4.0
Lombardia,Lombardia,Administrative Region,Italy,56000,12300,6700,7000,1,4.0
Marche,Marche,Administrative Region,Italy,56000,12300,6700,7000,1,4.0
Molise,Molise,Administrative Region,Italy,56000,12300,6700,7000,1,4.0
Piemonte,Piemonte,Administrative Region,Italy,56000,12300,6700,7000,1,4.0
Pordenone,Pordenone,Administrative Region,Italy,56000,12300,6700,7000,1,4.0
Puglia,Puglia,Administrative Region,Italy,56000,12300,6700,7000,1,4.0
Sardegna,Sardegna,Administrative Region,Italy,56000,12300,6700,7000,1,4.0
Sicilia,Sicilia,Administrative Region,Italy,56000,12300,6700,7000,1,4.0
Toscana,Toscana,Administrative Region,Italy,56000,12300,6700,7000,1,4.0
Trentino-Alto Adige,Trentino-Alto Adige,Administrative Region,Italy,56000,12300,6700,7000,1,4.0
Trieste,Trieste,Administrative Region,Italy,56000,12300,6700,7000,1,4.0
Udine,Udine,Administrative Region,Italy,56000,12300,6700,7000,1,4.0
Umbria,Umbria,Administrative Region,Italy,56000,12300,6700,7000,1,4.0
Val d'Aoste,Val d'Aoste,Administrative Region,Italy,56000,12300,6700,7000,1,4.0
Veneto,Veneto,Administrative Region,Italy,56000,12300,6700,7000,1,4.0
Brera District,Milan,Beach,Italy,55687,999999,999999,14368,0.3,4.6
Duomo di Milano,Milan,Beach,Italy,55687,999999,999999,14368,0.4,4.8
Galleria dell'Accademia,Florence,Beach,Italy,47282,999999,999999,8584,0.4,4.5
Piazzale Michelangelo,Florence,Beach,Italy,47282,999999,999999,8584,0.4,4.4
Uffizi Gallery,Florence,Beach,Italy,47282,999999,999999,8584,0.4,4.6
Rome,Rome,Capital City,Italy,71600,15750,8600,9000,2,4.4
Florence,Florence,City,Italy,47282,999999,999999,8584,3,4.6
Milan,Milan,City,Italy,55687,999999,999999,14368,3,4.6
Rome,Rome,City,Italy,55000,999999,999999,12000,3,4.8
Venice,Venice,City,Italy,82936,4211,2900,12000,3,3.7
Italy,Italy,Country,Italy,73000,16050,8750,9200,3,4.1
Colosseum,Rome,Historic Site,Italy,78300,17250,9400,9900,1,4.7
Pompeii,Pompeii,Historic Site,Italy,78300,17250,9400,9900,1,4.7
Colosseum,Rome,Historical,Italy,55000,999999,999999,12000,0.4,4.9
Doge Palace,Venice,Historical,Italy,62000,999999,999999,14000,0.4,4.8
Florence Cathedral,Florence,Historical,Italy,47282,999999,999999,8584,0.4,4.9
Teatro alla Scala,Milan,Historical,Italy,55687,999999,999999,14368,0.5,4.5
Leaning Tower of Pisa,Pisa,Landmark,Italy,74300,16350,8900,9200,1,4.7
Venice Grand Canal,Venice,Landmark,Italy,74300,16350,8900,9200,1,4.7
Santa Maria delle Grazie,Milan,Leisure,Italy,55687,999999,999999,14368,0.5,4.9
Ponte Vecchio,Florence,Monument,Italy,47282,999999,999999,8584,0.3,4.8
Rialto Bridge,Venice,Monument,Italy,62000,999999,999999,14000,0.2,4.7
Trevi Fountain,Rome,Monument,Italy,55000,999999,999999,11000,0.2,4.8
Galleria Vittorio Emanuele II,Milan,Museum,Italy,55687,999999,999999,14368,0.5,4.9
Pitti Palace,Florence,Museum,Italy,47282,999999,999999,8584,0.4,4.8
Sforzesco Castle,Milan,Park,Italy,55687,999999,999999,14368,0.3,4.6
St Marks Basilica,Venice,Religious,Italy,62000,999999,999999,14000,0.3,4.8
Vatican City,Rome,Religious,Italy,55000,999999,999999,11000,0.6,4.8
Abruzzo,Abruzzo,State/Province,Italy,56700,12450,6800,7000,1,4.0
Agrigento,Agrigento,State/Province,Italy,56700,12450,6800,7000,1,4.0
Alessandria,Alessandria,State/Province,Italy,56700,12450,6800,7000,1,4.0
Ancona,Ancona,State/Province,Italy,56700,12450,6800,7000,1,4.0
Arezzo,Arezzo,State/Province,Italy,56700,12450,6800,7000,1,4.0
Ascoli Piceno,Ascoli Piceno,State/Province,Italy,56700,12450,6800,7000,1,4.0
Asti,Asti,State/Province,Italy,56700,12450,6800,7000,1,4.0
Avellino,Avellino,State/Province,Italy,56700,12450,6800,7000,1,4.0
Bari,Bari,State/Province,Italy,56700,12450,6800,7000,1,4.0
Barletta-Andria-Trani,Barletta-Andria-Trani,State/Province,Italy,56700,12450,6800,7000,1,4.0
Basilicata,Basilicata,State/Province,Italy,56700,12450,6800,7000,1,4.0
Belluno,Belluno,State/Province,Italy,56700,12450,6800,7000,1,4.0
Benevento,Benevento,State/Province,Italy,56700,12450,6800,7000,1,4.0
Bergamo,Bergamo,State/Province,Italy,56700,12450,6800,7000,1,4.0
Biella,Biella,State/Province,Italy,56700,12450,6800,7000,1,4.0
Bologna,Bologna,State/Province,Italy,56700,12450,6800,7000,1,4.0
Bolzano,Bolzano,State/Province,Italy,56700,12450,6800,7000,1,4.0
Brescia,Brescia,State/Province,Italy,56700,12450,6800,7000,1,4.0
Brindisi,Brindisi,State/Province,Italy,56700,12450,6800,7000,1,4.0
Cagliari,Cagliari,State/Province,Italy,56700,12450,6800,7000,1,4.0
Calabria,Calabria,State/Province,Italy,56700,12450,6800,7000,1,4.0
Caltanissetta,Caltanissetta,State/Province,Italy,56700,12450,6800,7000,1,4.0
Campania,Campania,State/Province,Italy,56700,12450,6800,7000,1,4.0
Campobasso,Campobasso,State/Province,Italy,56700,12450,6800,7000,1,4.0
Caserta,Caserta,State/Province,Italy,56700,12450,6800,7000,1,4.0
Catania,Catania,State/Province,Italy,56700,12450,6800,7000,1,4.0
Catanzaro,Catanzaro,State/Province,Italy,56700,12450,6800,7000,1,4.0
Chieti,Chieti,State/Province,Italy,56700,12450,6800,7000,1,4.0
Como,Como,State/Province,Italy,56700,12450,6800,7000,1,4.0
Cosenza,Cosenza,State/Province,Italy,56700,12450,6800,7000,1,4.0
Cremona,Cremona,State/Province,Italy,56700,12450,6800,7000,1,4.0
Crotone,Crotone,State/Province,Italy,56700,12450,6800,7000,1,4.0
Cuneo,Cuneo,State/Province,Italy,56700,12450,6800,7000,1,4.0
Emilia-Romagna,Emilia-Romagna,State/Province,Italy,56700,12450,6800,7000,1,4.0
Enna,Enna,State/Province,Italy,56700,12450,6800,7000,1,4.0
Fermo,Fermo,State/Province,Italy,56700,12450,6800,7000,1,4.0
Ferrara,Ferrara,State/Province,Italy,56700,12450,6800,7000,1,4.0
Firenze,Firenze,State/Province,Italy,56700,12450,6800,7000,1,4.0
Foggia,Foggia,State/Province,Italy,56700,12450,6800,7000,1,4.0
Forlì-Cesena,Forlì-Cesena,State/Province,Italy,56700,12450,6800,7000,1,4.0
Friuli-Venezia Giulia,Friuli-Venezia Giulia,State/Province,Italy,56700,12450,6800,7000,1,4.0
Frosinone,Frosinone,State/Province,Italy,56700,12450,6800,7000,1,4.0
Genova,Genova,State/Province,Italy,56700,12450,6800,7000,1,4.0
Grosseto,Grosseto,State/Province,Italy,56700,12450,6800,7000,1,4.0
Imperia,Imperia,State/Province,Italy,56700,12450,6800,7000,1,4.0
Isernia,Isernia,State/Province,Italy,56700,12450,6800,7000,1,4.0
L'Aquila,L'Aquila,State/Province,Italy,56700,12450,6800,7000,1,4.0
La Spezia,La Spezia,State/Province,Italy,56700,12450,6800,7000,1,4.0
Latina,Latina,State/Province,Italy,56700,12450,6800,7000,1,4.0
Lazio,Lazio,State/Province,Italy,56700,12450,6800,7000,1,4.0
Lecce,Lecce,State/Province,Italy,56700,12450,6800,7000,1,4.0
Lecco,Lecco,State/Province,Italy,56700,12450,6800,7000,1,4.0
Liguria,Liguria,State/Province,Italy,56700,12450,6800,7000,1,4.0
Livorno,Livorno,State/Province,Italy,56700,12450,6800,7000,1,4.0
Lodi,Lodi,State/Province,Italy,56700,12450,6800,7000,1,4.0
Lombardia,Lombardia,State/Province,Italy,56700,12450,6800,7000,1,4.0
Lucca,Lucca,State/Province,Italy,56700,12450,6800,7000,1,4.0
Macerata,Macerata,State/Province,Italy,56700,12450,6800,7000,1,4.0
Mantova,Mantova,State/Province,Italy,56700,12450,6800,7000,1,4.0
Marche,Marche,State/Province,Italy,56700,12450,6800,7000,1,4.0
Massa-Carrara,Massa-Carrara,State/Province,Italy,56700,12450,6800,7000,1,4.0
Matera,Matera,State/Province,Italy,56700,12450,6800,7000,1,4.0
Messina,Messina,State/Province,Italy,56700,12450,6800,7000,1,4.0
Milano,Milano,State/Province,Italy,56700,12450,6800,7000,1,4.0
Modena,Modena,State/Province,Italy,56700,12450,6800,7000,1,4.0
Molise,Molise,State/Province,Italy,56700,12450,6800,7000,1,4.0
Monza e Brianza,Monza e Brianza,State/Province,Italy,56700,12450,6800,7000,1,4.0
Napoli,Napoli,State/Province,Italy,56700,12450,6800,7000,1,4.0
Novara,Novara,State/Province,Italy,56700,12450,6800,7000,1,4.0
Nuoro,Nuoro,State/Province,Italy,56700,12450,6800,7000,1,4.0
Oristano,Oristano,State/Province,Italy,56700,12450,6800,7000,1,4.0
Padova,Padova,State/Province,Italy,56700,12450,6800,7000,1,4.0
Palermo,Palermo,State/Province,Italy,56700,12450,6800,7000,1,4.0
Parma,Parma,State/Province,Italy,56700,12450,6800,7000,1,4.0
Pavia,Pavia,State/Province,Italy,56700,12450,6800,7000,1,4.0
Perugia,Perugia,State/Province,Italy,56700,12450,6800,7000,1,4.0
Pesaro e Urbino,Pesaro e Urbino,State/Province,Italy,56700,12450,6800,7000,1,4.0
Pescara,Pescara,State/Province,Italy,56700,12450,6800,7000,1,4.0
Piacenza,Piacenza,State/Province,Italy,56700,12450,6800,7000,1,4.0
Piemonte,Piemonte,State/Province,Italy,56700,12450,6800,7000,1,4.0
Pisa,Pisa,State/Province,Italy,56700,12450,6800,7000,1,4.0
Pistoia,Pistoia,State/Province,Italy,56700,12450,6800,7000,1,4.0
Potenza,Potenza,State/Province,Italy,56700,12450,6800,7000,1,4.0
Prato,Prato,State/Province,Italy,56700,12450,6800,7000,1,4.0
Puglia,Puglia,State/Province,Italy,56700,12450,6800,7000,1,4.0
Ragusa,Ragusa,State/Province,Italy,56700,12450,6800,7000,1,4.0
Ravenna,Ravenna,State/Province,Italy,56700,12450,6800,7000,1,4.0
Reggio Calabria,Reggio Calabria,State/Province,Italy,56700,12450,6800,7000,1,4.0
Reggio Emilia,Reggio Emilia,State/Province,Italy,56700,12450,6800,7000,1,4.0
Rieti,Rieti,State/Province,Italy,56700,12450,6800,7000,1,4.0
Rimini,Rimini,State/Province,Italy,56700,12450,6800,7000,1,4.0
Roma,Roma,State/Province,Italy,56700,12450,6800,7000,1,4.0
Rovigo,Rovigo,State/Province,Italy,56700,12450,6800,7000,1,4.0
Salerno,Salerno,State/Province,Italy,56700,12450,6800,7000,1,4.0
Sardegna,Sardegna,State/Province,Italy,56700,12450,6800,7000,1,4.0
Sassari,Sassari,State/Province,Italy,56700,12450,6800,7000,1,4.0
Savona,Savona,State/Province,Italy,56700,12450,6800,7000,1,4.0
Sicilia,Sicilia,State/Province,Italy,56700,12450,6800,7000,1,4.0
Siena,Siena,State/Province,Italy,56700,12450,6800,7000,1,4.0
Siracusa,Siracusa,State/Province,Italy,56700,12450,6800,7000,1,4.0
Sondrio,Sondrio,State/Province,Italy,56700,12450,6800,7000,1,4.0
Sud Sardegna,Sud Sardegna,State/Province,Italy,56700,12450,6800,7000,1,4.0
Taranto,Taranto,State/Province,Italy,56700,12450,6800,7000,1,4.0
Teramo,Teramo,State/Province,Italy,56700,12450,6800,7000,1,4.0
Terni,Terni,State/Province,Italy,56700,12450,6800,7000,1,4.0
Torino,Torino,State/Province,Italy,56700,12450,6800,7000,1,4.0
Toscana,Toscana,State/Province,Italy,56700,12450,6800,7000,1,4.0
Trapani,Trapani,State/Province,Italy,56700,12450,6800,7000,1,4.0
Trentino-Alto Adige,Trentino-Alto Adige,State/Province,Italy,56700,12450,6800,7000,1,4.0
Trento,Trento,State/Province,Italy,56700,12450,6800,7000,1,4.0
Treviso,Treviso,State/Province,Italy,56700,12450,6800,7000,1,4.0
Umbria,Umbria,State/Province,Italy,56700,12450,6800,7000,1,4.0
Valle d'Aosta,Valle d'Aosta,State/Province,Italy,56700,12450,6800,7000,1,4.0
Varese,Varese,State/Province,Italy,56700,12450,6800,7000,1,4.0
Veneto,Veneto,State/Province,Italy,56700,12450,6800,7000,1,4.0
Venezia,Venezia,State/Province,Italy,56700,12450,6800,7000,1,4.0
Verbano-Cusio-Ossola,Verbano-Cusio-Ossola,State/Province,Italy,56700,12450,6800,7000,1,4.0
Vercelli,Vercelli,State/Province,Italy,56700,12450,6800,7000,1,4.0
Verona,Verona,State/Province,Italy,56700,12450,6800,7000,1,4.0
Vibo Valentia,Vibo Valentia,State/Province,Italy,56700,12450,6800,7000,1,4.0
Vicenza,Vicenza,State/Province,Italy,56700,12450,6800,7000,1,4.0
Viterbo,Viterbo,State/Province,Italy,56700,12450,6800,7000,1,4.0
Grand Canal,Venice,Water,Italy,82936,4211,2900,12000,0.2,4.8
Abengourou,Abengourou,State/Province,Ivory Coast,55000,12100,6600,6800,1,4.0
Abidjan,Abidjan,State/Province,Ivory Coast,55000,12100,6600,6800,1,4.0
Aboisso,Aboisso,State/Province,Ivory Coast,55000,12100,6600,6800,1,4.0
Adiake',Adiake',State/Province,Ivory Coast,55000,12100,6600,6800,1,4.0
Adzope,Adzope,State/Province,Ivory Coast,55000,12100,6600,6800,1,4.0
Agboville,Agboville,State/Province,Ivory Coast,55000,12100,6600,6800,1,4.0
Agnibilekrou,Agnibilekrou,State/Province,Ivory Coast,55000,12100,6600,6800,1,4.0
Ale'pe',Ale'pe',State/Province,Ivory Coast,55000,12100,6600,6800,1,4.0
Bangolo,Bangolo,State/Province,Ivory Coast,55000,12100,6600,6800,1,4.0
Beoumi,Beoumi,State/Province,Ivory Coast,55000,12100,6600,6800,1,4.0
Biankouma,Biankouma,State/Province,Ivory Coast,55000,12100,6600,6800,1,4.0
Bocanda,Bocanda,State/Province,Ivory Coast,55000,12100,6600,6800,1,4.0
Bondoukou,Bondoukou,State/Province,Ivory Coast,55000,12100,6600,6800,1,4.0
Bongouanou,Bongouanou,State/Province,Ivory Coast,55000,12100,6600,6800,1,4.0
Bouafle,Bouafle,State/Province,Ivory Coast,55000,12100,6600,6800,1,4.0
Bouake,Bouake,State/Province,Ivory Coast,55000,12100,6600,6800,1,4.0
Bouna,Bouna,State/Province,Ivory Coast,55000,12100,6600,6800,1,4.0
Boundiali,Boundiali,State/Province,Ivory Coast,55000,12100,6600,6800,1,4.0
Dabakala,Dabakala,State/Province,Ivory Coast,55000,12100,6600,6800,1,4.0
Dabon,Dabon,State/Province,Ivory Coast,55000,12100,6600,6800,1,4.0
Daloa,Daloa,State/Province,Ivory Coast,55000,12100,6600,6800,1,4.0
Danane,Danane,State/Province,Ivory Coast,55000,12100,6600,6800,1,4.0
Daoukro,Daoukro,State/Province,Ivory Coast,55000,12100,6600,6800,1,4.0
Dimbokro,Dimbokro,State/Province,Ivory Coast,55000,12100,6600,6800,1,4.0
Divo,Divo,State/Province,Ivory Coast,55000,12100,6600,6800,1,4.0
Duekoue,Duekoue,State/Province,Ivory Coast,55000,12100,6600,6800,1,4.0
Ferkessedougou,Ferkessedougou,State/Province,Ivory Coast,55000,12100,6600,6800,1,4.0
Gagnoa,Gagnoa,State/Province,Ivory Coast,55000,12100,6600,6800,1,4.0
Grand Bassam,Grand Bassam,State/Province,Ivory Coast,55000,12100,6600,6800,1,4.0
Grand-Lahou,Grand-Lahou,State/Province,Ivory Coast,55000,12100,6600,6800,1,4.0
Guiglo,Guiglo,State/Province,Ivory Coast,55000,12100,6600,6800,1,4.0
Issia,Issia,State/Province,Ivory Coast,55000,12100,6600,6800,1,4.0
Jacqueville,Jacqueville,State/Province,Ivory Coast,55000,12100,6600,6800,1,4.0
Katiola,Katiola,State/Province,Ivory Coast,55000,12100,6600,6800,1,4.0
Korhogo,Korhogo,State/Province,Ivory Coast,55000,12100,6600,6800,1,4.0
Lakota,Lakota,State/Province,Ivory Coast,55000,12100,6600,6800,1,4.0
Man,Man,State/Province,Ivory Coast,55000,12100,6600,6800,1,4.0
Mankono,Mankono,State/Province,Ivory Coast,55000,12100,6600,6800,1,4.0
Mbahiakro,Mbahiakro,State/Province,Ivory Coast,55000,12100,6600,6800,1,4.0
Odienne,Odienne,State/Province,Ivory Coast,55000,12100,6600,6800,1,4.0
Oume,Oume,State/Province,Ivory Coast,55000,12100,6600,6800,1,4.0
Sakassou,Sakassou,State/Province,Ivory Coast,55000,12100,6600,6800,1,4.0
San-Pedro,San-Pedro,State/Province,Ivory Coast,55000,12100,6600,6800,1,4.0
Sassandra,Sassandra,State/Province,Ivory Coast,55000,12100,6600,6800,1,4.0
Seguela,Seguela,State/Province,Ivory Coast,55000,12100,6600,6800,1,4.0
Sinfra,Sinfra,State/Province,Ivory Coast,55000,12100,6600,6800,1,4.0
Soubre,Soubre,State/Province,Ivory Coast,55000,12100,6600,6800,1,4.0
Tabou,Tabou,State/Province,Ivory Coast,55000,12100,6600,6800,1,4.0
Tanda,Tanda,State/Province,Ivory Coast,55000,12100,6600,6800,1,4.0
Tiassale,Tiassale,State/Province,Ivory Coast,55000,12100,6600,6800,1,4.0
Tiebissou,Tiebissou,State/Province,Ivory Coast,55000,12100,6600,6800,1,4.0
Tingrela,Tingrela,State/Province,Ivory Coast,55000,12100,6600,6800,1,4.0
Touba,Touba,State/Province,Ivory Coast,55000,12100,6600,6800,1,4.0
Toulepleu,Toulepleu,State/Province,Ivory Coast,55000,12100,6600,6800,1,4.0
Toumodi,Toumodi,State/Province,Ivory Coast,55000,12100,6600,6800,1,4.0
Vavoua,Vavoua,State/Province,Ivory Coast,55000,12100,6600,6800,1,4.0
Yamoussoukro,Yamoussoukro,State/Province,Ivory Coast,55000,12100,6600,6800,1,4.0
Zuenoula,Zuenoula,State/Province,Ivory Coast,55000,12100,6600,6800,1,4.0
Clarendon,Clarendon,Administrative Region,Jamaica,79100,17400,9500,8900,1,4.0
Hanover,Hanover,Administrative Region,Jamaica,79100,17400,9500,8900,1,4.0
Kingston,Kingston,Administrative Region,Jamaica,79100,17400,9500,8900,1,4.0
Manchester,Manchester,Administrative Region,Jamaica,79100,17400,9500,8900,1,4.0
Portland,Portland,Administrative Region,Jamaica,79100,17400,9500,8900,1,4.0
Saint Andrew,Saint Andrew,Administrative Region,Jamaica,79100,17400,9500,8900,1,4.0
Saint Ann,Saint Ann,Administrative Region,Jamaica,79100,17400,9500,8900,1,4.0
Saint Catherine,Saint Catherine,Administrative Region,Jamaica,79100,17400,9500,8900,1,4.0
Saint Elizabeth,Saint Elizabeth,Administrative Region,Jamaica,79100,17400,9500,8900,1,4.0
Saint James,Saint James,Administrative Region,Jamaica,79100,17400,9500,8900,1,4.0
Saint Mary,Saint Mary,Administrative Region,Jamaica,79100,17400,9500,8900,1,4.0
Saint Thomas,Saint Thomas,Administrative Region,Jamaica,79100,17400,9500,8900,1,4.0
Trelawny,Trelawny,Administrative Region,Jamaica,79100,17400,9500,8900,1,4.0
Westmoreland,Westmoreland,Administrative Region,Jamaica,79100,17400,9500,8900,1,4.0
Kingston,Kingston,Capital City,Jamaica,87400,19250,10500,9400,2,4.4
Jamaica,Jamaica,Country,Jamaica,88800,19550,10650,9600,3,4.1
Clarendon,Clarendon,State/Province,Jamaica,80800,17800,9700,8900,1,4.0
Hanover,Hanover,State/Province,Jamaica,80800,17800,9700,8900,1,4.0
Kingston,Kingston,State/Province,Jamaica,80800,17800,9700,8900,1,4.0
Manchester,Manchester,State/Province,Jamaica,80800,17800,9700,8900,1,4.0
Portland,Portland,State/Province,Jamaica,80800,17800,9700,8900,1,4.0
Saint Andrew,Saint Andrew,State/Province,Jamaica,80800,17800,9700,8900,1,4.0
Saint Ann,Saint Ann,State/Province,Jamaica,80800,17800,9700,8900,1,4.0
Saint Catherine,Saint Catherine,State/Province,Jamaica,80800,17800,9700,8900,1,4.0
Saint Elizabeth,Saint Elizabeth,State/Province,Jamaica,80800,17800,9700,8900,1,4.0
Saint James,Saint James,State/Province,Jamaica,80800,17800,9700,8900,1,4.0
Saint Mary,Saint Mary,State/Province,Jamaica,80800,17800,9700,8900,1,4.0
Saint Thomas,Saint Thomas,State/Province,Jamaica,80800,17800,9700,8900,1,4.0
Trelawny,Trelawny,State/Province,Jamaica,80800,17800,9700,8900,1,4.0
Westmoreland,Westmoreland,State/Province,Jamaica,80800,17800,9700,8900,1,4.0
Shibuya Crossing,Tokyo,Attraction,Japan,65000,999999,999999,12000,0.2,4.7
Tokyo,Tokyo,Capital City,Japan,33700,7400,4050,5600,2,4.4
Kyoto,Kyoto,City,Japan,45000,999999,999999,10000,3,4.9
Tokyo,Tokyo,City,Japan,65000,999999,999999,13000,3,4.8
Japan,Japan,Country,Japan,35200,7750,4200,5800,3,4.1
Himeji Castle,Himeji,Historic Site,Japan,38700,8500,4650,6300,1,4.7
Hiroshima Peace Memorial,Hiroshima,Historic Site,Japan,38700,8500,4650,6300,1,4.7
Kinkaku-ji,Kyoto,Historical,Japan,45000,999999,999999,10000,0.5,4.5
Tokyo Skytree,Tokyo,Landmark,Japan,33000,7250,3950,5500,1,4.7
Tokyo Skytree,Tokyo,Monument,Japan,42000,999999,999999,11000,0.4,4.5
Tokyo Tower,Tokyo,Monument,Japan,65000,999999,999999,11000,0.3,4.6
Mount Fuji,Fujiyoshida,Mountain,Japan,65000,999999,999999,11000,1,4.9
Mount Fuji,Honshu,Mountain,Japan,39700,8750,4750,6600,1,4.7
Arashiyama Bamboo Grove,Kyoto,Nature,Japan,45000,999999,999999,10000,0.5,4.6
Fushimi Inari Shrine,Kyoto,Religious,Japan,45000,999999,999999,10000,0.6,4.7
Meiji Shrine,Tokyo,Religious,Japan,42000,999999,999999,11000,0.4,4.6
Senso-ji Temple,Tokyo,Religious,Japan,42000,999999,999999,11000,0.5,4.6
Sensoji Temple,Tokyo,Religious,Japan,65000,999999,999999,10000,0.3,4.7
Fushimi Inari Shrine,Kyoto,Religious Place,Japan,33100,7300,3950,5400,1,4.7
Akihabara,Tokyo,Shopping,Japan,65000,999999,999999,12000,0.5,4.6
Aichi,Aichi,State/Province,Japan,35400,7800,4250,5700,1,4.0
Akita,Akita,State/Province,Japan,35400,7800,4250,5700,1,4.0
Aomori,Aomori,State/Province,Japan,35400,7800,4250,5700,1,4.0
Chiba,Chiba,State/Province,Japan,35400,7800,4250,5700,1,4.0
Ehime,Ehime,State/Province,Japan,35400,7800,4250,5700,1,4.0
Fukui,Fukui,State/Province,Japan,35400,7800,4250,5700,1,4.0
Fukuoka,Fukuoka,State/Province,Japan,35400,7800,4250,5700,1,4.0
Fukushima,Fukushima,State/Province,Japan,35400,7800,4250,5700,1,4.0
Gifu,Gifu,State/Province,Japan,35400,7800,4250,5700,1,4.0
Gumma,Gumma,State/Province,Japan,35400,7800,4250,5700,1,4.0
Gunma,Gunma,State/Province,Japan,35400,7800,4250,5700,1,4.0
Hiroshima,Hiroshima,State/Province,Japan,35400,7800,4250,5700,1,4.0
Hokkaido,Hokkaido,State/Province,Japan,35400,7800,4250,5700,1,4.0
Hyogo,Hyogo,State/Province,Japan,35400,7800,4250,5700,1,4.0
Ibaraki,Ibaraki,State/Province,Japan,35400,7800,4250,5700,1,4.0
Ishikawa,Ishikawa,State/Province,Japan,35400,7800,4250,5700,1,4.0
Iwate,Iwate,State/Province,Japan,35400,7800,4250,5700,1,4.0
Kagawa,Kagawa,State/Province,Japan,35400,7800,4250,5700,1,4.0
Kagoshima,Kagoshima,State/Province,Japan,35400,7800,4250,5700,1,4.0
Kanagawa,Kanagawa,State/Province,Japan,35400,7800,4250,5700,1,4.0
Kochi,Kochi,State/Province,Japan,35400,7800,4250,5700,1,4.0
Kumamoto,Kumamoto,State/Province,Japan,35400,7800,4250,5700,1,4.0
Kyoto,Kyoto,State/Province,Japan,35400,7800,4250,5700,1,4.0
Mie,Mie,State/Province,Japan,35400,7800,4250,5700,1,4.0
Miyagi,Miyagi,State/Province,Japan,35400,7800,4250,5700,1,4.0
Miyazaki,Miyazaki,State/Province,Japan,35400,7800,4250,5700,1,4.0
Nagano,Nagano,State/Province,Japan,35400,7800,4250,5700,1,4.0
Nagasaki,Nagasaki,State/Province,Japan,35400,7800,4250,5700,1,4.0
Nara,Nara,State/Province,Japan,35400,7800,4250,5700,1,4.0
Niigata,Niigata,State/Province,Japan,35400,7800,4250,5700,1,4.0
Oita,Oita,State/Province,Japan,35400,7800,4250,5700,1,4.0
Okayama,Okayama,State/Province,Japan,35400,7800,4250,5700,1,4.0
Okinawa,Okinawa,State/Province,Japan,35400,7800,4250,5700,1,4.0
Osaka,Osaka,State/Province,Japan,35400,7800,4250,5700,1,4.0
Saga,Saga,State/Province,Japan,35400,7800,4250,5700,1,4.0
Saitama,Saitama,State/Province,Japan,35400,7800,4250,5700,1,4.0
Shiga,Shiga,State/Province,Japan,35400,7800,4250,5700,1,4.0
Shimane,Shimane,State/Province,Japan,35400,7800,4250,5700,1,4.0
Shizuoka,Shizuoka,State/Province,Japan,35400,7800,4250,5700,1,4.0
Tochigi,Tochigi,State/Province,Japan,35400,7800,4250,5700,1,4.0
Tokushima,Tokushima,State/Province,Japan,35400,7800,4250,5700,1,4.0
Tokyo,Tokyo,State/Province,Japan,35400,7800,4250,5700,1,4.0
Tottori,Tottori,State/Province,Japan,35400,7800,4250,5700,1,4.0
Toyama,Toyama,State/Province,Japan,35400,7800,4250,5700,1,4.0
Wakayama,Wakayama,State/Province,Japan,35400,7800,4250,5700,1,4.0
Yamagata,Yamagata,State/Province,Japan,35400,7800,4250,5700,1,4.0
Yamaguchi,Yamaguchi,State/Province,Japan,35400,7800,4250,5700,1,4.0
Yamanashi,Yamanashi,State/Province,Japan,35400,7800,4250,5700,1,4.0
Saint Helier,Saint Helier,Capital City,Jersey,72800,16000,8750,9200,2,4.4
Jersey,Jersey,Country,Jersey,74300,16350,8900,9400,3,4.1
Jersey,Jersey,State/Province,Jersey,58000,12750,6950,7200,1,4.0
Amman,Amman,Capital City,Jordan,35500,7800,4250,5800,2,4.4
Amman,Amman,City,Jordan,42000,999999,999999,6500,2,4.5
Petra,Petra,City,Jordan,43000,999999,999999,8500,2,4.9
Jordan,Jordan,Country,Jordan,37000,8150,4450,6100,3,4.1
Petra,Wadi Musa,Historic Site,Jordan,40500,8900,4850,6600,1,4.7
Amman Citadel,Amman,Historical,Jordan,42000,999999,999999,6500,0.4,4.5
Monastery Petra,Petra,Historical,Jordan,43000,999999,999999,8500,0.8,4.9
Petra,Wadi Musa,Historical,Jordan,67901,4659,1700,9143,1,3.7
Roman Theater Amman,Amman,Historical,Jordan,42000,999999,999999,6500,0.3,4.5
The Treasury Petra,Petra,Historical,Jordan,43000,999999,999999,8500,0.6,4.9
Rainbow Street,Amman,Leisure,Jordan,42000,999999,999999,6500,0.3,4.3
Dead Sea,Dead Sea,Natural Wonder,Jordan,45900,10100,5500,7500,1,4.7
Wadi Rum,Wadi Rum,Natural Wonder,Jordan,45900,10100,5500,7500,1,4.7
Petra Siq,Petra,Nature,Jordan,43000,999999,999999,8500,0.5,4.8
'Amman,'Amman,State/Province,Jordan,26000,5700,3100,4300,1,4.0
Ajlun,Ajlun,State/Province,Jordan,26000,5700,3100,4300,1,4.0
Al 'Aqabah,Al 'Aqabah,State/Province,Jordan,26000,5700,3100,4300,1,4.0
Al Balqa',Al Balqa',State/Province,Jordan,26000,5700,3100,4300,1,4.0
Al Balqā’,Al Balqā’,State/Province,Jordan,26000,5700,3100,4300,1,4.0
Al Karak,Al Karak,State/Province,Jordan,26000,5700,3100,4300,1,4.0
Al Mafraq,Al Mafraq,State/Province,Jordan,26000,5700,3100,4300,1,4.0
Al ‘Aqabah,Al ‘Aqabah,State/Province,Jordan,26000,5700,3100,4300,1,4.0
Al ‘A̅şimah,Al ‘A̅şimah,State/Province,Jordan,26000,5700,3100,4300,1,4.0
At Tafilah,At Tafilah,State/Province,Jordan,26000,5700,3100,4300,1,4.0
Az Zarqa',Az Zarqa',State/Province,Jordan,26000,5700,3100,4300,1,4.0
Az Zarqā’,Az Zarqā’,State/Province,Jordan,26000,5700,3100,4300,1,4.0
Aţ Ţafīlah,Aţ Ţafīlah,State/Province,Jordan,26000,5700,3100,4300,1,4.0
Irbid,Irbid,State/Province,Jordan,26000,5700,3100,4300,1,4.0
Jarash,Jarash,State/Province,Jordan,26000,5700,3100,4300,1,4.0
Ma'an,Ma'an,State/Province,Jordan,26000,5700,3100,4300,1,4.0
Madaba,Madaba,State/Province,Jordan,26000,5700,3100,4300,1,4.0
Ma‘ān,Ma‘ān,State/Province,Jordan,26000,5700,3100,4300,1,4.0
Mādabā,Mādabā,State/Province,Jordan,26000,5700,3100,4300,1,4.0
‘Ajlūn,‘Ajlūn,State/Province,Jordan,26000,5700,3100,4300,1,4.0
Abajskaja oblast’,Abajskaja oblast’,Administrative Region,Kazakhstan,30800,6800,3700,5000,1,4.0
Akmolinskaja oblast',Akmolinskaja oblast',Administrative Region,Kazakhstan,30800,6800,3700,5000,1,4.0
Aktjubinskaja oblast',Aktjubinskaja oblast',Administrative Region,Kazakhstan,30800,6800,3700,5000,1,4.0
Almatinskaja oblast',Almatinskaja oblast',Administrative Region,Kazakhstan,30800,6800,3700,5000,1,4.0
Atyrauskaja oblast',Atyrauskaja oblast',Administrative Region,Kazakhstan,30800,6800,3700,5000,1,4.0
Batys Qazaqstan oblysy,Batys Qazaqstan oblysy,Administrative Region,Kazakhstan,30800,6800,3700,5000,1,4.0
Karagandinskaja oblast',Karagandinskaja oblast',Administrative Region,Kazakhstan,30800,6800,3700,5000,1,4.0
Kostanajskaja oblast',Kostanajskaja oblast',Administrative Region,Kazakhstan,30800,6800,3700,5000,1,4.0
Kyzylordinskaja oblast',Kyzylordinskaja oblast',Administrative Region,Kazakhstan,30800,6800,3700,5000,1,4.0
Mangghystaū oblysy,Mangghystaū oblysy,Administrative Region,Kazakhstan,30800,6800,3700,5000,1,4.0
Pavlodar oblysy,Pavlodar oblysy,Administrative Region,Kazakhstan,30800,6800,3700,5000,1,4.0
Severo-Kazahstanskaja oblast',Severo-Kazahstanskaja oblast',Administrative Region,Kazakhstan,30800,6800,3700,5000,1,4.0
Shyghys Qazaqstan oblysy,Shyghys Qazaqstan oblysy,Administrative Region,Kazakhstan,30800,6800,3700,5000,1,4.0
Turkestankaya oblast',Turkestankaya oblast',Administrative Region,Kazakhstan,30800,6800,3700,5000,1,4.0
Ulytauskaja oblast’,Ulytauskaja oblast’,Administrative Region,Kazakhstan,30800,6800,3700,5000,1,4.0
Zhambyl oblysy,Zhambyl oblysy,Administrative Region,Kazakhstan,30800,6800,3700,5000,1,4.0
Zhetisū oblysy,Zhetisū oblysy,Administrative Region,Kazakhstan,30800,6800,3700,5000,1,4.0
Astana,Astana,Capital City,Kazakhstan,39400,8650,4750,6400,2,4.4
Almaty,Almaty,City,Kazakhstan,38000,999999,999999,5000,3,4.6
Kazakhstan,Kazakhstan,Country,Kazakhstan,40800,9000,4900,6600,3,4.1
Big Almaty Lake,Almaty,Nature,Kazakhstan,38000,999999,999999,5000,0.8,4.8
Kok Tobe,Almaty,Nature,Kazakhstan,38000,999999,999999,5000,0.5,4.6
Zenkov Cathedral,Almaty,Religious,Kazakhstan,38000,999999,999999,5000,0.3,4.6
Almaty,Almaty,State/Province,Kazakhstan,29800,6550,3600,4900,1,4.0
Aqmola,Aqmola,State/Province,Kazakhstan,29800,6550,3600,4900,1,4.0
Aqtobe,Aqtobe,State/Province,Kazakhstan,29800,6550,3600,4900,1,4.0
Astana,Astana,State/Province,Kazakhstan,29800,6550,3600,4900,1,4.0
Atyrau,Atyrau,State/Province,Kazakhstan,29800,6550,3600,4900,1,4.0
Batys Qazaqstan,Batys Qazaqstan,State/Province,Kazakhstan,29800,6550,3600,4900,1,4.0
Bayqongyr,Bayqongyr,State/Province,Kazakhstan,29800,6550,3600,4900,1,4.0
Mangghystau,Mangghystau,State/Province,Kazakhstan,29800,6550,3600,4900,1,4.0
Ongtustik Qazaqstan,Ongtustik Qazaqstan,State/Province,Kazakhstan,29800,6550,3600,4900,1,4.0
Pavlodar,Pavlodar,State/Province,Kazakhstan,29800,6550,3600,4900,1,4.0
Qaraghandy,Qaraghandy,State/Province,Kazakhstan,29800,6550,3600,4900,1,4.0
Qostanay,Qostanay,State/Province,Kazakhstan,29800,6550,3600,4900,1,4.0
Qyzylorda,Qyzylorda,State/Province,Kazakhstan,29800,6550,3600,4900,1,4.0
Shyghys Qazaqstan,Shyghys Qazaqstan,State/Province,Kazakhstan,29800,6550,3600,4900,1,4.0
Shymkent,Shymkent,State/Province,Kazakhstan,29800,6550,3600,4900,1,4.0
Soltustik Qazaqstan,Soltustik Qazaqstan,State/Province,Kazakhstan,29800,6550,3600,4900,1,4.0
Zhambyl,Zhambyl,State/Province,Kazakhstan,29800,6550,3600,4900,1,4.0
Baringo,Baringo,Administrative Region,Kenya,46700,10250,5600,5600,1,4.0
Bomet,Bomet,Administrative Region,Kenya,46700,10250,5600,5600,1,4.0
Bungoma,Bungoma,Administrative Region,Kenya,46700,10250,5600,5600,1,4.0
Busia,Busia,Administrative Region,Kenya,46700,10250,5600,5600,1,4.0
Elgeyo/Marakwet,Elgeyo/Marakwet,Administrative Region,Kenya,46700,10250,5600,5600,1,4.0
Embu,Embu,Administrative Region,Kenya,46700,10250,5600,5600,1,4.0
Garissa,Garissa,Administrative Region,Kenya,46700,10250,5600,5600,1,4.0
Homa Bay,Homa Bay,Administrative Region,Kenya,46700,10250,5600,5600,1,4.0
Isiolo,Isiolo,Administrative Region,Kenya,46700,10250,5600,5600,1,4.0
Kajiado,Kajiado,Administrative Region,Kenya,46700,10250,5600,5600,1,4.0
Kakamega,Kakamega,Administrative Region,Kenya,46700,10250,5600,5600,1,4.0
Kericho,Kericho,Administrative Region,Kenya,46700,10250,5600,5600,1,4.0
Kiambu,Kiambu,Administrative Region,Kenya,46700,10250,5600,5600,1,4.0
Kilifi,Kilifi,Administrative Region,Kenya,46700,10250,5600,5600,1,4.0
Kirinyaga,Kirinyaga,Administrative Region,Kenya,46700,10250,5600,5600,1,4.0
Kisii,Kisii,Administrative Region,Kenya,46700,10250,5600,5600,1,4.0
Kisumu,Kisumu,Administrative Region,Kenya,46700,10250,5600,5600,1,4.0
Kitui,Kitui,Administrative Region,Kenya,46700,10250,5600,5600,1,4.0
Kwale,Kwale,Administrative Region,Kenya,46700,10250,5600,5600,1,4.0
Laikipia,Laikipia,Administrative Region,Kenya,46700,10250,5600,5600,1,4.0
Lamu,Lamu,Administrative Region,Kenya,46700,10250,5600,5600,1,4.0
Machakos,Machakos,Administrative Region,Kenya,46700,10250,5600,5600,1,4.0
Makueni,Makueni,Administrative Region,Kenya,46700,10250,5600,5600,1,4.0
Mandera,Mandera,Administrative Region,Kenya,46700,10250,5600,5600,1,4.0
Marsabit,Marsabit,Administrative Region,Kenya,46700,10250,5600,5600,1,4.0
Meru,Meru,Administrative Region,Kenya,46700,10250,5600,5600,1,4.0
Migori,Migori,Administrative Region,Kenya,46700,10250,5600,5600,1,4.0
Mombasa,Mombasa,Administrative Region,Kenya,46700,10250,5600,5600,1,4.0
Murang'a,Murang'a,Administrative Region,Kenya,46700,10250,5600,5600,1,4.0
Nairobi City,Nairobi City,Administrative Region,Kenya,46700,10250,5600,5600,1,4.0
Nakuru,Nakuru,Administrative Region,Kenya,46700,10250,5600,5600,1,4.0
Nandi,Nandi,Administrative Region,Kenya,46700,10250,5600,5600,1,4.0
Narok,Narok,Administrative Region,Kenya,46700,10250,5600,5600,1,4.0
Nyamira,Nyamira,Administrative Region,Kenya,46700,10250,5600,5600,1,4.0
Nyandarua,Nyandarua,Administrative Region,Kenya,46700,10250,5600,5600,1,4.0
Nyeri,Nyeri,Administrative Region,Kenya,46700,10250,5600,5600,1,4.0
Samburu,Samburu,Administrative Region,Kenya,46700,10250,5600,5600,1,4.0
Siaya,Siaya,Administrative Region,Kenya,46700,10250,5600,5600,1,4.0
Taita/Taveta,Taita/Taveta,Administrative Region,Kenya,46700,10250,5600,5600,1,4.0
Tana River,Tana River,Administrative Region,Kenya,46700,10250,5600,5600,1,4.0
Tharaka-Nithi,Tharaka-Nithi,Administrative Region,Kenya,46700,10250,5600,5600,1,4.0
Trans Nzoia,Trans Nzoia,Administrative Region,Kenya,46700,10250,5600,5600,1,4.0
Turkana,Turkana,Administrative Region,Kenya,46700,10250,5600,5600,1,4.0
Uasin Gishu,Uasin Gishu,Administrative Region,Kenya,46700,10250,5600,5600,1,4.0
Vihiga,Vihiga,Administrative Region,Kenya,46700,10250,5600,5600,1,4.0
Wajir,Wajir,Administrative Region,Kenya,46700,10250,5600,5600,1,4.0
West Pokot,West Pokot,Administrative Region,Kenya,46700,10250,5600,5600,1,4.0
Nairobi,Nairobi,Capital City,Kenya,60300,13250,7250,7300,2,4.4
Nairobi,Nairobi,City,Kenya,52000,999999,999999,7000,3,4.6
Kenya,Kenya,Country,Kenya,61800,13600,7400,7500,3,4.1
Karen Blixen Museum,Nairobi,Museum,Kenya,52000,999999,999999,7000,0.4,4.4
Maasai Mara,Narok,National Park,Kenya,69600,15300,8350,8400,1,4.7
Central,Central,State/Province,Kenya,47000,10350,5650,5600,1,4.0
Coast,Coast,State/Province,Kenya,47000,10350,5650,5600,1,4.0
Eastern,Eastern,State/Province,Kenya,47000,10350,5650,5600,1,4.0
Nairobi Area,Nairobi Area,State/Province,Kenya,47000,10350,5650,5600,1,4.0
North Eastern,North Eastern,State/Province,Kenya,47000,10350,5650,5600,1,4.0
Nyanza,Nyanza,State/Province,Kenya,47000,10350,5650,5600,1,4.0
Rift Valley,Rift Valley,State/Province,Kenya,47000,10350,5650,5600,1,4.0
Western,Western,State/Province,Kenya,47000,10350,5650,5600,1,4.0
Giraffe Centre,Nairobi,Wildlife,Kenya,52000,999999,999999,7000,0.4,4.6
Nairobi National Park,Nairobi,Wildlife,Kenya,52000,999999,999999,7000,0.8,4.6
South Tarawa,South Tarawa,Capital City,Kiribati,96600,21250,11600,10500,2,4.4
Kiribati,Kiribati,Country,Kiribati,98000,21550,11750,10700,3,4.1
Gilbert Islands,Gilbert Islands,Island/Territory,Kiribati,117600,25850,14100,12600,1,4.0
Line Islands,Line Islands,Island/Territory,Kiribati,117600,25850,14100,12600,1,4.0
Phoenix Islands,Phoenix Islands,Island/Territory,Kiribati,117600,25850,14100,12600,1,4.0
Abaiang,Abaiang,State/Province,Kiribati,78000,17150,9350,8300,1,4.0
Abemama,Abemama,State/Province,Kiribati,78000,17150,9350,8300,1,4.0
Aranuka,Aranuka,State/Province,Kiribati,78000,17150,9350,8300,1,4.0
Arorae,Arorae,State/Province,Kiribati,78000,17150,9350,8300,1,4.0
Banaba,Banaba,State/Province,Kiribati,78000,17150,9350,8300,1,4.0
Beru,Beru,State/Province,Kiribati,78000,17150,9350,8300,1,4.0
Butaritari,Butaritari,State/Province,Kiribati,78000,17150,9350,8300,1,4.0
Central Gilberts,Central Gilberts,State/Province,Kiribati,78000,17150,9350,8300,1,4.0
Gilbert Islands,Gilbert Islands,State/Province,Kiribati,78000,17150,9350,8300,1,4.0
Kanton,Kanton,State/Province,Kiribati,78000,17150,9350,8300,1,4.0
Kiritimati,Kiritimati,State/Province,Kiribati,78000,17150,9350,8300,1,4.0
Kuria,Kuria,State/Province,Kiribati,78000,17150,9350,8300,1,4.0
Line Islands,Line Islands,State/Province,Kiribati,78000,17150,9350,8300,1,4.0
Maiana,Maiana,State/Province,Kiribati,78000,17150,9350,8300,1,4.0
Makin,Makin,State/Province,Kiribati,78000,17150,9350,8300,1,4.0
Marakei,Marakei,State/Province,Kiribati,78000,17150,9350,8300,1,4.0
Nikunau,Nikunau,State/Province,Kiribati,78000,17150,9350,8300,1,4.0
Nonouti,Nonouti,State/Province,Kiribati,78000,17150,9350,8300,1,4.0
Northern Gilberts,Northern Gilberts,State/Province,Kiribati,78000,17150,9350,8300,1,4.0
Onotoa,Onotoa,State/Province,Kiribati,78000,17150,9350,8300,1,4.0
Phoenix Islands,Phoenix Islands,State/Province,Kiribati,78000,17150,9350,8300,1,4.0
Southern Gilberts,Southern Gilberts,State/Province,Kiribati,78000,17150,9350,8300,1,4.0
Tabiteuea,Tabiteuea,State/Province,Kiribati,78000,17150,9350,8300,1,4.0
Tabuaeran,Tabuaeran,State/Province,Kiribati,78000,17150,9350,8300,1,4.0
Tamana,Tamana,State/Province,Kiribati,78000,17150,9350,8300,1,4.0
Tarawa,Tarawa,State/Province,Kiribati,78000,17150,9350,8300,1,4.0
Teraina,Teraina,State/Province,Kiribati,78000,17150,9350,8300,1,4.0
Kuwait City,Kuwait City,Capital City,Kuwait,38100,8400,4550,6200,2,4.4
Kuwait,Kuwait,Country,Kuwait,39600,8700,4750,6400,3,4.1
Al 'Asimah,Al 'Asimah,State/Province,Kuwait,28600,6300,3450,4700,1,4.0
Al Ahmadi,Al Ahmadi,State/Province,Kuwait,28600,6300,3450,4700,1,4.0
Al Aḩmadī,Al Aḩmadī,State/Province,Kuwait,28600,6300,3450,4700,1,4.0
Al Farwaniyah,Al Farwaniyah,State/Province,Kuwait,28600,6300,3450,4700,1,4.0
Al Farwānīyah,Al Farwānīyah,State/Province,Kuwait,28600,6300,3450,4700,1,4.0
Al Jahra',Al Jahra',State/Province,Kuwait,28600,6300,3450,4700,1,4.0
Al Jahrā’,Al Jahrā’,State/Province,Kuwait,28600,6300,3450,4700,1,4.0
Al ‘Āşimah,Al ‘Āşimah,State/Province,Kuwait,28600,6300,3450,4700,1,4.0
Hawalli,Hawalli,State/Province,Kuwait,28600,6300,3450,4700,1,4.0
Mubārak al Kabīr,Mubārak al Kabīr,State/Province,Kuwait,28600,6300,3450,4700,1,4.0
Ḩawallī,Ḩawallī,State/Province,Kuwait,28600,6300,3450,4700,1,4.0
Batken,Batken,Administrative Region,Kyrgyzstan,25600,5650,3050,4200,1,4.0
Chuyskaya oblast',Chuyskaya oblast',Administrative Region,Kyrgyzstan,25600,5650,3050,4200,1,4.0
Dzhalal-Abadskaya oblast',Dzhalal-Abadskaya oblast',Administrative Region,Kyrgyzstan,25600,5650,3050,4200,1,4.0
Issyk-Kul'skaja oblast',Issyk-Kul'skaja oblast',Administrative Region,Kyrgyzstan,25600,5650,3050,4200,1,4.0
Naryn,Naryn,Administrative Region,Kyrgyzstan,25600,5650,3050,4200,1,4.0
Osh,Osh,Administrative Region,Kyrgyzstan,25600,5650,3050,4200,1,4.0
Talas,Talas,Administrative Region,Kyrgyzstan,25600,5650,3050,4200,1,4.0
Bishkek,Bishkek,Capital City,Kyrgyzstan,34200,7500,4100,5600,2,4.4
Kyrgyzstan,Kyrgyzstan,Country,Kyrgyzstan,35600,7850,4250,5800,3,4.1
Batken Oblasty,Batken Oblasty,State/Province,Kyrgyzstan,35900,7900,4300,5800,1,4.0
Bishkek Shaary,Bishkek Shaary,State/Province,Kyrgyzstan,35900,7900,4300,5800,1,4.0
Chuy Oblasty (Bishkek),Chuy Oblasty (Bishkek),State/Province,Kyrgyzstan,35900,7900,4300,5800,1,4.0
Gorod Osh,Gorod Osh,State/Province,Kyrgyzstan,35900,7900,4300,5800,1,4.0
Jalal-Abad Oblasty,Jalal-Abad Oblasty,State/Province,Kyrgyzstan,35900,7900,4300,5800,1,4.0
Naryn Oblasty,Naryn Oblasty,State/Province,Kyrgyzstan,35900,7900,4300,5800,1,4.0
Osh Oblasty,Osh Oblasty,State/Province,Kyrgyzstan,35900,7900,4300,5800,1,4.0
Talas Oblasty,Talas Oblasty,State/Province,Kyrgyzstan,35900,7900,4300,5800,1,4.0
Ysyk-Kol Oblasty (Karakol),Ysyk-Kol Oblasty (Karakol),State/Province,Kyrgyzstan,35900,7900,4300,5800,1,4.0
Vientiane,Vientiane,Capital City,Laos,34700,7650,4150,5700,2,4.4
Laos,Laos,Country,Laos,36200,7950,4350,5900,3,4.1
Attapu,Attapu,State/Province,Laos,36500,8050,4400,5900,1,4.0
Bokeo,Bokeo,State/Province,Laos,36500,8050,4400,5900,1,4.0
Bokèo,Bokèo,State/Province,Laos,36500,8050,4400,5900,1,4.0
Bolikhamxai,Bolikhamxai,State/Province,Laos,36500,8050,4400,5900,1,4.0
Champasak,Champasak,State/Province,Laos,36500,8050,4400,5900,1,4.0
Houaphan,Houaphan,State/Province,Laos,36500,8050,4400,5900,1,4.0
Khammouan,Khammouan,State/Province,Laos,36500,8050,4400,5900,1,4.0
Louang Namtha,Louang Namtha,State/Province,Laos,36500,8050,4400,5900,1,4.0
Louangnamtha,Louangnamtha,State/Province,Laos,36500,8050,4400,5900,1,4.0
Louangphabang,Louangphabang,State/Province,Laos,36500,8050,4400,5900,1,4.0
Oudomxai,Oudomxai,State/Province,Laos,36500,8050,4400,5900,1,4.0
Oudômxai,Oudômxai,State/Province,Laos,36500,8050,4400,5900,1,4.0
Phongsali,Phongsali,State/Province,Laos,36500,8050,4400,5900,1,4.0
Phôngsali,Phôngsali,State/Province,Laos,36500,8050,4400,5900,1,4.0
Salavan,Salavan,State/Province,Laos,36500,8050,4400,5900,1,4.0
Savannakhet,Savannakhet,State/Province,Laos,36500,8050,4400,5900,1,4.0
Savannakhét,Savannakhét,State/Province,Laos,36500,8050,4400,5900,1,4.0
Viangchan,Viangchan,State/Province,Laos,36500,8050,4400,5900,1,4.0
Xaignabouli,Xaignabouli,State/Province,Laos,36500,8050,4400,5900,1,4.0
Xaisomboun,Xaisomboun,State/Province,Laos,36500,8050,4400,5900,1,4.0
Xaisômboun,Xaisômboun,State/Province,Laos,36500,8050,4400,5900,1,4.0
Xekong,Xekong,State/Province,Laos,36500,8050,4400,5900,1,4.0
Xiangkhoang,Xiangkhoang,State/Province,Laos,36500,8050,4400,5900,1,4.0
Xiangkhouang,Xiangkhouang,State/Province,Laos,36500,8050,4400,5900,1,4.0
Xékong,Xékong,State/Province,Laos,36500,8050,4400,5900,1,4.0
Aizkraukles novads,Aizkraukles novads,Administrative Region,Latvia,55300,12150,6650,6900,1,4.0
Alūksnes novads,Alūksnes novads,Administrative Region,Latvia,55300,12150,6650,6900,1,4.0
Augšdaugavas novads,Augšdaugavas novads,Administrative Region,Latvia,55300,12150,6650,6900,1,4.0
Balvu novads,Balvu novads,Administrative Region,Latvia,55300,12150,6650,6900,1,4.0
Bauskas novads,Bauskas novads,Administrative Region,Latvia,55300,12150,6650,6900,1,4.0
Cēsu novads,Cēsu novads,Administrative Region,Latvia,55300,12150,6650,6900,1,4.0
Dienvidkurzemes Novads,Dienvidkurzemes Novads,Administrative Region,Latvia,55300,12150,6650,6900,1,4.0
Dobeles novads,Dobeles novads,Administrative Region,Latvia,55300,12150,6650,6900,1,4.0
Gulbenes novads,Gulbenes novads,Administrative Region,Latvia,55300,12150,6650,6900,1,4.0
Jelgavas novads,Jelgavas novads,Administrative Region,Latvia,55300,12150,6650,6900,1,4.0
Jēkabpils novads,Jēkabpils novads,Administrative Region,Latvia,55300,12150,6650,6900,1,4.0
Krāslavas novads,Krāslavas novads,Administrative Region,Latvia,55300,12150,6650,6900,1,4.0
Kuldīgas novads,Kuldīgas novads,Administrative Region,Latvia,55300,12150,6650,6900,1,4.0
Limbažu novads,Limbažu novads,Administrative Region,Latvia,55300,12150,6650,6900,1,4.0
Ludzas novads,Ludzas novads,Administrative Region,Latvia,55300,12150,6650,6900,1,4.0
Līvānu novads,Līvānu novads,Administrative Region,Latvia,55300,12150,6650,6900,1,4.0
Madonas novads,Madonas novads,Administrative Region,Latvia,55300,12150,6650,6900,1,4.0
Mārupes novads,Mārupes novads,Administrative Region,Latvia,55300,12150,6650,6900,1,4.0
Ogres novads,Ogres novads,Administrative Region,Latvia,55300,12150,6650,6900,1,4.0
Olaines novads,Olaines novads,Administrative Region,Latvia,55300,12150,6650,6900,1,4.0
Preiļu novads,Preiļu novads,Administrative Region,Latvia,55300,12150,6650,6900,1,4.0
Ropažu novads,Ropažu novads,Administrative Region,Latvia,55300,12150,6650,6900,1,4.0
Rēzeknes novads,Rēzeknes novads,Administrative Region,Latvia,55300,12150,6650,6900,1,4.0
Salaspils novads,Salaspils novads,Administrative Region,Latvia,55300,12150,6650,6900,1,4.0
Saldus novads,Saldus novads,Administrative Region,Latvia,55300,12150,6650,6900,1,4.0
Saulkrastu novads,Saulkrastu novads,Administrative Region,Latvia,55300,12150,6650,6900,1,4.0
Siguldas novads,Siguldas novads,Administrative Region,Latvia,55300,12150,6650,6900,1,4.0
Smiltenes novads,Smiltenes novads,Administrative Region,Latvia,55300,12150,6650,6900,1,4.0
Talsu novads,Talsu novads,Administrative Region,Latvia,55300,12150,6650,6900,1,4.0
Tukuma novads,Tukuma novads,Administrative Region,Latvia,55300,12150,6650,6900,1,4.0
Valkas novads,Valkas novads,Administrative Region,Latvia,55300,12150,6650,6900,1,4.0
Valmieras Novads,Valmieras Novads,Administrative Region,Latvia,55300,12150,6650,6900,1,4.0
Varakļānu novads,Varakļānu novads,Administrative Region,Latvia,55300,12150,6650,6900,1,4.0
Ventspils novads,Ventspils novads,Administrative Region,Latvia,55300,12150,6650,6900,1,4.0
Ādažu novads,Ādažu novads,Administrative Region,Latvia,55300,12150,6650,6900,1,4.0
Ķekavas novads,Ķekavas novads,Administrative Region,Latvia,55300,12150,6650,6900,1,4.0
Riga,Riga,Capital City,Latvia,70900,15600,8500,8900,2,4.4
Latvia,Latvia,Country,Latvia,72300,15900,8700,9100,3,4.1
Aizkraukles Rajons,Aizkraukles Rajons,State/Province,Latvia,56000,12300,6700,6900,1,4.0
Aluksnes Rajons,Aluksnes Rajons,State/Province,Latvia,56000,12300,6700,6900,1,4.0
Balvu Rajons,Balvu Rajons,State/Province,Latvia,56000,12300,6700,6900,1,4.0
Bauskas Rajons,Bauskas Rajons,State/Province,Latvia,56000,12300,6700,6900,1,4.0
Cesu Rajons,Cesu Rajons,State/Province,Latvia,56000,12300,6700,6900,1,4.0
Daugavpils,Daugavpils,State/Province,Latvia,56000,12300,6700,6900,1,4.0
Daugavpils Rajons,Daugavpils Rajons,State/Province,Latvia,56000,12300,6700,6900,1,4.0
Dobeles Rajons,Dobeles Rajons,State/Province,Latvia,56000,12300,6700,6900,1,4.0
Gulbenes Rajons,Gulbenes Rajons,State/Province,Latvia,56000,12300,6700,6900,1,4.0
Jekabpils Rajons,Jekabpils Rajons,State/Province,Latvia,56000,12300,6700,6900,1,4.0
Jelgava,Jelgava,State/Province,Latvia,56000,12300,6700,6900,1,4.0
Jelgavas Rajons,Jelgavas Rajons,State/Province,Latvia,56000,12300,6700,6900,1,4.0
Jurmala,Jurmala,State/Province,Latvia,56000,12300,6700,6900,1,4.0
Jūrmala,Jūrmala,State/Province,Latvia,56000,12300,6700,6900,1,4.0
Kraslavas Rajons,Kraslavas Rajons,State/Province,Latvia,56000,12300,6700,6900,1,4.0
Kuldigas Rajons,Kuldigas Rajons,State/Province,Latvia,56000,12300,6700,6900,1,4.0
Leipaja,Leipaja,State/Province,Latvia,56000,12300,6700,6900,1,4.0
Liepajas Rajons,Liepajas Rajons,State/Province,Latvia,56000,12300,6700,6900,1,4.0
Liepāja,Liepāja,State/Province,Latvia,56000,12300,6700,6900,1,4.0
Limbazu Rajons,Limbazu Rajons,State/Province,Latvia,56000,12300,6700,6900,1,4.0
Ludzas Rajons,Ludzas Rajons,State/Province,Latvia,56000,12300,6700,6900,1,4.0
Madonas Rajons,Madonas Rajons,State/Province,Latvia,56000,12300,6700,6900,1,4.0
Ogres Rajons,Ogres Rajons,State/Province,Latvia,56000,12300,6700,6900,1,4.0
Preilu Rajons,Preilu Rajons,State/Province,Latvia,56000,12300,6700,6900,1,4.0
Rezekne,Rezekne,State/Province,Latvia,56000,12300,6700,6900,1,4.0
Rezeknes Rajons,Rezeknes Rajons,State/Province,Latvia,56000,12300,6700,6900,1,4.0
Riga,Riga,State/Province,Latvia,56000,12300,6700,6900,1,4.0
Rigas Rajons,Rigas Rajons,State/Province,Latvia,56000,12300,6700,6900,1,4.0
Rēzekne,Rēzekne,State/Province,Latvia,56000,12300,6700,6900,1,4.0
Rīga,Rīga,State/Province,Latvia,56000,12300,6700,6900,1,4.0
Saldus Rajons,Saldus Rajons,State/Province,Latvia,56000,12300,6700,6900,1,4.0
Talsu Rajons,Talsu Rajons,State/Province,Latvia,56000,12300,6700,6900,1,4.0
Tukuma Rajons,Tukuma Rajons,State/Province,Latvia,56000,12300,6700,6900,1,4.0
Valkas Rajons,Valkas Rajons,State/Province,Latvia,56000,12300,6700,6900,1,4.0
Valmieras Rajons,Valmieras Rajons,State/Province,Latvia,56000,12300,6700,6900,1,4.0
Ventspils,Ventspils,State/Province,Latvia,56000,12300,6700,6900,1,4.0
Ventspils Rajons,Ventspils Rajons,State/Province,Latvia,56000,12300,6700,6900,1,4.0
Beirut,Beirut,Capital City,Lebanon,35200,7750,4200,5800,2,4.4
Lebanon,Lebanon,Country,Lebanon,36700,8050,4400,6000,3,4.1
Aakkâr,Aakkâr,State/Province,Lebanon,25600,5650,3050,4300,1,4.0
Al Biqā‘,Al Biqā‘,State/Province,Lebanon,25600,5650,3050,4300,1,4.0
Al Janūb,Al Janūb,State/Province,Lebanon,25600,5650,3050,4300,1,4.0
An Nabaţīyah,An Nabaţīyah,State/Province,Lebanon,25600,5650,3050,4300,1,4.0
Ash Shimāl,Ash Shimāl,State/Province,Lebanon,25600,5650,3050,4300,1,4.0
Baalbek-Hermel,Baalbek-Hermel,State/Province,Lebanon,25600,5650,3050,4300,1,4.0
Bayrūt,Bayrūt,State/Province,Lebanon,25600,5650,3050,4300,1,4.0
Beyrouth,Beyrouth,State/Province,Lebanon,25600,5650,3050,4300,1,4.0
Ech Chimal,Ech Chimal,State/Province,Lebanon,25600,5650,3050,4300,1,4.0
Ej Jnoub,Ej Jnoub,State/Province,Lebanon,25600,5650,3050,4300,1,4.0
El Bekaa,El Bekaa,State/Province,Lebanon,25600,5650,3050,4300,1,4.0
Jabal Loubnane,Jabal Loubnane,State/Province,Lebanon,25600,5650,3050,4300,1,4.0
Jabal Lubnān,Jabal Lubnān,State/Province,Lebanon,25600,5650,3050,4300,1,4.0
Berea,Berea,Administrative Region,Lesotho,50100,11000,6000,6100,1,4.0
Botha-Bothe,Botha-Bothe,Administrative Region,Lesotho,50100,11000,6000,6100,1,4.0
Leribe,Leribe,Administrative Region,Lesotho,50100,11000,6000,6100,1,4.0
Mafeteng,Mafeteng,Administrative Region,Lesotho,50100,11000,6000,6100,1,4.0
Maseru,Maseru,Administrative Region,Lesotho,50100,11000,6000,6100,1,4.0
Mohale's Hoek,Mohale's Hoek,Administrative Region,Lesotho,50100,11000,6000,6100,1,4.0
Mokhotlong,Mokhotlong,Administrative Region,Lesotho,50100,11000,6000,6100,1,4.0
Qacha's Nek,Qacha's Nek,Administrative Region,Lesotho,50100,11000,6000,6100,1,4.0
Quthing,Quthing,Administrative Region,Lesotho,50100,11000,6000,6100,1,4.0
Thaba-Tseka,Thaba-Tseka,Administrative Region,Lesotho,50100,11000,6000,6100,1,4.0
Maseru,Maseru,Capital City,Lesotho,63700,14000,7650,7800,2,4.4
Lesotho,Lesotho,Country,Lesotho,65200,14350,7800,8000,3,4.1
Berea,Berea,State/Province,Lesotho,50400,11100,6050,6100,1,4.0
Butha-Buthe,Butha-Buthe,State/Province,Lesotho,50400,11100,6050,6100,1,4.0
Leribe,Leribe,State/Province,Lesotho,50400,11100,6050,6100,1,4.0
Mafeteng,Mafeteng,State/Province,Lesotho,50400,11100,6050,6100,1,4.0
Maseru,Maseru,State/Province,Lesotho,50400,11100,6050,6100,1,4.0
Mohales Hoek,Mohales Hoek,State/Province,Lesotho,50400,11100,6050,6100,1,4.0
Mokhotlong,Mokhotlong,State/Province,Lesotho,50400,11100,6050,6100,1,4.0
Qacha's Nek,Qacha's Nek,State/Province,Lesotho,50400,11100,6050,6100,1,4.0
Quthing,Quthing,State/Province,Lesotho,50400,11100,6050,6100,1,4.0
Thaba-Tseka,Thaba-Tseka,State/Province,Lesotho,50400,11100,6050,6100,1,4.0
Bomi,Bomi,Administrative Region,Liberia,45800,10100,5500,5500,1,4.0
Bong,Bong,Administrative Region,Liberia,45800,10100,5500,5500,1,4.0
Gbarpolu,Gbarpolu,Administrative Region,Liberia,45800,10100,5500,5500,1,4.0
Grand Bassa,Grand Bassa,Administrative Region,Liberia,45800,10100,5500,5500,1,4.0
Grand Cape Mount,Grand Cape Mount,Administrative Region,Liberia,45800,10100,5500,5500,1,4.0
Grand Gedeh,Grand Gedeh,Administrative Region,Liberia,45800,10100,5500,5500,1,4.0
Grand Kru,Grand Kru,Administrative Region,Liberia,45800,10100,5500,5500,1,4.0
Lofa,Lofa,Administrative Region,Liberia,45800,10100,5500,5500,1,4.0
Margibi,Margibi,Administrative Region,Liberia,45800,10100,5500,5500,1,4.0
Maryland,Maryland,Administrative Region,Liberia,45800,10100,5500,5500,1,4.0
Montserrado,Montserrado,Administrative Region,Liberia,45800,10100,5500,5500,1,4.0
Nimba,Nimba,Administrative Region,Liberia,45800,10100,5500,5500,1,4.0
River Cess,River Cess,Administrative Region,Liberia,45800,10100,5500,5500,1,4.0
River Gee,River Gee,Administrative Region,Liberia,45800,10100,5500,5500,1,4.0
Sinoe,Sinoe,Administrative Region,Liberia,45800,10100,5500,5500,1,4.0
Monrovia,Monrovia,Capital City,Liberia,59400,13050,7150,7200,2,4.4
Liberia,Liberia,Country,Liberia,60900,13400,7300,7400,3,4.1
Bomi,Bomi,State/Province,Liberia,57400,12650,6900,7100,1,4.0
Bong,Bong,State/Province,Liberia,57400,12650,6900,7100,1,4.0
Grand Bassa,Grand Bassa,State/Province,Liberia,57400,12650,6900,7100,1,4.0
Grand Cape Mount,Grand Cape Mount,State/Province,Liberia,57400,12650,6900,7100,1,4.0
Grand Gedeh,Grand Gedeh,State/Province,Liberia,57400,12650,6900,7100,1,4.0
Grand Kru,Grand Kru,State/Province,Liberia,57400,12650,6900,7100,1,4.0
Lofa,Lofa,State/Province,Liberia,57400,12650,6900,7100,1,4.0
Margibi,Margibi,State/Province,Liberia,57400,12650,6900,7100,1,4.0
Maryland,Maryland,State/Province,Liberia,57400,12650,6900,7100,1,4.0
Montserrado,Montserrado,State/Province,Liberia,57400,12650,6900,7100,1,4.0
Nimba,Nimba,State/Province,Liberia,57400,12650,6900,7100,1,4.0
River Cess,River Cess,State/Province,Liberia,57400,12650,6900,7100,1,4.0
Sinoe,Sinoe,State/Province,Liberia,57400,12650,6900,7100,1,4.0
Tripoli,Tripoli,Capital City,Libya,59500,13100,7150,7200,2,4.4
Libya,Libya,Country,Libya,61000,13400,7300,7400,3,4.1
Ajdabiya,Ajdabiya,State/Province,Libya,57500,12650,6900,7100,1,4.0
Al 'Aziziyah,Al 'Aziziyah,State/Province,Libya,57500,12650,6900,7100,1,4.0
Al Buţnān,Al Buţnān,State/Province,Libya,57500,12650,6900,7100,1,4.0
Al Fatih,Al Fatih,State/Province,Libya,57500,12650,6900,7100,1,4.0
Al Jabal al Akhdar,Al Jabal al Akhdar,State/Province,Libya,57500,12650,6900,7100,1,4.0
Al Jabal al Akhḑar,Al Jabal al Akhḑar,State/Province,Libya,57500,12650,6900,7100,1,4.0
Al Jabal al Gharbī,Al Jabal al Gharbī,State/Province,Libya,57500,12650,6900,7100,1,4.0
Al Jafārah,Al Jafārah,State/Province,Libya,57500,12650,6900,7100,1,4.0
Al Jufrah,Al Jufrah,State/Province,Libya,57500,12650,6900,7100,1,4.0
Al Khums,Al Khums,State/Province,Libya,57500,12650,6900,7100,1,4.0
Al Kufrah,Al Kufrah,State/Province,Libya,57500,12650,6900,7100,1,4.0
Al Marj,Al Marj,State/Province,Libya,57500,12650,6900,7100,1,4.0
Al Marqab,Al Marqab,State/Province,Libya,57500,12650,6900,7100,1,4.0
Al Wāḩāt,Al Wāḩāt,State/Province,Libya,57500,12650,6900,7100,1,4.0
An Nuqat al Khams,An Nuqat al Khams,State/Province,Libya,57500,12650,6900,7100,1,4.0
An Nuqāţ al Khams,An Nuqāţ al Khams,State/Province,Libya,57500,12650,6900,7100,1,4.0
Ash Shati',Ash Shati',State/Province,Libya,57500,12650,6900,7100,1,4.0
Awbari,Awbari,State/Province,Libya,57500,12650,6900,7100,1,4.0
Az Zawiyah,Az Zawiyah,State/Province,Libya,57500,12650,6900,7100,1,4.0
Az Zāwiyah,Az Zāwiyah,State/Province,Libya,57500,12650,6900,7100,1,4.0
Banghazi,Banghazi,State/Province,Libya,57500,12650,6900,7100,1,4.0
Banghāzī,Banghāzī,State/Province,Libya,57500,12650,6900,7100,1,4.0
Darnah,Darnah,State/Province,Libya,57500,12650,6900,7100,1,4.0
Ghadamis,Ghadamis,State/Province,Libya,57500,12650,6900,7100,1,4.0
Gharyan,Gharyan,State/Province,Libya,57500,12650,6900,7100,1,4.0
Ghāt,Ghāt,State/Province,Libya,57500,12650,6900,7100,1,4.0
Misratah,Misratah,State/Province,Libya,57500,12650,6900,7100,1,4.0
Mişrātah,Mişrātah,State/Province,Libya,57500,12650,6900,7100,1,4.0
Murzuq,Murzuq,State/Province,Libya,57500,12650,6900,7100,1,4.0
Nālūt,Nālūt,State/Province,Libya,57500,12650,6900,7100,1,4.0
Sabha,Sabha,State/Province,Libya,57500,12650,6900,7100,1,4.0
Sabhā,Sabhā,State/Province,Libya,57500,12650,6900,7100,1,4.0
Sawfajjin,Sawfajjin,State/Province,Libya,57500,12650,6900,7100,1,4.0
Surt,Surt,State/Province,Libya,57500,12650,6900,7100,1,4.0
Tarabulus,Tarabulus,State/Province,Libya,57500,12650,6900,7100,1,4.0
Tarhunah,Tarhunah,State/Province,Libya,57500,12650,6900,7100,1,4.0
Tubruq,Tubruq,State/Province,Libya,57500,12650,6900,7100,1,4.0
Wādī al Ḩayāt,Wādī al Ḩayāt,State/Province,Libya,57500,12650,6900,7100,1,4.0
Wādī ash Shāţi’,Wādī ash Shāţi’,State/Province,Libya,57500,12650,6900,7100,1,4.0
Yafran,Yafran,State/Province,Libya,57500,12650,6900,7100,1,4.0
Zlitan,Zlitan,State/Province,Libya,57500,12650,6900,7100,1,4.0
Ţarābulus,Ţarābulus,State/Province,Libya,57500,12650,6900,7100,1,4.0
Balzers,Balzers,Administrative Region,Liechtenstein,60900,13400,7300,7700,1,4.0
Eschen,Eschen,Administrative Region,Liechtenstein,60900,13400,7300,7700,1,4.0
Gamprin,Gamprin,Administrative Region,Liechtenstein,60900,13400,7300,7700,1,4.0
Mauren,Mauren,Administrative Region,Liechtenstein,60900,13400,7300,7700,1,4.0
Planken,Planken,Administrative Region,Liechtenstein,60900,13400,7300,7700,1,4.0
Ruggell,Ruggell,Administrative Region,Liechtenstein,60900,13400,7300,7700,1,4.0
Schaan,Schaan,Administrative Region,Liechtenstein,60900,13400,7300,7700,1,4.0
Schellenberg,Schellenberg,Administrative Region,Liechtenstein,60900,13400,7300,7700,1,4.0
Triesen,Triesen,Administrative Region,Liechtenstein,60900,13400,7300,7700,1,4.0
Triesenberg,Triesenberg,Administrative Region,Liechtenstein,60900,13400,7300,7700,1,4.0
Vaduz,Vaduz,Administrative Region,Liechtenstein,60900,13400,7300,7700,1,4.0
Vaduz,Vaduz,Capital City,Liechtenstein,65200,14350,7800,8000,2,4.4
Liechtenstein,Liechtenstein,Country,Liechtenstein,66700,14650,8000,8300,3,4.1
Balzers,Balzers,State/Province,Liechtenstein,61700,13550,7400,7800,1,4.0
Eschen,Eschen,State/Province,Liechtenstein,61700,13550,7400,7800,1,4.0
Gamprin,Gamprin,State/Province,Liechtenstein,61700,13550,7400,7800,1,4.0
Mauren,Mauren,State/Province,Liechtenstein,61700,13550,7400,7800,1,4.0
Planken,Planken,State/Province,Liechtenstein,61700,13550,7400,7800,1,4.0
Ruggell,Ruggell,State/Province,Liechtenstein,61700,13550,7400,7800,1,4.0
Schaan,Schaan,State/Province,Liechtenstein,61700,13550,7400,7800,1,4.0
Schellenberg,Schellenberg,State/Province,Liechtenstein,61700,13550,7400,7800,1,4.0
Triesen,Triesen,State/Province,Liechtenstein,61700,13550,7400,7800,1,4.0
Triesenberg,Triesenberg,State/Province,Liechtenstein,61700,13550,7400,7800,1,4.0
Vaduz,Vaduz,State/Province,Liechtenstein,61700,13550,7400,7800,1,4.0
Akmenė,Akmenė,Administrative Region,Lithuania,57300,12600,6900,7200,1,4.0
Alytaus apskritis,Alytaus apskritis,Administrative Region,Lithuania,57300,12600,6900,7200,1,4.0
Alytaus miestas,Alytaus miestas,Administrative Region,Lithuania,57300,12600,6900,7200,1,4.0
Alytus,Alytus,Administrative Region,Lithuania,57300,12600,6900,7200,1,4.0
Anykščiai,Anykščiai,Administrative Region,Lithuania,57300,12600,6900,7200,1,4.0
Birštonas,Birštonas,Administrative Region,Lithuania,57300,12600,6900,7200,1,4.0
Biržai,Biržai,Administrative Region,Lithuania,57300,12600,6900,7200,1,4.0
Druskininkai,Druskininkai,Administrative Region,Lithuania,57300,12600,6900,7200,1,4.0
Elektrėnai,Elektrėnai,Administrative Region,Lithuania,57300,12600,6900,7200,1,4.0
Ignalina,Ignalina,Administrative Region,Lithuania,57300,12600,6900,7200,1,4.0
Jonava,Jonava,Administrative Region,Lithuania,57300,12600,6900,7200,1,4.0
Joniškis,Joniškis,Administrative Region,Lithuania,57300,12600,6900,7200,1,4.0
Jurbarkas,Jurbarkas,Administrative Region,Lithuania,57300,12600,6900,7200,1,4.0
Kaišiadorys,Kaišiadorys,Administrative Region,Lithuania,57300,12600,6900,7200,1,4.0
Kalvarija,Kalvarija,Administrative Region,Lithuania,57300,12600,6900,7200,1,4.0
Kaunas,Kaunas,Administrative Region,Lithuania,57300,12600,6900,7200,1,4.0
Kauno apskritis,Kauno apskritis,Administrative Region,Lithuania,57300,12600,6900,7200,1,4.0
Kauno miestas,Kauno miestas,Administrative Region,Lithuania,57300,12600,6900,7200,1,4.0
Kazlų Rūdos,Kazlų Rūdos,Administrative Region,Lithuania,57300,12600,6900,7200,1,4.0
Kelmė,Kelmė,Administrative Region,Lithuania,57300,12600,6900,7200,1,4.0
Klaipėda,Klaipėda,Administrative Region,Lithuania,57300,12600,6900,7200,1,4.0
Klaipėdos apskritis,Klaipėdos apskritis,Administrative Region,Lithuania,57300,12600,6900,7200,1,4.0
Klaipėdos miestas,Klaipėdos miestas,Administrative Region,Lithuania,57300,12600,6900,7200,1,4.0
Kretinga,Kretinga,Administrative Region,Lithuania,57300,12600,6900,7200,1,4.0
Kupiškis,Kupiškis,Administrative Region,Lithuania,57300,12600,6900,7200,1,4.0
Kėdainiai,Kėdainiai,Administrative Region,Lithuania,57300,12600,6900,7200,1,4.0
Lazdijai,Lazdijai,Administrative Region,Lithuania,57300,12600,6900,7200,1,4.0
Marijampolė,Marijampolė,Administrative Region,Lithuania,57300,12600,6900,7200,1,4.0
Marijampolės apskritis,Marijampolės apskritis,Administrative Region,Lithuania,57300,12600,6900,7200,1,4.0
Mažeikiai,Mažeikiai,Administrative Region,Lithuania,57300,12600,6900,7200,1,4.0
Molėtai,Molėtai,Administrative Region,Lithuania,57300,12600,6900,7200,1,4.0
Neringa,Neringa,Administrative Region,Lithuania,57300,12600,6900,7200,1,4.0
Pagėgiai,Pagėgiai,Administrative Region,Lithuania,57300,12600,6900,7200,1,4.0
Pakruojis,Pakruojis,Administrative Region,Lithuania,57300,12600,6900,7200,1,4.0
Palangos miestas,Palangos miestas,Administrative Region,Lithuania,57300,12600,6900,7200,1,4.0
Panevėžio apskritis,Panevėžio apskritis,Administrative Region,Lithuania,57300,12600,6900,7200,1,4.0
Panevėžio miestas,Panevėžio miestas,Administrative Region,Lithuania,57300,12600,6900,7200,1,4.0
Panevėžys,Panevėžys,Administrative Region,Lithuania,57300,12600,6900,7200,1,4.0
Pasvalys,Pasvalys,Administrative Region,Lithuania,57300,12600,6900,7200,1,4.0
Plungė,Plungė,Administrative Region,Lithuania,57300,12600,6900,7200,1,4.0
Prienai,Prienai,Administrative Region,Lithuania,57300,12600,6900,7200,1,4.0
Radviliškis,Radviliškis,Administrative Region,Lithuania,57300,12600,6900,7200,1,4.0
Raseiniai,Raseiniai,Administrative Region,Lithuania,57300,12600,6900,7200,1,4.0
Rietavas,Rietavas,Administrative Region,Lithuania,57300,12600,6900,7200,1,4.0
Rokiškis,Rokiškis,Administrative Region,Lithuania,57300,12600,6900,7200,1,4.0
Skuodas,Skuodas,Administrative Region,Lithuania,57300,12600,6900,7200,1,4.0
Tauragė,Tauragė,Administrative Region,Lithuania,57300,12600,6900,7200,1,4.0
Tauragės apskritis,Tauragės apskritis,Administrative Region,Lithuania,57300,12600,6900,7200,1,4.0
Telšiai,Telšiai,Administrative Region,Lithuania,57300,12600,6900,7200,1,4.0
Telšių apskritis,Telšių apskritis,Administrative Region,Lithuania,57300,12600,6900,7200,1,4.0
Trakai,Trakai,Administrative Region,Lithuania,57300,12600,6900,7200,1,4.0
Ukmergė,Ukmergė,Administrative Region,Lithuania,57300,12600,6900,7200,1,4.0
Utena,Utena,Administrative Region,Lithuania,57300,12600,6900,7200,1,4.0
Utenos apskritis,Utenos apskritis,Administrative Region,Lithuania,57300,12600,6900,7200,1,4.0
Varėna,Varėna,Administrative Region,Lithuania,57300,12600,6900,7200,1,4.0
Vilkaviškis,Vilkaviškis,Administrative Region,Lithuania,57300,12600,6900,7200,1,4.0
Vilniaus apskritis,Vilniaus apskritis,Administrative Region,Lithuania,57300,12600,6900,7200,1,4.0
Vilniaus miestas,Vilniaus miestas,Administrative Region,Lithuania,57300,12600,6900,7200,1,4.0
Vilnius,Vilnius,Administrative Region,Lithuania,57300,12600,6900,7200,1,4.0
Visaginas,Visaginas,Administrative Region,Lithuania,57300,12600,6900,7200,1,4.0
Zarasai,Zarasai,Administrative Region,Lithuania,57300,12600,6900,7200,1,4.0
Šakiai,Šakiai,Administrative Region,Lithuania,57300,12600,6900,7200,1,4.0
Šalčininkai,Šalčininkai,Administrative Region,Lithuania,57300,12600,6900,7200,1,4.0
Šiauliai,Šiauliai,Administrative Region,Lithuania,57300,12600,6900,7200,1,4.0
Šiaulių apskritis,Šiaulių apskritis,Administrative Region,Lithuania,57300,12600,6900,7200,1,4.0
Šiaulių miestas,Šiaulių miestas,Administrative Region,Lithuania,57300,12600,6900,7200,1,4.0
Šilalė,Šilalė,Administrative Region,Lithuania,57300,12600,6900,7200,1,4.0
Šilutė,Šilutė,Administrative Region,Lithuania,57300,12600,6900,7200,1,4.0
Širvintos,Širvintos,Administrative Region,Lithuania,57300,12600,6900,7200,1,4.0
Švenčionys,Švenčionys,Administrative Region,Lithuania,57300,12600,6900,7200,1,4.0
Vilnius,Vilnius,Capital City,Lithuania,72900,16050,8750,9200,2,4.4
Lithuania,Lithuania,Country,Lithuania,74400,16350,8950,9400,3,4.1
Akmenes Rajonas,Akmenes Rajonas,State/Province,Lithuania,58100,12800,6950,7200,1,4.0
Alytaus Rajonas,Alytaus Rajonas,State/Province,Lithuania,58100,12800,6950,7200,1,4.0
Alytus,Alytus,State/Province,Lithuania,58100,12800,6950,7200,1,4.0
Anyksciu Rajonas,Anyksciu Rajonas,State/Province,Lithuania,58100,12800,6950,7200,1,4.0
Birstonas,Birstonas,State/Province,Lithuania,58100,12800,6950,7200,1,4.0
Birzu Rajonas,Birzu Rajonas,State/Province,Lithuania,58100,12800,6950,7200,1,4.0
Druskininkai,Druskininkai,State/Province,Lithuania,58100,12800,6950,7200,1,4.0
Ignalinos Rajonas,Ignalinos Rajonas,State/Province,Lithuania,58100,12800,6950,7200,1,4.0
Jonavos Rajonas,Jonavos Rajonas,State/Province,Lithuania,58100,12800,6950,7200,1,4.0
Joniskio Rajonas,Joniskio Rajonas,State/Province,Lithuania,58100,12800,6950,7200,1,4.0
Jurbarko Rajonas,Jurbarko Rajonas,State/Province,Lithuania,58100,12800,6950,7200,1,4.0
Kaisiadoriu Rajonas,Kaisiadoriu Rajonas,State/Province,Lithuania,58100,12800,6950,7200,1,4.0
Kaunas,Kaunas,State/Province,Lithuania,58100,12800,6950,7200,1,4.0
Kauno Rajonas,Kauno Rajonas,State/Province,Lithuania,58100,12800,6950,7200,1,4.0
Kedainiu Rajonas,Kedainiu Rajonas,State/Province,Lithuania,58100,12800,6950,7200,1,4.0
Kelmes Rajonas,Kelmes Rajonas,State/Province,Lithuania,58100,12800,6950,7200,1,4.0
Klaipeda,Klaipeda,State/Province,Lithuania,58100,12800,6950,7200,1,4.0
Klaipedos Rajonas,Klaipedos Rajonas,State/Province,Lithuania,58100,12800,6950,7200,1,4.0
Kretingos Rajonas,Kretingos Rajonas,State/Province,Lithuania,58100,12800,6950,7200,1,4.0
Kupiskio Rajonas,Kupiskio Rajonas,State/Province,Lithuania,58100,12800,6950,7200,1,4.0
Lazdiju Rajonas,Lazdiju Rajonas,State/Province,Lithuania,58100,12800,6950,7200,1,4.0
Marijampole,Marijampole,State/Province,Lithuania,58100,12800,6950,7200,1,4.0
Marijampoles Rajonas,Marijampoles Rajonas,State/Province,Lithuania,58100,12800,6950,7200,1,4.0
Mazeikiu Rajonas,Mazeikiu Rajonas,State/Province,Lithuania,58100,12800,6950,7200,1,4.0
Moletu Rajonas,Moletu Rajonas,State/Province,Lithuania,58100,12800,6950,7200,1,4.0
Neringa Pakruojo Rajonas,Neringa Pakruojo Rajonas,State/Province,Lithuania,58100,12800,6950,7200,1,4.0
Palanga,Palanga,State/Province,Lithuania,58100,12800,6950,7200,1,4.0
Panevezio Rajonas,Panevezio Rajonas,State/Province,Lithuania,58100,12800,6950,7200,1,4.0
Panevezys,Panevezys,State/Province,Lithuania,58100,12800,6950,7200,1,4.0
Pasvalio Rajonas,Pasvalio Rajonas,State/Province,Lithuania,58100,12800,6950,7200,1,4.0
Plunges Rajonas,Plunges Rajonas,State/Province,Lithuania,58100,12800,6950,7200,1,4.0
Prienu Rajonas,Prienu Rajonas,State/Province,Lithuania,58100,12800,6950,7200,1,4.0
Radviliskio Rajonas,Radviliskio Rajonas,State/Province,Lithuania,58100,12800,6950,7200,1,4.0
Raseiniu Rajonas,Raseiniu Rajonas,State/Province,Lithuania,58100,12800,6950,7200,1,4.0
Rokiskio Rajonas,Rokiskio Rajonas,State/Province,Lithuania,58100,12800,6950,7200,1,4.0
Sakiu Rajonas,Sakiu Rajonas,State/Province,Lithuania,58100,12800,6950,7200,1,4.0
Salcininku Rajonas,Salcininku Rajonas,State/Province,Lithuania,58100,12800,6950,7200,1,4.0
Siauliai,Siauliai,State/Province,Lithuania,58100,12800,6950,7200,1,4.0
Siauliu Rajonas,Siauliu Rajonas,State/Province,Lithuania,58100,12800,6950,7200,1,4.0
Silales Rajonas,Silales Rajonas,State/Province,Lithuania,58100,12800,6950,7200,1,4.0
Silutes Rajonas,Silutes Rajonas,State/Province,Lithuania,58100,12800,6950,7200,1,4.0
Sirvintu Rajonas,Sirvintu Rajonas,State/Province,Lithuania,58100,12800,6950,7200,1,4.0
Skuodo Rajonas,Skuodo Rajonas,State/Province,Lithuania,58100,12800,6950,7200,1,4.0
Svencioniu Rajonas,Svencioniu Rajonas,State/Province,Lithuania,58100,12800,6950,7200,1,4.0
Taurages Rajonas,Taurages Rajonas,State/Province,Lithuania,58100,12800,6950,7200,1,4.0
Telsiu Rajonas,Telsiu Rajonas,State/Province,Lithuania,58100,12800,6950,7200,1,4.0
Traku Rajonas,Traku Rajonas,State/Province,Lithuania,58100,12800,6950,7200,1,4.0
Ukmerges Rajonas,Ukmerges Rajonas,State/Province,Lithuania,58100,12800,6950,7200,1,4.0
Utenos Rajonas,Utenos Rajonas,State/Province,Lithuania,58100,12800,6950,7200,1,4.0
Varenos Rajonas,Varenos Rajonas,State/Province,Lithuania,58100,12800,6950,7200,1,4.0
Vilkaviskio Rajonas,Vilkaviskio Rajonas,State/Province,Lithuania,58100,12800,6950,7200,1,4.0
Vilniaus Rajonas,Vilniaus Rajonas,State/Province,Lithuania,58100,12800,6950,7200,1,4.0
Vilnius,Vilnius,State/Province,Lithuania,58100,12800,6950,7200,1,4.0
Zarasu Rajonas,Zarasu Rajonas,State/Province,Lithuania,58100,12800,6950,7200,1,4.0
Luxembourg,Luxembourg,Capital City,Luxembourg,66000,14500,7900,8200,2,4.4
Luxembourg,Luxembourg,Country,Luxembourg,67500,14850,8100,8400,3,4.1
Capellen,Capellen,State/Province,Luxembourg,62500,13750,7500,7900,1,4.0
Clervaux,Clervaux,State/Province,Luxembourg,62500,13750,7500,7900,1,4.0
Diekirch,Diekirch,State/Province,Luxembourg,62500,13750,7500,7900,1,4.0
Echternach,Echternach,State/Province,Luxembourg,62500,13750,7500,7900,1,4.0
Esch-sur-Alzette,Esch-sur-Alzette,State/Province,Luxembourg,62500,13750,7500,7900,1,4.0
Grevenmacher,Grevenmacher,State/Province,Luxembourg,62500,13750,7500,7900,1,4.0
Luxembourg,Luxembourg,State/Province,Luxembourg,62500,13750,7500,7900,1,4.0
Mersch,Mersch,State/Province,Luxembourg,62500,13750,7500,7900,1,4.0
Redange,Redange,State/Province,Luxembourg,62500,13750,7500,7900,1,4.0
Remich,Remich,State/Province,Luxembourg,62500,13750,7500,7900,1,4.0
Vianden,Vianden,State/Province,Luxembourg,62500,13750,7500,7900,1,4.0
Wiltz,Wiltz,State/Province,Luxembourg,62500,13750,7500,7900,1,4.0
Macao,Macao,Country,Macao,64200,14100,7700,6600,3,4.1
Macau,Macau,State/Province,Macau,35100,7700,4200,5700,1,4.0
Antananarivo,Antananarivo,Capital City,Madagascar,59400,13050,7150,7200,2,4.4
Madagascar,Madagascar,Country,Madagascar,60900,13400,7300,7400,3,4.1
Antananarivo,Antananarivo,State/Province,Madagascar,57400,12650,6900,7100,1,4.0
Antsiranana,Antsiranana,State/Province,Madagascar,57400,12650,6900,7100,1,4.0
Fianarantsoa,Fianarantsoa,State/Province,Madagascar,57400,12650,6900,7100,1,4.0
Mahajanga,Mahajanga,State/Province,Madagascar,57400,12650,6900,7100,1,4.0
Toamasina,Toamasina,State/Province,Madagascar,57400,12650,6900,7100,1,4.0
Toliara,Toliara,State/Province,Madagascar,57400,12650,6900,7100,1,4.0
Balaka,Balaka,Administrative Region,Malawi,46600,10250,5600,5600,1,4.0
Blantyre,Blantyre,Administrative Region,Malawi,46600,10250,5600,5600,1,4.0
Central Region,Central Region,Administrative Region,Malawi,46600,10250,5600,5600,1,4.0
Chikwawa,Chikwawa,Administrative Region,Malawi,46600,10250,5600,5600,1,4.0
Chiradzulu,Chiradzulu,Administrative Region,Malawi,46600,10250,5600,5600,1,4.0
Chitipa,Chitipa,Administrative Region,Malawi,46600,10250,5600,5600,1,4.0
Dedza,Dedza,Administrative Region,Malawi,46600,10250,5600,5600,1,4.0
Dowa,Dowa,Administrative Region,Malawi,46600,10250,5600,5600,1,4.0
Karonga,Karonga,Administrative Region,Malawi,46600,10250,5600,5600,1,4.0
Kasungu,Kasungu,Administrative Region,Malawi,46600,10250,5600,5600,1,4.0
Likoma,Likoma,Administrative Region,Malawi,46600,10250,5600,5600,1,4.0
Lilongwe,Lilongwe,Administrative Region,Malawi,46600,10250,5600,5600,1,4.0
Machinga,Machinga,Administrative Region,Malawi,46600,10250,5600,5600,1,4.0
Mangochi,Mangochi,Administrative Region,Malawi,46600,10250,5600,5600,1,4.0
Mchinji,Mchinji,Administrative Region,Malawi,46600,10250,5600,5600,1,4.0
Mulanje,Mulanje,Administrative Region,Malawi,46600,10250,5600,5600,1,4.0
Mwanza,Mwanza,Administrative Region,Malawi,46600,10250,5600,5600,1,4.0
Mzimba,Mzimba,Administrative Region,Malawi,46600,10250,5600,5600,1,4.0
Neno,Neno,Administrative Region,Malawi,46600,10250,5600,5600,1,4.0
Nkhata Bay,Nkhata Bay,Administrative Region,Malawi,46600,10250,5600,5600,1,4.0
Nkhotakota,Nkhotakota,Administrative Region,Malawi,46600,10250,5600,5600,1,4.0
Northern Region,Northern Region,Administrative Region,Malawi,46600,10250,5600,5600,1,4.0
Nsanje,Nsanje,Administrative Region,Malawi,46600,10250,5600,5600,1,4.0
Ntcheu,Ntcheu,Administrative Region,Malawi,46600,10250,5600,5600,1,4.0
Ntchisi,Ntchisi,Administrative Region,Malawi,46600,10250,5600,5600,1,4.0
Phalombe,Phalombe,Administrative Region,Malawi,46600,10250,5600,5600,1,4.0
Rumphi,Rumphi,Administrative Region,Malawi,46600,10250,5600,5600,1,4.0
Salima,Salima,Administrative Region,Malawi,46600,10250,5600,5600,1,4.0
Southern Region,Southern Region,Administrative Region,Malawi,46600,10250,5600,5600,1,4.0
Thyolo,Thyolo,Administrative Region,Malawi,46600,10250,5600,5600,1,4.0
Zomba,Zomba,Administrative Region,Malawi,46600,10250,5600,5600,1,4.0
Lilongwe,Lilongwe,Capital City,Malawi,60200,13250,7200,7300,2,4.4
Malawi,Malawi,Country,Malawi,61700,13550,7400,7500,3,4.1
Balaka,Balaka,State/Province,Malawi,46900,10300,5650,5500,1,4.0
Blantyre,Blantyre,State/Province,Malawi,46900,10300,5650,5500,1,4.0
Chikwawa,Chikwawa,State/Province,Malawi,46900,10300,5650,5500,1,4.0
Chiradzulu,Chiradzulu,State/Province,Malawi,46900,10300,5650,5500,1,4.0
Chitipa,Chitipa,State/Province,Malawi,46900,10300,5650,5500,1,4.0
Dedza,Dedza,State/Province,Malawi,46900,10300,5650,5500,1,4.0
Dowa,Dowa,State/Province,Malawi,46900,10300,5650,5500,1,4.0
Karonga,Karonga,State/Province,Malawi,46900,10300,5650,5500,1,4.0
Kasungu,Kasungu,State/Province,Malawi,46900,10300,5650,5500,1,4.0
Likoma,Likoma,State/Province,Malawi,46900,10300,5650,5500,1,4.0
Lilongwe,Lilongwe,State/Province,Malawi,46900,10300,5650,5500,1,4.0
Machinga (Kasupe),Machinga (Kasupe),State/Province,Malawi,46900,10300,5650,5500,1,4.0
Mangochi,Mangochi,State/Province,Malawi,46900,10300,5650,5500,1,4.0
Mchinji,Mchinji,State/Province,Malawi,46900,10300,5650,5500,1,4.0
Mulanje,Mulanje,State/Province,Malawi,46900,10300,5650,5500,1,4.0
Mwanza,Mwanza,State/Province,Malawi,46900,10300,5650,5500,1,4.0
Mzimba,Mzimba,State/Province,Malawi,46900,10300,5650,5500,1,4.0
Nkhata Bay,Nkhata Bay,State/Province,Malawi,46900,10300,5650,5500,1,4.0
Nkhotakota,Nkhotakota,State/Province,Malawi,46900,10300,5650,5500,1,4.0
Nsanje,Nsanje,State/Province,Malawi,46900,10300,5650,5500,1,4.0
Ntcheu,Ntcheu,State/Province,Malawi,46900,10300,5650,5500,1,4.0
Ntchisi,Ntchisi,State/Province,Malawi,46900,10300,5650,5500,1,4.0
Phalombe,Phalombe,State/Province,Malawi,46900,10300,5650,5500,1,4.0
Rumphi,Rumphi,State/Province,Malawi,46900,10300,5650,5500,1,4.0
Salima,Salima,State/Province,Malawi,46900,10300,5650,5500,1,4.0
Thyolo,Thyolo,State/Province,Malawi,46900,10300,5650,5500,1,4.0
Zomba,Zomba,State/Province,Malawi,46900,10300,5650,5500,1,4.0
Kuala Lumpur,Kuala Lumpur,Capital City,Malaysia,36800,8100,4400,6000,2,4.4
Kuala Lumpur,Kuala Lumpur,City,Malaysia,22000,999999,999999,7000,3,4.6
Malaysia,Malaysia,Country,Malaysia,38200,8400,4600,6200,3,4.1
Merdeka Square,Kuala Lumpur,Historical,Malaysia,22000,999999,999999,7000,0.2,4.5
Wilayah Persekutuan Kuala Lumpur,Wilayah Persekutuan Kuala Lumpur,Island/Territory,Malaysia,42800,9400,5150,7000,1,4.0
Wilayah Persekutuan Labuan,Wilayah Persekutuan Labuan,Island/Territory,Malaysia,42800,9400,5150,7000,1,4.0
Wilayah Persekutuan Putrajaya,Wilayah Persekutuan Putrajaya,Island/Territory,Malaysia,42800,9400,5150,7000,1,4.0
Petronas Twin Towers,Kuala Lumpur,Landmark,Malaysia,36100,7950,4350,6000,1,4.7
KL Tower,Kuala Lumpur,Monument,Malaysia,22000,999999,999999,6500,0.4,4.5
Petronas Twin Towers,Kuala Lumpur,Monument,Malaysia,22000,999999,999999,7000,0.3,4.9
Batu Caves,Kuala Lumpur,Religious,Malaysia,22000,999999,999999,7000,0.4,4.8
Batu Caves,Selangor,Religious Place,Malaysia,36200,7950,4350,5900,1,4.7
Johor,Johor,State/Province,Malaysia,27200,6000,3250,4500,1,4.0
Kedah,Kedah,State/Province,Malaysia,27200,6000,3250,4500,1,4.0
Kelantan,Kelantan,State/Province,Malaysia,27200,6000,3250,4500,1,4.0
Labuan,Labuan,State/Province,Malaysia,27200,6000,3250,4500,1,4.0
Melaka,Melaka,State/Province,Malaysia,27200,6000,3250,4500,1,4.0
Negeri Sembilan,Negeri Sembilan,State/Province,Malaysia,27200,6000,3250,4500,1,4.0
Pahang,Pahang,State/Province,Malaysia,27200,6000,3250,4500,1,4.0
Perak,Perak,State/Province,Malaysia,27200,6000,3250,4500,1,4.0
Perlis,Perlis,State/Province,Malaysia,27200,6000,3250,4500,1,4.0
Pulau Pinang,Pulau Pinang,State/Province,Malaysia,27200,6000,3250,4500,1,4.0
Sabah,Sabah,State/Province,Malaysia,27200,6000,3250,4500,1,4.0
Sarawak,Sarawak,State/Province,Malaysia,27200,6000,3250,4500,1,4.0
Selangor,Selangor,State/Province,Malaysia,27200,6000,3250,4500,1,4.0
Terengganu,Terengganu,State/Province,Malaysia,27200,6000,3250,4500,1,4.0
Wilayah Persekutuan,Wilayah Persekutuan,State/Province,Malaysia,27200,6000,3250,4500,1,4.0
Hulhumale Beach,Male,Beach,Maldives,24000,999999,999999,18000,0.6,4.5
Malé,Malé,Capital City,Maldives,37200,8200,4450,6100,2,4.4
Male,Male,City,Maldives,24000,999999,999999,18000,3,4.8
Maldives,Maldives,Country,Maldives,38700,8500,4650,6300,3,4.1
National Museum Maldives,Male,Museum,Maldives,24000,999999,999999,18000,0.4,4.3
Male Friday Mosque,Male,Religious,Maldives,24000,999999,999999,18000,0.3,4.4
Addu City,Addu City,State/Province,Maldives,27600,6050,3300,4600,1,4.0
Alifu,Alifu,State/Province,Maldives,27600,6050,3300,4600,1,4.0
Baa,Baa,State/Province,Maldives,27600,6050,3300,4600,1,4.0
Dhaalu,Dhaalu,State/Province,Maldives,27600,6050,3300,4600,1,4.0
Faadhippolhu,Faadhippolhu,State/Province,Maldives,27600,6050,3300,4600,1,4.0
Faafu,Faafu,State/Province,Maldives,27600,6050,3300,4600,1,4.0
Felidhu Atoll,Felidhu Atoll,State/Province,Maldives,27600,6050,3300,4600,1,4.0
Fuvammulah,Fuvammulah,State/Province,Maldives,27600,6050,3300,4600,1,4.0
Gaafu Alifu,Gaafu Alifu,State/Province,Maldives,27600,6050,3300,4600,1,4.0
Gaafu Dhaalu,Gaafu Dhaalu,State/Province,Maldives,27600,6050,3300,4600,1,4.0
Gnaviyani,Gnaviyani,State/Province,Maldives,27600,6050,3300,4600,1,4.0
Haa Alifu,Haa Alifu,State/Province,Maldives,27600,6050,3300,4600,1,4.0
Haa Dhaalu,Haa Dhaalu,State/Province,Maldives,27600,6050,3300,4600,1,4.0
Hahdhunmathi,Hahdhunmathi,State/Province,Maldives,27600,6050,3300,4600,1,4.0
Kaafu,Kaafu,State/Province,Maldives,27600,6050,3300,4600,1,4.0
Kolhumadulu,Kolhumadulu,State/Province,Maldives,27600,6050,3300,4600,1,4.0
Laamu,Laamu,State/Province,Maldives,27600,6050,3300,4600,1,4.0
Lhaviyani,Lhaviyani,State/Province,Maldives,27600,6050,3300,4600,1,4.0
Maale,Maale,State/Province,Maldives,27600,6050,3300,4600,1,4.0
Male,Male,State/Province,Maldives,27600,6050,3300,4600,1,4.0
Male Atoll,Male Atoll,State/Province,Maldives,27600,6050,3300,4600,1,4.0
Meemu,Meemu,State/Province,Maldives,27600,6050,3300,4600,1,4.0
Mulaku Atoll,Mulaku Atoll,State/Province,Maldives,27600,6050,3300,4600,1,4.0
Noonu,Noonu,State/Province,Maldives,27600,6050,3300,4600,1,4.0
North Ari Atoll,North Ari Atoll,State/Province,Maldives,27600,6050,3300,4600,1,4.0
North Huvadhu Atoll,North Huvadhu Atoll,State/Province,Maldives,27600,6050,3300,4600,1,4.0
North Maalhosmadulu,North Maalhosmadulu,State/Province,Maldives,27600,6050,3300,4600,1,4.0
North Miladhunmadulu,North Miladhunmadulu,State/Province,Maldives,27600,6050,3300,4600,1,4.0
North Nilandhe Atoll,North Nilandhe Atoll,State/Province,Maldives,27600,6050,3300,4600,1,4.0
North Thiladhunmathi,North Thiladhunmathi,State/Province,Maldives,27600,6050,3300,4600,1,4.0
Raa,Raa,State/Province,Maldives,27600,6050,3300,4600,1,4.0
Seenu,Seenu,State/Province,Maldives,27600,6050,3300,4600,1,4.0
Shaviyani,Shaviyani,State/Province,Maldives,27600,6050,3300,4600,1,4.0
South Ari Atoll,South Ari Atoll,State/Province,Maldives,27600,6050,3300,4600,1,4.0
South Huvadhu Atoll,South Huvadhu Atoll,State/Province,Maldives,27600,6050,3300,4600,1,4.0
South Maalhosmadulu,South Maalhosmadulu,State/Province,Maldives,27600,6050,3300,4600,1,4.0
South Miladhunmadulu,South Miladhunmadulu,State/Province,Maldives,27600,6050,3300,4600,1,4.0
South Nilandhe Atoll,South Nilandhe Atoll,State/Province,Maldives,27600,6050,3300,4600,1,4.0
South Thiladhunmathi,South Thiladhunmathi,State/Province,Maldives,27600,6050,3300,4600,1,4.0
Thaa,Thaa,State/Province,Maldives,27600,6050,3300,4600,1,4.0
Vaavu,Vaavu,State/Province,Maldives,27600,6050,3300,4600,1,4.0
Bamako,Bamako,Administrative Region,Mali,44800,9850,5400,5300,1,4.0
Gao,Gao,Administrative Region,Mali,44800,9850,5400,5300,1,4.0
Kayes,Kayes,Administrative Region,Mali,44800,9850,5400,5300,1,4.0
Kidal,Kidal,Administrative Region,Mali,44800,9850,5400,5300,1,4.0
Koulikoro,Koulikoro,Administrative Region,Mali,44800,9850,5400,5300,1,4.0
Mopti,Mopti,Administrative Region,Mali,44800,9850,5400,5300,1,4.0
Ménaka,Ménaka,Administrative Region,Mali,44800,9850,5400,5300,1,4.0
Sikasso,Sikasso,Administrative Region,Mali,44800,9850,5400,5300,1,4.0
Ségou,Ségou,Administrative Region,Mali,44800,9850,5400,5300,1,4.0
Taoudénit,Taoudénit,Administrative Region,Mali,44800,9850,5400,5300,1,4.0
Tombouctou,Tombouctou,Administrative Region,Mali,44800,9850,5400,5300,1,4.0
Bamako,Bamako,Capital City,Mali,58400,12850,7000,7000,2,4.4
Mali,Mali,Country,Mali,59900,13200,7200,7200,3,4.1
Gao,Gao,State/Province,Mali,56400,12400,6750,7000,1,4.0
Kayes,Kayes,State/Province,Mali,56400,12400,6750,7000,1,4.0
Kidal,Kidal,State/Province,Mali,56400,12400,6750,7000,1,4.0
Koulikoro,Koulikoro,State/Province,Mali,56400,12400,6750,7000,1,4.0
Mopti,Mopti,State/Province,Mali,56400,12400,6750,7000,1,4.0
Segou,Segou,State/Province,Mali,56400,12400,6750,7000,1,4.0
Sikasso,Sikasso,State/Province,Mali,56400,12400,6750,7000,1,4.0
Tombouctou,Tombouctou,State/Province,Mali,56400,12400,6750,7000,1,4.0
Valletta,Valletta,Capital City,Malta,69300,15250,8300,8600,2,4.4
Malta,Malta,Country,Malta,70800,15600,8500,8900,3,4.1
Attard,Attard,State/Province,Malta,65800,14500,7900,8400,1,4.0
Balzan,Balzan,State/Province,Malta,65800,14500,7900,8400,1,4.0
Birgu,Birgu,State/Province,Malta,65800,14500,7900,8400,1,4.0
Birkirkara,Birkirkara,State/Province,Malta,65800,14500,7900,8400,1,4.0
Birżebbuġa,Birżebbuġa,State/Province,Malta,65800,14500,7900,8400,1,4.0
Bormla,Bormla,State/Province,Malta,65800,14500,7900,8400,1,4.0
Dingli,Dingli,State/Province,Malta,65800,14500,7900,8400,1,4.0
Fgura,Fgura,State/Province,Malta,65800,14500,7900,8400,1,4.0
Floriana,Floriana,State/Province,Malta,65800,14500,7900,8400,1,4.0
Fontana,Fontana,State/Province,Malta,65800,14500,7900,8400,1,4.0
Gudja,Gudja,State/Province,Malta,65800,14500,7900,8400,1,4.0
Għajnsielem,Għajnsielem,State/Province,Malta,65800,14500,7900,8400,1,4.0
Għarb,Għarb,State/Province,Malta,65800,14500,7900,8400,1,4.0
Għargħur,Għargħur,State/Province,Malta,65800,14500,7900,8400,1,4.0
Għasri,Għasri,State/Province,Malta,65800,14500,7900,8400,1,4.0
Għaxaq,Għaxaq,State/Province,Malta,65800,14500,7900,8400,1,4.0
Gżira,Gżira,State/Province,Malta,65800,14500,7900,8400,1,4.0
Iklin,Iklin,State/Province,Malta,65800,14500,7900,8400,1,4.0
Isla,Isla,State/Province,Malta,65800,14500,7900,8400,1,4.0
Kalkara,Kalkara,State/Province,Malta,65800,14500,7900,8400,1,4.0
Kerċem,Kerċem,State/Province,Malta,65800,14500,7900,8400,1,4.0
Kirkop,Kirkop,State/Province,Malta,65800,14500,7900,8400,1,4.0
Lija,Lija,State/Province,Malta,65800,14500,7900,8400,1,4.0
Luqa,Luqa,State/Province,Malta,65800,14500,7900,8400,1,4.0
Marsa,Marsa,State/Province,Malta,65800,14500,7900,8400,1,4.0
Marsaskala,Marsaskala,State/Province,Malta,65800,14500,7900,8400,1,4.0
Marsaxlokk,Marsaxlokk,State/Province,Malta,65800,14500,7900,8400,1,4.0
Mdina,Mdina,State/Province,Malta,65800,14500,7900,8400,1,4.0
Mellieħa,Mellieħa,State/Province,Malta,65800,14500,7900,8400,1,4.0
Mosta,Mosta,State/Province,Malta,65800,14500,7900,8400,1,4.0
Mqabba,Mqabba,State/Province,Malta,65800,14500,7900,8400,1,4.0
Msida,Msida,State/Province,Malta,65800,14500,7900,8400,1,4.0
Mtarfa,Mtarfa,State/Province,Malta,65800,14500,7900,8400,1,4.0
Munxar,Munxar,State/Province,Malta,65800,14500,7900,8400,1,4.0
Mġarr,Mġarr,State/Province,Malta,65800,14500,7900,8400,1,4.0
Nadur,Nadur,State/Province,Malta,65800,14500,7900,8400,1,4.0
Naxxar,Naxxar,State/Province,Malta,65800,14500,7900,8400,1,4.0
Paola,Paola,State/Province,Malta,65800,14500,7900,8400,1,4.0
Pembroke,Pembroke,State/Province,Malta,65800,14500,7900,8400,1,4.0
Pietà,Pietà,State/Province,Malta,65800,14500,7900,8400,1,4.0
Qala,Qala,State/Province,Malta,65800,14500,7900,8400,1,4.0
Qormi,Qormi,State/Province,Malta,65800,14500,7900,8400,1,4.0
Qrendi,Qrendi,State/Province,Malta,65800,14500,7900,8400,1,4.0
Rabat Gozo,Rabat Gozo,State/Province,Malta,65800,14500,7900,8400,1,4.0
Rabat Malta,Rabat Malta,State/Province,Malta,65800,14500,7900,8400,1,4.0
Safi,Safi,State/Province,Malta,65800,14500,7900,8400,1,4.0
Saint John,Saint John,State/Province,Malta,65800,14500,7900,8400,1,4.0
Saint Julian's,Saint Julian's,State/Province,Malta,65800,14500,7900,8400,1,4.0
Saint Lawrence,Saint Lawrence,State/Province,Malta,65800,14500,7900,8400,1,4.0
Saint Lucia's,Saint Lucia's,State/Province,Malta,65800,14500,7900,8400,1,4.0
Saint Paul's Bay,Saint Paul's Bay,State/Province,Malta,65800,14500,7900,8400,1,4.0
Sannat,Sannat,State/Province,Malta,65800,14500,7900,8400,1,4.0
Santa Venera,Santa Venera,State/Province,Malta,65800,14500,7900,8400,1,4.0
Siġġiewi,Siġġiewi,State/Province,Malta,65800,14500,7900,8400,1,4.0
Sliema,Sliema,State/Province,Malta,65800,14500,7900,8400,1,4.0
Swieqi,Swieqi,State/Province,Malta,65800,14500,7900,8400,1,4.0
Ta' Xbiex,Ta' Xbiex,State/Province,Malta,65800,14500,7900,8400,1,4.0
Tarxien,Tarxien,State/Province,Malta,65800,14500,7900,8400,1,4.0
Valletta,Valletta,State/Province,Malta,65800,14500,7900,8400,1,4.0
Xagħra,Xagħra,State/Province,Malta,65800,14500,7900,8400,1,4.0
Xewkija,Xewkija,State/Province,Malta,65800,14500,7900,8400,1,4.0
Xgħajra,Xgħajra,State/Province,Malta,65800,14500,7900,8400,1,4.0
Ħamrun,Ħamrun,State/Province,Malta,65800,14500,7900,8400,1,4.0
Żabbar,Żabbar,State/Province,Malta,65800,14500,7900,8400,1,4.0
Żebbuġ Gozo,Żebbuġ Gozo,State/Province,Malta,65800,14500,7900,8400,1,4.0
Żebbuġ Malta,Żebbuġ Malta,State/Province,Malta,65800,14500,7900,8400,1,4.0
Żejtun,Żejtun,State/Province,Malta,65800,14500,7900,8400,1,4.0
Żurrieq,Żurrieq,State/Province,Malta,65800,14500,7900,8400,1,4.0
Ailinglaplap,Ailinglaplap,Administrative Region,Marshall Islands,82200,18100,9850,9100,1,4.0
Ailuk,Ailuk,Administrative Region,Marshall Islands,82200,18100,9850,9100,1,4.0
Arno,Arno,Administrative Region,Marshall Islands,82200,18100,9850,9100,1,4.0
Aur,Aur,Administrative Region,Marshall Islands,82200,18100,9850,9100,1,4.0
Bikini & Kili,Bikini & Kili,Administrative Region,Marshall Islands,82200,18100,9850,9100,1,4.0
Ebon,Ebon,Administrative Region,Marshall Islands,82200,18100,9850,9100,1,4.0
Enewetak & Ujelang,Enewetak & Ujelang,Administrative Region,Marshall Islands,82200,18100,9850,9100,1,4.0
Jabat,Jabat,Administrative Region,Marshall Islands,82200,18100,9850,9100,1,4.0
Jaluit,Jaluit,Administrative Region,Marshall Islands,82200,18100,9850,9100,1,4.0
Kwajalein,Kwajalein,Administrative Region,Marshall Islands,82200,18100,9850,9100,1,4.0
Lae,Lae,Administrative Region,Marshall Islands,82200,18100,9850,9100,1,4.0
Lib,Lib,Administrative Region,Marshall Islands,82200,18100,9850,9100,1,4.0
Likiep,Likiep,Administrative Region,Marshall Islands,82200,18100,9850,9100,1,4.0
Majuro,Majuro,Administrative Region,Marshall Islands,82200,18100,9850,9100,1,4.0
Maloelap,Maloelap,Administrative Region,Marshall Islands,82200,18100,9850,9100,1,4.0
Mejit,Mejit,Administrative Region,Marshall Islands,82200,18100,9850,9100,1,4.0
Mili,Mili,Administrative Region,Marshall Islands,82200,18100,9850,9100,1,4.0
Namdrik,Namdrik,Administrative Region,Marshall Islands,82200,18100,9850,9100,1,4.0
Namu,Namu,Administrative Region,Marshall Islands,82200,18100,9850,9100,1,4.0
Rongelap,Rongelap,Administrative Region,Marshall Islands,82200,18100,9850,9100,1,4.0
Ujae,Ujae,Administrative Region,Marshall Islands,82200,18100,9850,9100,1,4.0
Utrik,Utrik,Administrative Region,Marshall Islands,82200,18100,9850,9100,1,4.0
Wotho,Wotho,Administrative Region,Marshall Islands,82200,18100,9850,9100,1,4.0
Wotje,Wotje,Administrative Region,Marshall Islands,82200,18100,9850,9100,1,4.0
Majuro,Majuro,Capital City,Marshall Islands,91500,20150,11000,9700,2,4.4
Marshall Islands,Marshall Islands,Country,Marshall Islands,92900,20450,11150,9900,3,4.1
Ralik chain,Ralik chain,Island/Territory,Marshall Islands,112500,24750,13500,11900,1,4.0
Ratak chain,Ratak chain,Island/Territory,Marshall Islands,112500,24750,13500,11900,1,4.0
Ailinginae,Ailinginae,State/Province,Marshall Islands,84200,18500,10100,9200,1,4.0
Ailinglaplap,Ailinglaplap,State/Province,Marshall Islands,84200,18500,10100,9200,1,4.0
Ailuk,Ailuk,State/Province,Marshall Islands,84200,18500,10100,9200,1,4.0
Arno,Arno,State/Province,Marshall Islands,84200,18500,10100,9200,1,4.0
Aur,Aur,State/Province,Marshall Islands,84200,18500,10100,9200,1,4.0
Bikar,Bikar,State/Province,Marshall Islands,84200,18500,10100,9200,1,4.0
Bikini,Bikini,State/Province,Marshall Islands,84200,18500,10100,9200,1,4.0
Bokak,Bokak,State/Province,Marshall Islands,84200,18500,10100,9200,1,4.0
Ebon,Ebon,State/Province,Marshall Islands,84200,18500,10100,9200,1,4.0
Enewetak,Enewetak,State/Province,Marshall Islands,84200,18500,10100,9200,1,4.0
Erikub,Erikub,State/Province,Marshall Islands,84200,18500,10100,9200,1,4.0
Jabat,Jabat,State/Province,Marshall Islands,84200,18500,10100,9200,1,4.0
Jaluit,Jaluit,State/Province,Marshall Islands,84200,18500,10100,9200,1,4.0
Jemo,Jemo,State/Province,Marshall Islands,84200,18500,10100,9200,1,4.0
Kili,Kili,State/Province,Marshall Islands,84200,18500,10100,9200,1,4.0
Kwajalein,Kwajalein,State/Province,Marshall Islands,84200,18500,10100,9200,1,4.0
Lae,Lae,State/Province,Marshall Islands,84200,18500,10100,9200,1,4.0
Lib,Lib,State/Province,Marshall Islands,84200,18500,10100,9200,1,4.0
Likiep,Likiep,State/Province,Marshall Islands,84200,18500,10100,9200,1,4.0
Majuro,Majuro,State/Province,Marshall Islands,84200,18500,10100,9200,1,4.0
Maloelap,Maloelap,State/Province,Marshall Islands,84200,18500,10100,9200,1,4.0
Mejit,Mejit,State/Province,Marshall Islands,84200,18500,10100,9200,1,4.0
Mili,Mili,State/Province,Marshall Islands,84200,18500,10100,9200,1,4.0
Namorik,Namorik,State/Province,Marshall Islands,84200,18500,10100,9200,1,4.0
Namu,Namu,State/Province,Marshall Islands,84200,18500,10100,9200,1,4.0
Rongelap,Rongelap,State/Province,Marshall Islands,84200,18500,10100,9200,1,4.0
Rongrik,Rongrik,State/Province,Marshall Islands,84200,18500,10100,9200,1,4.0
Toke,Toke,State/Province,Marshall Islands,84200,18500,10100,9200,1,4.0
Ujae,Ujae,State/Province,Marshall Islands,84200,18500,10100,9200,1,4.0
Ujelang,Ujelang,State/Province,Marshall Islands,84200,18500,10100,9200,1,4.0
Utirik,Utirik,State/Province,Marshall Islands,84200,18500,10100,9200,1,4.0
Wotho,Wotho,State/Province,Marshall Islands,84200,18500,10100,9200,1,4.0
Wotje,Wotje,State/Province,Marshall Islands,84200,18500,10100,9200,1,4.0
Fort-de-France,Fort-de-France,Capital City,Martinique,96100,21150,11550,10700,2,4.4
Martinique,Martinique,Country,Martinique,86200,18950,10350,9200,3,4.1
Martinique,Martinique,State/Province,Martinique,78200,17200,9400,8600,1,4.0
Adrar,Adrar,Administrative Region,Mauritania,50200,11050,6000,6100,1,4.0
Assaba,Assaba,Administrative Region,Mauritania,50200,11050,6000,6100,1,4.0
Brakna,Brakna,Administrative Region,Mauritania,50200,11050,6000,6100,1,4.0
Dakhlet Nouâdhibou,Dakhlet Nouâdhibou,Administrative Region,Mauritania,50200,11050,6000,6100,1,4.0
Gorgol,Gorgol,Administrative Region,Mauritania,50200,11050,6000,6100,1,4.0
Guidimaka,Guidimaka,Administrative Region,Mauritania,50200,11050,6000,6100,1,4.0
Hodh ech Chargui,Hodh ech Chargui,Administrative Region,Mauritania,50200,11050,6000,6100,1,4.0
Hodh el Gharbi,Hodh el Gharbi,Administrative Region,Mauritania,50200,11050,6000,6100,1,4.0
Inchiri,Inchiri,Administrative Region,Mauritania,50200,11050,6000,6100,1,4.0
Nouakchott Nord,Nouakchott Nord,Administrative Region,Mauritania,50200,11050,6000,6100,1,4.0
Nouakchott Ouest,Nouakchott Ouest,Administrative Region,Mauritania,50200,11050,6000,6100,1,4.0
Nouakchott Sud,Nouakchott Sud,Administrative Region,Mauritania,50200,11050,6000,6100,1,4.0
Tagant,Tagant,Administrative Region,Mauritania,50200,11050,6000,6100,1,4.0
Tiris Zemmour,Tiris Zemmour,Administrative Region,Mauritania,50200,11050,6000,6100,1,4.0
Trarza,Trarza,Administrative Region,Mauritania,50200,11050,6000,6100,1,4.0
Nouakchott,Nouakchott,Capital City,Mauritania,63800,14050,7650,7800,2,4.4
Mauritania,Mauritania,Country,Mauritania,65300,14350,7850,8000,3,4.1
Adrar,Adrar,State/Province,Mauritania,50500,11100,6050,6100,1,4.0
Assaba,Assaba,State/Province,Mauritania,50500,11100,6050,6100,1,4.0
Brakna,Brakna,State/Province,Mauritania,50500,11100,6050,6100,1,4.0
Dakhlet Nouadhibou,Dakhlet Nouadhibou,State/Province,Mauritania,50500,11100,6050,6100,1,4.0
Gorgol,Gorgol,State/Province,Mauritania,50500,11100,6050,6100,1,4.0
Guidimaka,Guidimaka,State/Province,Mauritania,50500,11100,6050,6100,1,4.0
Hodh Ech Chargui,Hodh Ech Chargui,State/Province,Mauritania,50500,11100,6050,6100,1,4.0
Hodh El Gharbi,Hodh El Gharbi,State/Province,Mauritania,50500,11100,6050,6100,1,4.0
Inchiri,Inchiri,State/Province,Mauritania,50500,11100,6050,6100,1,4.0
Nouakchott,Nouakchott,State/Province,Mauritania,50500,11100,6050,6100,1,4.0
Tagant,Tagant,State/Province,Mauritania,50500,11100,6050,6100,1,4.0
Tiris Zemmour,Tiris Zemmour,State/Province,Mauritania,50500,11100,6050,6100,1,4.0
Trarza,Trarza,State/Province,Mauritania,50500,11100,6050,6100,1,4.0
Black River,Black River,Administrative Region,Mauritius,53400,11750,6400,6600,1,4.0
Flacq,Flacq,Administrative Region,Mauritius,53400,11750,6400,6600,1,4.0
Grand Port,Grand Port,Administrative Region,Mauritius,53400,11750,6400,6600,1,4.0
Moka,Moka,Administrative Region,Mauritius,53400,11750,6400,6600,1,4.0
Pamplemousses,Pamplemousses,Administrative Region,Mauritius,53400,11750,6400,6600,1,4.0
Plaines Wilhems,Plaines Wilhems,Administrative Region,Mauritius,53400,11750,6400,6600,1,4.0
Port Louis,Port Louis,Administrative Region,Mauritius,53400,11750,6400,6600,1,4.0
Rivière du Rempart,Rivière du Rempart,Administrative Region,Mauritius,53400,11750,6400,6600,1,4.0
Savanne,Savanne,Administrative Region,Mauritius,53400,11750,6400,6600,1,4.0
Port Louis,Port Louis,Capital City,Mauritius,55700,12250,6700,6600,2,4.4
Mauritius,Mauritius,Country,Mauritius,57100,12550,6850,6800,3,4.1
Agalega Islands,Agalega Islands,State/Province,Mauritius,53600,11800,6450,6600,1,4.0
Black River,Black River,State/Province,Mauritius,53600,11800,6450,6600,1,4.0
Cargados Carajos Shoals,Cargados Carajos Shoals,State/Province,Mauritius,53600,11800,6450,6600,1,4.0
Flacq,Flacq,State/Province,Mauritius,53600,11800,6450,6600,1,4.0
Grand Port,Grand Port,State/Province,Mauritius,53600,11800,6450,6600,1,4.0
Moka,Moka,State/Province,Mauritius,53600,11800,6450,6600,1,4.0
Pamplemousses,Pamplemousses,State/Province,Mauritius,53600,11800,6450,6600,1,4.0
Plaines Wilhems,Plaines Wilhems,State/Province,Mauritius,53600,11800,6450,6600,1,4.0
Port Louis,Port Louis,State/Province,Mauritius,53600,11800,6450,6600,1,4.0
Riviere du Rempart,Riviere du Rempart,State/Province,Mauritius,53600,11800,6450,6600,1,4.0
Rodrigues,Rodrigues,State/Province,Mauritius,53600,11800,6450,6600,1,4.0
Rodrigues Island,Rodrigues Island,State/Province,Mauritius,53600,11800,6450,6600,1,4.0
Savanne,Savanne,State/Province,Mauritius,53600,11800,6450,6600,1,4.0
Mamoudzou,Mamoudzou,Capital City,Mayotte,64300,14150,7700,7900,2,4.4
Mayotte,Mayotte,Country,Mayotte,65700,14450,7900,8100,3,4.1
Mayotte,Mayotte,State/Province,Mayotte,50900,11200,6100,6200,1,4.0
Cancun Beaches,Cancun,Beach,Mexico,94000,20700,11300,10400,1,4.7
Mexico City,Mexico City,Capital City,Mexico,91300,20100,10950,10000,2,4.4
Mexico City,Mexico City,City,Mexico,66051,999999,999999,11653,3,4.6
Mexico,Mexico,Country,Mexico,92800,20400,11150,10200,3,4.1
Chichen Itza,Yucatán,Historic Site,Mexico,99100,21800,11900,10900,1,4.7
Teotihuacan,Mexico City,Historic Site,Mexico,99100,21800,11900,10900,1,4.7
Tulum Ruins,Tulum,Historic Site,Mexico,99100,21800,11900,10900,1,4.7
Chapultepec Castle,Mexico City,Historical,Mexico,66051,999999,999999,11653,0.3,4.7
Zócalo,Mexico City,Historical,Mexico,85000,999999,999999,6500,0.4,4.7
Frida Kahlo Museum,Mexico City,Leisure,Mexico,66051,999999,999999,11653,0.4,4.7
Palacio de Bellas Artes,Mexico City,Leisure,Mexico,66051,999999,999999,11653,0.4,4.9
Teotihuacan,Mexico City,Monument,Mexico,66051,999999,999999,11653,0.3,4.5
National Museum of Anthropology,Mexico City,Museum,Mexico,85000,999999,999999,6500,0.7,4.8
Xochimilco,Mexico City,Nature,Mexico,66051,999999,999999,11653,0.5,4.5
Chapultepec Park,Mexico City,Park,Mexico,85000,999999,999999,6500,0.6,4.7
Zocalo,Mexico City,Park,Mexico,66051,999999,999999,11653,0.3,4.7
Aguascalientes,Aguascalientes,State/Province,Mexico,73500,16150,8800,7800,1,4.0
Baja California,Baja California,State/Province,Mexico,73500,16150,8800,7800,1,4.0
Baja California Sur,Baja California Sur,State/Province,Mexico,73500,16150,8800,7800,1,4.0
Campeche,Campeche,State/Province,Mexico,73500,16150,8800,7800,1,4.0
Chiapas,Chiapas,State/Province,Mexico,73500,16150,8800,7800,1,4.0
Chihuahua,Chihuahua,State/Province,Mexico,73500,16150,8800,7800,1,4.0
Ciudad de México,Ciudad de México,State/Province,Mexico,73500,16150,8800,7800,1,4.0
Coahuila de Zaragoza,Coahuila de Zaragoza,State/Province,Mexico,73500,16150,8800,7800,1,4.0
Colima,Colima,State/Province,Mexico,73500,16150,8800,7800,1,4.0
Distrito Federal,Distrito Federal,State/Province,Mexico,73500,16150,8800,7800,1,4.0
Durango,Durango,State/Province,Mexico,73500,16150,8800,7800,1,4.0
Guanajuato,Guanajuato,State/Province,Mexico,73500,16150,8800,7800,1,4.0
Guerrero,Guerrero,State/Province,Mexico,73500,16150,8800,7800,1,4.0
Hidalgo,Hidalgo,State/Province,Mexico,73500,16150,8800,7800,1,4.0
Jalisco,Jalisco,State/Province,Mexico,73500,16150,8800,7800,1,4.0
Mexico,Mexico,State/Province,Mexico,73500,16150,8800,7800,1,4.0
Michoacan de Ocampo,Michoacan de Ocampo,State/Province,Mexico,73500,16150,8800,7800,1,4.0
Michoacán de Ocampo,Michoacán de Ocampo,State/Province,Mexico,73500,16150,8800,7800,1,4.0
Morelos,Morelos,State/Province,Mexico,73500,16150,8800,7800,1,4.0
México,México,State/Province,Mexico,73500,16150,8800,7800,1,4.0
Nayarit,Nayarit,State/Province,Mexico,73500,16150,8800,7800,1,4.0
Nuevo Leon,Nuevo Leon,State/Province,Mexico,73500,16150,8800,7800,1,4.0
Nuevo León,Nuevo León,State/Province,Mexico,73500,16150,8800,7800,1,4.0
Oaxaca,Oaxaca,State/Province,Mexico,73500,16150,8800,7800,1,4.0
Puebla,Puebla,State/Province,Mexico,73500,16150,8800,7800,1,4.0
Queretaro de Arteaga,Queretaro de Arteaga,State/Province,Mexico,73500,16150,8800,7800,1,4.0
Querétaro,Querétaro,State/Province,Mexico,73500,16150,8800,7800,1,4.0
Quintana Roo,Quintana Roo,State/Province,Mexico,73500,16150,8800,7800,1,4.0
San Luis Potosi,San Luis Potosi,State/Province,Mexico,73500,16150,8800,7800,1,4.0
San Luis Potosí,San Luis Potosí,State/Province,Mexico,73500,16150,8800,7800,1,4.0
Sinaloa,Sinaloa,State/Province,Mexico,73500,16150,8800,7800,1,4.0
Sonora,Sonora,State/Province,Mexico,73500,16150,8800,7800,1,4.0
Tabasco,Tabasco,State/Province,Mexico,73500,16150,8800,7800,1,4.0
Tamaulipas,Tamaulipas,State/Province,Mexico,73500,16150,8800,7800,1,4.0
Tlaxcala,Tlaxcala,State/Province,Mexico,73500,16150,8800,7800,1,4.0
Veracruz de Ignacio de la Llave,Veracruz de Ignacio de la Llave,State/Province,Mexico,73500,16150,8800,7800,1,4.0
Veracruz-Llave,Veracruz-Llave,State/Province,Mexico,73500,16150,8800,7800,1,4.0
Yucatan,Yucatan,State/Province,Mexico,73500,16150,8800,7800,1,4.0
Yucatán,Yucatán,State/Province,Mexico,73500,16150,8800,7800,1,4.0
Zacatecas,Zacatecas,State/Province,Mexico,73500,16150,8800,7800,1,4.0
Palikir,Palikir,Capital City,"Micronesia, Federated States of",66600,14650,8000,7000,2,4.4
"Micronesia, Federated States of","Micronesia, Federated States of",Country,"Micronesia, Federated States of",68000,14950,8150,7200,3,4.1
Chuuk,Chuuk,State/Province,"Micronesia, Federated States of",52500,11550,6300,5300,1,4.0
Kosrae,Kosrae,State/Province,"Micronesia, Federated States of",52500,11550,6300,5300,1,4.0
Pohnpei,Pohnpei,State/Province,"Micronesia, Federated States of",52500,11550,6300,5300,1,4.0
Yap,Yap,State/Province,"Micronesia, Federated States of",52500,11550,6300,5300,1,4.0
Anenii Noi,Anenii Noi,Administrative Region,Moldova,56700,12450,6800,7100,1,4.0
Basarabeasca,Basarabeasca,Administrative Region,Moldova,56700,12450,6800,7100,1,4.0
Briceni,Briceni,Administrative Region,Moldova,56700,12450,6800,7100,1,4.0
Cahul,Cahul,Administrative Region,Moldova,56700,12450,6800,7100,1,4.0
Cantemir,Cantemir,Administrative Region,Moldova,56700,12450,6800,7100,1,4.0
Cimișlia,Cimișlia,Administrative Region,Moldova,56700,12450,6800,7100,1,4.0
Criuleni,Criuleni,Administrative Region,Moldova,56700,12450,6800,7100,1,4.0
Călărași,Călărași,Administrative Region,Moldova,56700,12450,6800,7100,1,4.0
Căușeni,Căușeni,Administrative Region,Moldova,56700,12450,6800,7100,1,4.0
Dondușeni,Dondușeni,Administrative Region,Moldova,56700,12450,6800,7100,1,4.0
Drochia,Drochia,Administrative Region,Moldova,56700,12450,6800,7100,1,4.0
Dubăsari,Dubăsari,Administrative Region,Moldova,56700,12450,6800,7100,1,4.0
Edineț,Edineț,Administrative Region,Moldova,56700,12450,6800,7100,1,4.0
Florești,Florești,Administrative Region,Moldova,56700,12450,6800,7100,1,4.0
Fălești,Fălești,Administrative Region,Moldova,56700,12450,6800,7100,1,4.0
Glodeni,Glodeni,Administrative Region,Moldova,56700,12450,6800,7100,1,4.0
Hîncești,Hîncești,Administrative Region,Moldova,56700,12450,6800,7100,1,4.0
Ialoveni,Ialoveni,Administrative Region,Moldova,56700,12450,6800,7100,1,4.0
Leova,Leova,Administrative Region,Moldova,56700,12450,6800,7100,1,4.0
Nisporeni,Nisporeni,Administrative Region,Moldova,56700,12450,6800,7100,1,4.0
Ocnița,Ocnița,Administrative Region,Moldova,56700,12450,6800,7100,1,4.0
Orhei,Orhei,Administrative Region,Moldova,56700,12450,6800,7100,1,4.0
Rezina,Rezina,Administrative Region,Moldova,56700,12450,6800,7100,1,4.0
Rîșcani,Rîșcani,Administrative Region,Moldova,56700,12450,6800,7100,1,4.0
Soroca,Soroca,Administrative Region,Moldova,56700,12450,6800,7100,1,4.0
Strășeni,Strășeni,Administrative Region,Moldova,56700,12450,6800,7100,1,4.0
Sîngerei,Sîngerei,Administrative Region,Moldova,56700,12450,6800,7100,1,4.0
Taraclia,Taraclia,Administrative Region,Moldova,56700,12450,6800,7100,1,4.0
Telenești,Telenești,Administrative Region,Moldova,56700,12450,6800,7100,1,4.0
Ungheni,Ungheni,Administrative Region,Moldova,56700,12450,6800,7100,1,4.0
Șoldănești,Șoldănești,Administrative Region,Moldova,56700,12450,6800,7100,1,4.0
Ștefan Vodă,Ștefan Vodă,Administrative Region,Moldova,56700,12450,6800,7100,1,4.0
Chișinău,Chișinău,Capital City,Moldova,72300,15900,8700,9100,2,4.4
Moldova,Moldova,Country,Moldova,73800,16250,8850,9300,3,4.1
Balti,Balti,State/Province,Moldova,57500,12650,6900,7100,1,4.0
Bender [Tighina],Bender [Tighina],State/Province,Moldova,57500,12650,6900,7100,1,4.0
Bălți,Bălți,State/Province,Moldova,57500,12650,6900,7100,1,4.0
Cahul,Cahul,State/Province,Moldova,57500,12650,6900,7100,1,4.0
Chisinau,Chisinau,State/Province,Moldova,57500,12650,6900,7100,1,4.0
Chișinău,Chișinău,State/Province,Moldova,57500,12650,6900,7100,1,4.0
Dubasari,Dubasari,State/Province,Moldova,57500,12650,6900,7100,1,4.0
Edinet,Edinet,State/Province,Moldova,57500,12650,6900,7100,1,4.0
Gagauzia,Gagauzia,State/Province,Moldova,57500,12650,6900,7100,1,4.0
"Găgăuzia, Unitatea teritorială autonomă (UTAG)","Găgăuzia, Unitatea teritorială autonomă (UTAG)",State/Province,Moldova,57500,12650,6900,7100,1,4.0
Lapusna,Lapusna,State/Province,Moldova,57500,12650,6900,7100,1,4.0
Orhei,Orhei,State/Province,Moldova,57500,12650,6900,7100,1,4.0
Soroca,Soroca,State/Province,Moldova,57500,12650,6900,7100,1,4.0
"Stînga Nistrului, unitatea teritorială din","Stînga Nistrului, unitatea teritorială din",State/Province,Moldova,57500,12650,6900,7100,1,4.0
Tighina,Tighina,State/Province,Moldova,57500,12650,6900,7100,1,4.0
Ungheni,Ungheni,State/Province,Moldova,57500,12650,6900,7100,1,4.0
Monaco,Monaco,Capital City,Monaco,70400,15500,8450,8800,2,4.4
Monaco,Monaco,Country,Monaco,71900,15800,8650,9000,3,4.1
Fontvieille,Fontvieille,State/Province,Monaco,55600,12250,6650,6900,1,4.0
Jardin Exotique,Jardin Exotique,State/Province,Monaco,55600,12250,6650,6900,1,4.0
La Colle,La Colle,State/Province,Monaco,55600,12250,6650,6900,1,4.0
La Condamine,La Condamine,State/Province,Monaco,55600,12250,6650,6900,1,4.0
La Gare,La Gare,State/Province,Monaco,55600,12250,6650,6900,1,4.0
La Source,La Source,State/Province,Monaco,55600,12250,6650,6900,1,4.0
Larvotto,Larvotto,State/Province,Monaco,55600,12250,6650,6900,1,4.0
Malbousquet,Malbousquet,State/Province,Monaco,55600,12250,6650,6900,1,4.0
Monaco-Ville,Monaco-Ville,State/Province,Monaco,55600,12250,6650,6900,1,4.0
Moneghetti,Moneghetti,State/Province,Monaco,55600,12250,6650,6900,1,4.0
Monte-Carlo,Monte-Carlo,State/Province,Monaco,55600,12250,6650,6900,1,4.0
Moulins,Moulins,State/Province,Monaco,55600,12250,6650,6900,1,4.0
Port-Hercule,Port-Hercule,State/Province,Monaco,55600,12250,6650,6900,1,4.0
Saint-Roman,Saint-Roman,State/Province,Monaco,55600,12250,6650,6900,1,4.0
Sainte-Dévote,Sainte-Dévote,State/Province,Monaco,55600,12250,6650,6900,1,4.0
Spélugues,Spélugues,State/Province,Monaco,55600,12250,6650,6900,1,4.0
Vallon de la Rousse,Vallon de la Rousse,State/Province,Monaco,55600,12250,6650,6900,1,4.0
Ulan Bator,Ulan Bator,Capital City,Mongolia,37300,8200,4500,6100,2,4.4
Mongolia,Mongolia,Country,Mongolia,38800,8550,4650,6300,3,4.1
Arhangay,Arhangay,State/Province,Mongolia,27800,6100,3350,4600,1,4.0
Bayan-Olgiy,Bayan-Olgiy,State/Province,Mongolia,27800,6100,3350,4600,1,4.0
Bayan-Ölgiy,Bayan-Ölgiy,State/Province,Mongolia,27800,6100,3350,4600,1,4.0
Bayanhongor,Bayanhongor,State/Province,Mongolia,27800,6100,3350,4600,1,4.0
Bulgan,Bulgan,State/Province,Mongolia,27800,6100,3350,4600,1,4.0
Darhan,Darhan,State/Province,Mongolia,27800,6100,3350,4600,1,4.0
Darhan uul,Darhan uul,State/Province,Mongolia,27800,6100,3350,4600,1,4.0
Dornod,Dornod,State/Province,Mongolia,27800,6100,3350,4600,1,4.0
Dornogovi,Dornogovi,State/Province,Mongolia,27800,6100,3350,4600,1,4.0
Dornogovĭ,Dornogovĭ,State/Province,Mongolia,27800,6100,3350,4600,1,4.0
Dundgovi,Dundgovi,State/Province,Mongolia,27800,6100,3350,4600,1,4.0
Dundgovĭ,Dundgovĭ,State/Province,Mongolia,27800,6100,3350,4600,1,4.0
Dzavhan,Dzavhan,State/Province,Mongolia,27800,6100,3350,4600,1,4.0
Erdenet,Erdenet,State/Province,Mongolia,27800,6100,3350,4600,1,4.0
Govi-Altay,Govi-Altay,State/Province,Mongolia,27800,6100,3350,4600,1,4.0
Govĭ-Altay,Govĭ-Altay,State/Province,Mongolia,27800,6100,3350,4600,1,4.0
Govĭ-Sümber,Govĭ-Sümber,State/Province,Mongolia,27800,6100,3350,4600,1,4.0
Hentiy,Hentiy,State/Province,Mongolia,27800,6100,3350,4600,1,4.0
Hovd,Hovd,State/Province,Mongolia,27800,6100,3350,4600,1,4.0
Hovsgol,Hovsgol,State/Province,Mongolia,27800,6100,3350,4600,1,4.0
Hövsgöl,Hövsgöl,State/Province,Mongolia,27800,6100,3350,4600,1,4.0
Omnogovi,Omnogovi,State/Province,Mongolia,27800,6100,3350,4600,1,4.0
Orhon,Orhon,State/Province,Mongolia,27800,6100,3350,4600,1,4.0
Ovorhangay,Ovorhangay,State/Province,Mongolia,27800,6100,3350,4600,1,4.0
Selenge,Selenge,State/Province,Mongolia,27800,6100,3350,4600,1,4.0
Suhbaatar,Suhbaatar,State/Province,Mongolia,27800,6100,3350,4600,1,4.0
Sühbaatar,Sühbaatar,State/Province,Mongolia,27800,6100,3350,4600,1,4.0
Tov,Tov,State/Province,Mongolia,27800,6100,3350,4600,1,4.0
Töv,Töv,State/Province,Mongolia,27800,6100,3350,4600,1,4.0
Ulaanbaatar,Ulaanbaatar,State/Province,Mongolia,27800,6100,3350,4600,1,4.0
Uvs,Uvs,State/Province,Mongolia,27800,6100,3350,4600,1,4.0
Ömnögovĭ,Ömnögovĭ,State/Province,Mongolia,27800,6100,3350,4600,1,4.0
Övörhangay,Övörhangay,State/Province,Mongolia,27800,6100,3350,4600,1,4.0
Andrijevica,Andrijevica,Administrative Region,Montenegro,56400,12400,6750,6100,1,4.0
Bar,Bar,Administrative Region,Montenegro,56400,12400,6750,6100,1,4.0
Berane,Berane,Administrative Region,Montenegro,56400,12400,6750,6100,1,4.0
Bijelo Polje,Bijelo Polje,Administrative Region,Montenegro,56400,12400,6750,6100,1,4.0
Budva,Budva,Administrative Region,Montenegro,56400,12400,6750,6100,1,4.0
Cetinje,Cetinje,Administrative Region,Montenegro,56400,12400,6750,6100,1,4.0
Danilovgrad,Danilovgrad,Administrative Region,Montenegro,56400,12400,6750,6100,1,4.0
Gusinje,Gusinje,Administrative Region,Montenegro,56400,12400,6750,6100,1,4.0
Herceg-Novi,Herceg-Novi,Administrative Region,Montenegro,56400,12400,6750,6100,1,4.0
Kolašin,Kolašin,Administrative Region,Montenegro,56400,12400,6750,6100,1,4.0
Kotor,Kotor,Administrative Region,Montenegro,56400,12400,6750,6100,1,4.0
Mojkovac,Mojkovac,Administrative Region,Montenegro,56400,12400,6750,6100,1,4.0
Nikšić,Nikšić,Administrative Region,Montenegro,56400,12400,6750,6100,1,4.0
Petnjica,Petnjica,Administrative Region,Montenegro,56400,12400,6750,6100,1,4.0
Plav,Plav,Administrative Region,Montenegro,56400,12400,6750,6100,1,4.0
Pljevlja,Pljevlja,Administrative Region,Montenegro,56400,12400,6750,6100,1,4.0
Plužine,Plužine,Administrative Region,Montenegro,56400,12400,6750,6100,1,4.0
Podgorica,Podgorica,Administrative Region,Montenegro,56400,12400,6750,6100,1,4.0
Rožaje,Rožaje,Administrative Region,Montenegro,56400,12400,6750,6100,1,4.0
Tivat,Tivat,Administrative Region,Montenegro,56400,12400,6750,6100,1,4.0
Tuzi,Tuzi,Administrative Region,Montenegro,56400,12400,6750,6100,1,4.0
Ulcinj,Ulcinj,Administrative Region,Montenegro,56400,12400,6750,6100,1,4.0
Zeta,Zeta,Administrative Region,Montenegro,56400,12400,6750,6100,1,4.0
Šavnik,Šavnik,Administrative Region,Montenegro,56400,12400,6750,6100,1,4.0
Žabljak,Žabljak,Administrative Region,Montenegro,56400,12400,6750,6100,1,4.0
Montenegro,Montenegro,Country,Montenegro,61100,13450,7350,6200,3,4.1
Plymouth,Plymouth,Capital City,Montserrat,86600,19050,10400,9200,2,4.4
Montserrat,Montserrat,Country,Montserrat,88100,19400,10550,9500,3,4.1
Saint Anthony,Saint Anthony,State/Province,Montserrat,80000,17600,9600,8800,1,4.0
Saint Georges,Saint Georges,State/Province,Montserrat,80000,17600,9600,8800,1,4.0
Saint Peter's,Saint Peter's,State/Province,Montserrat,80000,17600,9600,8800,1,4.0
Béni Mellal-Khénifra,Béni Mellal-Khénifra,Administrative Region,Morocco,48700,10700,5850,5900,1,4.0
Casablanca-Settat,Casablanca-Settat,Administrative Region,Morocco,48700,10700,5850,5900,1,4.0
Dakhla-Oued Ed-Dahab (EH),Dakhla-Oued Ed-Dahab (EH),Administrative Region,Morocco,48700,10700,5850,5900,1,4.0
Drâa-Tafilalet,Drâa-Tafilalet,Administrative Region,Morocco,48700,10700,5850,5900,1,4.0
Fès-Meknès,Fès-Meknès,Administrative Region,Morocco,48700,10700,5850,5900,1,4.0
Guelmim-Oued Noun (EH-partial),Guelmim-Oued Noun (EH-partial),Administrative Region,Morocco,48700,10700,5850,5900,1,4.0
L'Oriental,L'Oriental,Administrative Region,Morocco,48700,10700,5850,5900,1,4.0
Laâyoune-Sakia El Hamra (EH-partial),Laâyoune-Sakia El Hamra (EH-partial),Administrative Region,Morocco,48700,10700,5850,5900,1,4.0
Marrakech-Safi,Marrakech-Safi,Administrative Region,Morocco,48700,10700,5850,5900,1,4.0
Rabat-Salé-Kénitra,Rabat-Salé-Kénitra,Administrative Region,Morocco,48700,10700,5850,5900,1,4.0
Souss-Massa,Souss-Massa,Administrative Region,Morocco,48700,10700,5850,5900,1,4.0
Tanger-Tétouan-Al Hoceïma,Tanger-Tétouan-Al Hoceïma,Administrative Region,Morocco,48700,10700,5850,5900,1,4.0
Rabat,Rabat,Capital City,Morocco,62300,13700,7500,7600,2,4.4
Marrakesh,Marrakesh,City,Morocco,50000,999999,999999,6500,3,4.6
Morocco,Morocco,Country,Morocco,63800,14050,7650,7800,3,4.1
Majorelle Garden,Marrakesh,Garden,Morocco,50000,999999,999999,6500,0.4,4.5
Fes Medina,Fes,Historic Site,Morocco,68600,15100,8250,8500,1,4.7
Marrakech Medina,Marrakech,Historic Site,Morocco,68600,15100,8250,8500,1,4.7
Bahia Palace,Marrakesh,Historical,Morocco,50000,999999,999999,6500,0.4,4.5
Jemaa el-Fnaa,Marrakesh,Market,Morocco,50000,999999,999999,6500,0.5,4.4
Koutoubia Mosque,Marrakesh,Religious,Morocco,50000,999999,999999,6500,0.3,4.5
Agadir,Agadir,State/Province,Morocco,49000,10800,5900,5900,1,4.0
Agadir-Ida-Ou-Tanane,Agadir-Ida-Ou-Tanane,State/Province,Morocco,49000,10800,5900,5900,1,4.0
Al Haouz,Al Haouz,State/Province,Morocco,49000,10800,5900,5900,1,4.0
Al Hoceima,Al Hoceima,State/Province,Morocco,49000,10800,5900,5900,1,4.0
Al Hoceïma,Al Hoceïma,State/Province,Morocco,49000,10800,5900,5900,1,4.0
Aousserd (EH),Aousserd (EH),State/Province,Morocco,49000,10800,5900,5900,1,4.0
Assa-Zag (EH-partial),Assa-Zag (EH-partial),State/Province,Morocco,49000,10800,5900,5900,1,4.0
Azilal,Azilal,State/Province,Morocco,49000,10800,5900,5900,1,4.0
Ben Slimane,Ben Slimane,State/Province,Morocco,49000,10800,5900,5900,1,4.0
Beni Mellal,Beni Mellal,State/Province,Morocco,49000,10800,5900,5900,1,4.0
Benslimane,Benslimane,State/Province,Morocco,49000,10800,5900,5900,1,4.0
Berkane,Berkane,State/Province,Morocco,49000,10800,5900,5900,1,4.0
Berrechid,Berrechid,State/Province,Morocco,49000,10800,5900,5900,1,4.0
Boujdour (EH),Boujdour (EH),State/Province,Morocco,49000,10800,5900,5900,1,4.0
Boulemane,Boulemane,State/Province,Morocco,49000,10800,5900,5900,1,4.0
Béni Mellal,Béni Mellal,State/Province,Morocco,49000,10800,5900,5900,1,4.0
Casablanca,Casablanca,State/Province,Morocco,49000,10800,5900,5900,1,4.0
Chaouen,Chaouen,State/Province,Morocco,49000,10800,5900,5900,1,4.0
Chefchaouen,Chefchaouen,State/Province,Morocco,49000,10800,5900,5900,1,4.0
Chichaoua,Chichaoua,State/Province,Morocco,49000,10800,5900,5900,1,4.0
Chtouka-Ait Baha,Chtouka-Ait Baha,State/Province,Morocco,49000,10800,5900,5900,1,4.0
Driouch,Driouch,State/Province,Morocco,49000,10800,5900,5900,1,4.0
El Hajeb,El Hajeb,State/Province,Morocco,49000,10800,5900,5900,1,4.0
El Jadida,El Jadida,State/Province,Morocco,49000,10800,5900,5900,1,4.0
El Kelaa des Srarhna,El Kelaa des Srarhna,State/Province,Morocco,49000,10800,5900,5900,1,4.0
El Kelâa des Sraghna,El Kelâa des Sraghna,State/Province,Morocco,49000,10800,5900,5900,1,4.0
Er Rachidia,Er Rachidia,State/Province,Morocco,49000,10800,5900,5900,1,4.0
Errachidia,Errachidia,State/Province,Morocco,49000,10800,5900,5900,1,4.0
Es-Semara (EH-partial),Es-Semara (EH-partial),State/Province,Morocco,49000,10800,5900,5900,1,4.0
Essaouira,Essaouira,State/Province,Morocco,49000,10800,5900,5900,1,4.0
Fahs-Anjra,Fahs-Anjra,State/Province,Morocco,49000,10800,5900,5900,1,4.0
Fes,Fes,State/Province,Morocco,49000,10800,5900,5900,1,4.0
Figuig,Figuig,State/Province,Morocco,49000,10800,5900,5900,1,4.0
Fquih Ben Salah,Fquih Ben Salah,State/Province,Morocco,49000,10800,5900,5900,1,4.0
Fès,Fès,State/Province,Morocco,49000,10800,5900,5900,1,4.0
Guelmim,Guelmim,State/Province,Morocco,49000,10800,5900,5900,1,4.0
Guercif,Guercif,State/Province,Morocco,49000,10800,5900,5900,1,4.0
Ifrane,Ifrane,State/Province,Morocco,49000,10800,5900,5900,1,4.0
Inezgane-Ait Melloul,Inezgane-Ait Melloul,State/Province,Morocco,49000,10800,5900,5900,1,4.0
Jerada,Jerada,State/Province,Morocco,49000,10800,5900,5900,1,4.0
Kenitra,Kenitra,State/Province,Morocco,49000,10800,5900,5900,1,4.0
Khemisset,Khemisset,State/Province,Morocco,49000,10800,5900,5900,1,4.0
Khenifra,Khenifra,State/Province,Morocco,49000,10800,5900,5900,1,4.0
Khouribga,Khouribga,State/Province,Morocco,49000,10800,5900,5900,1,4.0
Khémisset,Khémisset,State/Province,Morocco,49000,10800,5900,5900,1,4.0
Khénifra,Khénifra,State/Province,Morocco,49000,10800,5900,5900,1,4.0
Kénitra,Kénitra,State/Province,Morocco,49000,10800,5900,5900,1,4.0
Laayoune,Laayoune,State/Province,Morocco,49000,10800,5900,5900,1,4.0
Larache,Larache,State/Province,Morocco,49000,10800,5900,5900,1,4.0
Laâyoune (EH),Laâyoune (EH),State/Province,Morocco,49000,10800,5900,5900,1,4.0
Marrakech,Marrakech,State/Province,Morocco,49000,10800,5900,5900,1,4.0
Meknes,Meknes,State/Province,Morocco,49000,10800,5900,5900,1,4.0
Meknès,Meknès,State/Province,Morocco,49000,10800,5900,5900,1,4.0
Midelt,Midelt,State/Province,Morocco,49000,10800,5900,5900,1,4.0
Mohammadia,Mohammadia,State/Province,Morocco,49000,10800,5900,5900,1,4.0
Moulay Yacoub,Moulay Yacoub,State/Province,Morocco,49000,10800,5900,5900,1,4.0
Médiouna,Médiouna,State/Province,Morocco,49000,10800,5900,5900,1,4.0
M’diq-Fnideq,M’diq-Fnideq,State/Province,Morocco,49000,10800,5900,5900,1,4.0
Nador,Nador,State/Province,Morocco,49000,10800,5900,5900,1,4.0
Nouaceur,Nouaceur,State/Province,Morocco,49000,10800,5900,5900,1,4.0
Ouarzazate,Ouarzazate,State/Province,Morocco,49000,10800,5900,5900,1,4.0
Oued Ed-Dahab (EH),Oued Ed-Dahab (EH),State/Province,Morocco,49000,10800,5900,5900,1,4.0
Ouezzane,Ouezzane,State/Province,Morocco,49000,10800,5900,5900,1,4.0
Oujda,Oujda,State/Province,Morocco,49000,10800,5900,5900,1,4.0
Oujda-Angad,Oujda-Angad,State/Province,Morocco,49000,10800,5900,5900,1,4.0
Rabat,Rabat,State/Province,Morocco,49000,10800,5900,5900,1,4.0
Rabat-Sale,Rabat-Sale,State/Province,Morocco,49000,10800,5900,5900,1,4.0
Rehamna,Rehamna,State/Province,Morocco,49000,10800,5900,5900,1,4.0
Safi,Safi,State/Province,Morocco,49000,10800,5900,5900,1,4.0
Salé,Salé,State/Province,Morocco,49000,10800,5900,5900,1,4.0
Sefrou,Sefrou,State/Province,Morocco,49000,10800,5900,5900,1,4.0
Settat,Settat,State/Province,Morocco,49000,10800,5900,5900,1,4.0
Sidi Bennour,Sidi Bennour,State/Province,Morocco,49000,10800,5900,5900,1,4.0
Sidi Ifni,Sidi Ifni,State/Province,Morocco,49000,10800,5900,5900,1,4.0
Sidi Kacem,Sidi Kacem,State/Province,Morocco,49000,10800,5900,5900,1,4.0
Sidi Slimane,Sidi Slimane,State/Province,Morocco,49000,10800,5900,5900,1,4.0
Skhirate-Témara,Skhirate-Témara,State/Province,Morocco,49000,10800,5900,5900,1,4.0
Tan-Tan,Tan-Tan,State/Province,Morocco,49000,10800,5900,5900,1,4.0
Tan-Tan (EH-partial),Tan-Tan (EH-partial),State/Province,Morocco,49000,10800,5900,5900,1,4.0
Tanger,Tanger,State/Province,Morocco,49000,10800,5900,5900,1,4.0
Tanger-Assilah,Tanger-Assilah,State/Province,Morocco,49000,10800,5900,5900,1,4.0
Taounate,Taounate,State/Province,Morocco,49000,10800,5900,5900,1,4.0
Taourirt,Taourirt,State/Province,Morocco,49000,10800,5900,5900,1,4.0
Tarfaya (EH-partial),Tarfaya (EH-partial),State/Province,Morocco,49000,10800,5900,5900,1,4.0
Taroudannt,Taroudannt,State/Province,Morocco,49000,10800,5900,5900,1,4.0
Tata,Tata,State/Province,Morocco,49000,10800,5900,5900,1,4.0
Taza,Taza,State/Province,Morocco,49000,10800,5900,5900,1,4.0
Tetouan,Tetouan,State/Province,Morocco,49000,10800,5900,5900,1,4.0
Tinghir,Tinghir,State/Province,Morocco,49000,10800,5900,5900,1,4.0
Tiznit,Tiznit,State/Province,Morocco,49000,10800,5900,5900,1,4.0
Tétouan,Tétouan,State/Province,Morocco,49000,10800,5900,5900,1,4.0
Youssoufia,Youssoufia,State/Province,Morocco,49000,10800,5900,5900,1,4.0
Zagora,Zagora,State/Province,Morocco,49000,10800,5900,5900,1,4.0
Maputo,Maputo,Capital City,Mozambique,65500,14400,7850,8100,2,4.4
Mozambique,Mozambique,Country,Mozambique,55700,12250,6700,6600,3,4.1
Cabo Delgado,Cabo Delgado,State/Province,Mozambique,52200,11500,6250,6300,1,4.0
Gaza,Gaza,State/Province,Mozambique,52200,11500,6250,6300,1,4.0
Inhambane,Inhambane,State/Province,Mozambique,52200,11500,6250,6300,1,4.0
Manica,Manica,State/Province,Mozambique,52200,11500,6250,6300,1,4.0
Maputo,Maputo,State/Province,Mozambique,52200,11500,6250,6300,1,4.0
Nampula,Nampula,State/Province,Mozambique,52200,11500,6250,6300,1,4.0
Niassa,Niassa,State/Province,Mozambique,52200,11500,6250,6300,1,4.0
Sofala,Sofala,State/Province,Mozambique,52200,11500,6250,6300,1,4.0
Tete,Tete,State/Province,Mozambique,52200,11500,6250,6300,1,4.0
Zambezia,Zambezia,State/Province,Mozambique,52200,11500,6250,6300,1,4.0
Zambézia,Zambézia,State/Province,Mozambique,52200,11500,6250,6300,1,4.0
Ayeyarwady,Ayeyarwady,Administrative Region,Myanmar,53100,11700,6350,5600,1,4.0
Bago,Bago,Administrative Region,Myanmar,53100,11700,6350,5600,1,4.0
Magway,Magway,Administrative Region,Myanmar,53100,11700,6350,5600,1,4.0
Mandalay,Mandalay,Administrative Region,Myanmar,53100,11700,6350,5600,1,4.0
Sagaing,Sagaing,Administrative Region,Myanmar,53100,11700,6350,5600,1,4.0
Tanintharyi,Tanintharyi,Administrative Region,Myanmar,53100,11700,6350,5600,1,4.0
Yangon,Yangon,Administrative Region,Myanmar,53100,11700,6350,5600,1,4.0
Myanmar,Myanmar,Country,Myanmar,69200,15200,8300,7400,3,4.1
Nay Pyi Taw,Nay Pyi Taw,Island/Territory,Myanmar,81200,17850,9750,8400,1,4.0
Chin,Chin,State/Province,Myanmar,53600,11800,6450,5500,1,4.0
Kachin,Kachin,State/Province,Myanmar,53600,11800,6450,5500,1,4.0
Kayah,Kayah,State/Province,Myanmar,53600,11800,6450,5500,1,4.0
Kayin,Kayin,State/Province,Myanmar,53600,11800,6450,5500,1,4.0
Mon,Mon,State/Province,Myanmar,53600,11800,6450,5500,1,4.0
Rakhine,Rakhine,State/Province,Myanmar,53600,11800,6450,5500,1,4.0
Shan,Shan,State/Province,Myanmar,53600,11800,6450,5500,1,4.0
//Karas,//Karas,Administrative Region,Namibia,45000,9900,5400,5400,1,4.0
Erongo,Erongo,Administrative Region,Namibia,45000,9900,5400,5400,1,4.0
Hardap,Hardap,Administrative Region,Namibia,45000,9900,5400,5400,1,4.0
Kavango East,Kavango East,Administrative Region,Namibia,45000,9900,5400,5400,1,4.0
Kavango West,Kavango West,Administrative Region,Namibia,45000,9900,5400,5400,1,4.0
Khomas,Khomas,Administrative Region,Namibia,45000,9900,5400,5400,1,4.0
Kunene,Kunene,Administrative Region,Namibia,45000,9900,5400,5400,1,4.0
Ohangwena,Ohangwena,Administrative Region,Namibia,45000,9900,5400,5400,1,4.0
Omaheke,Omaheke,Administrative Region,Namibia,45000,9900,5400,5400,1,4.0
Omusati,Omusati,Administrative Region,Namibia,45000,9900,5400,5400,1,4.0
Oshana,Oshana,Administrative Region,Namibia,45000,9900,5400,5400,1,4.0
Oshikoto,Oshikoto,Administrative Region,Namibia,45000,9900,5400,5400,1,4.0
Otjozondjupa,Otjozondjupa,Administrative Region,Namibia,45000,9900,5400,5400,1,4.0
Zambezi,Zambezi,Administrative Region,Namibia,45000,9900,5400,5400,1,4.0
Windhoek,Windhoek,Capital City,Namibia,58600,12900,7050,7000,2,4.4
Namibia,Namibia,Country,Namibia,60100,13200,7200,7300,3,4.1
Etosha National Park,Kunene,National Park,Namibia,67900,14950,8150,8200,1,4.7
Caprivi,Caprivi,State/Province,Namibia,56600,12450,6800,7000,1,4.0
Erongo,Erongo,State/Province,Namibia,56600,12450,6800,7000,1,4.0
Hardap,Hardap,State/Province,Namibia,56600,12450,6800,7000,1,4.0
Karas,Karas,State/Province,Namibia,56600,12450,6800,7000,1,4.0
Khomas,Khomas,State/Province,Namibia,56600,12450,6800,7000,1,4.0
Kunene,Kunene,State/Province,Namibia,56600,12450,6800,7000,1,4.0
Ohangwena,Ohangwena,State/Province,Namibia,56600,12450,6800,7000,1,4.0
Okavango,Okavango,State/Province,Namibia,56600,12450,6800,7000,1,4.0
Omaheke,Omaheke,State/Province,Namibia,56600,12450,6800,7000,1,4.0
Omusati,Omusati,State/Province,Namibia,56600,12450,6800,7000,1,4.0
Oshana,Oshana,State/Province,Namibia,56600,12450,6800,7000,1,4.0
Oshikoto,Oshikoto,State/Province,Namibia,56600,12450,6800,7000,1,4.0
Otjozondjupa,Otjozondjupa,State/Province,Namibia,56600,12450,6800,7000,1,4.0
Aiwo,Aiwo,Administrative Region,Nauru,76900,16900,9250,8300,1,4.0
Anabar,Anabar,Administrative Region,Nauru,76900,16900,9250,8300,1,4.0
Anetan,Anetan,Administrative Region,Nauru,76900,16900,9250,8300,1,4.0
Anibare,Anibare,Administrative Region,Nauru,76900,16900,9250,8300,1,4.0
Baitsi,Baitsi,Administrative Region,Nauru,76900,16900,9250,8300,1,4.0
Boe,Boe,Administrative Region,Nauru,76900,16900,9250,8300,1,4.0
Buada,Buada,Administrative Region,Nauru,76900,16900,9250,8300,1,4.0
Denigomodu,Denigomodu,Administrative Region,Nauru,76900,16900,9250,8300,1,4.0
Ewa,Ewa,Administrative Region,Nauru,76900,16900,9250,8300,1,4.0
Ijuw,Ijuw,Administrative Region,Nauru,76900,16900,9250,8300,1,4.0
Meneng,Meneng,Administrative Region,Nauru,76900,16900,9250,8300,1,4.0
Nibok,Nibok,Administrative Region,Nauru,76900,16900,9250,8300,1,4.0
Uaboe,Uaboe,Administrative Region,Nauru,76900,16900,9250,8300,1,4.0
Yaren,Yaren,Administrative Region,Nauru,76900,16900,9250,8300,1,4.0
Yaren,Yaren,Capital City,Nauru,97500,21450,11700,10600,2,4.4
Nauru,Nauru,Country,Nauru,98900,21750,11850,10800,3,4.1
Aiwo,Aiwo,State/Province,Nauru,78900,17350,9450,8400,1,4.0
Anabar,Anabar,State/Province,Nauru,78900,17350,9450,8400,1,4.0
Anetan,Anetan,State/Province,Nauru,78900,17350,9450,8400,1,4.0
Anibare,Anibare,State/Province,Nauru,78900,17350,9450,8400,1,4.0
Baiti,Baiti,State/Province,Nauru,78900,17350,9450,8400,1,4.0
Boe,Boe,State/Province,Nauru,78900,17350,9450,8400,1,4.0
Buada,Buada,State/Province,Nauru,78900,17350,9450,8400,1,4.0
Denigomodu,Denigomodu,State/Province,Nauru,78900,17350,9450,8400,1,4.0
Ewa,Ewa,State/Province,Nauru,78900,17350,9450,8400,1,4.0
Ijuw,Ijuw,State/Province,Nauru,78900,17350,9450,8400,1,4.0
Meneng,Meneng,State/Province,Nauru,78900,17350,9450,8400,1,4.0
Nibok,Nibok,State/Province,Nauru,78900,17350,9450,8400,1,4.0
Uaboe,Uaboe,State/Province,Nauru,78900,17350,9450,8400,1,4.0
Yaren,Yaren,State/Province,Nauru,78900,17350,9450,8400,1,4.0
Kathmandu,Kathmandu,Capital City,Nepal,34400,7550,4150,5700,2,4.4
Kathmandu,Kathmandu,City,Nepal,16000,999999,999999,3200,3,4.7
Nepal,Nepal,Country,Nepal,35900,7900,4300,5900,3,4.1
Kathmandu Durbar Square,Kathmandu,Historical,Nepal,16000,999999,999999,3200,0.5,4.6
Pashupatinath Temple,Kathmandu,Religious,Nepal,16000,999999,999999,3200,0.5,4.7
Swayambhunath Stupa,Kathmandu,Religious,Nepal,16000,999999,999999,3200,0.4,4.7
Bagmati,Bagmati,State/Province,Nepal,36100,7950,4350,5800,1,4.0
Bheri,Bheri,State/Province,Nepal,36100,7950,4350,5800,1,4.0
Dhawalagiri,Dhawalagiri,State/Province,Nepal,36100,7950,4350,5800,1,4.0
Gandaki,Gandaki,State/Province,Nepal,36100,7950,4350,5800,1,4.0
Janakpur,Janakpur,State/Province,Nepal,36100,7950,4350,5800,1,4.0
Karnali,Karnali,State/Province,Nepal,36100,7950,4350,5800,1,4.0
Koshi,Koshi,State/Province,Nepal,36100,7950,4350,5800,1,4.0
Kosi,Kosi,State/Province,Nepal,36100,7950,4350,5800,1,4.0
Lumbini,Lumbini,State/Province,Nepal,36100,7950,4350,5800,1,4.0
Madhesh,Madhesh,State/Province,Nepal,36100,7950,4350,5800,1,4.0
Mahakali,Mahakali,State/Province,Nepal,36100,7950,4350,5800,1,4.0
Mechi,Mechi,State/Province,Nepal,36100,7950,4350,5800,1,4.0
Narayani,Narayani,State/Province,Nepal,36100,7950,4350,5800,1,4.0
Rapti,Rapti,State/Province,Nepal,36100,7950,4350,5800,1,4.0
Sagarmatha,Sagarmatha,State/Province,Nepal,36100,7950,4350,5800,1,4.0
Seti,Seti,State/Province,Nepal,36100,7950,4350,5800,1,4.0
Sudurpashchim,Sudurpashchim,State/Province,Nepal,36100,7950,4350,5800,1,4.0
Canal Cruise Amsterdam,Amsterdam,Activity,Netherlands,51000,999999,999999,13000,0.3,4.6
Bonaire,Bonaire,Administrative Region,Netherlands,59200,13000,7100,7500,1,4.0
Saba,Saba,Administrative Region,Netherlands,59200,13000,7100,7500,1,4.0
Sint Eustatius,Sint Eustatius,Administrative Region,Netherlands,59200,13000,7100,7500,1,4.0
Amsterdam,Amsterdam,Capital City,Netherlands,74800,16450,9000,9500,2,4.4
Amsterdam,Amsterdam,City,Netherlands,60000,999999,999999,12000,3,4.6
Netherlands,Netherlands,Country,Netherlands,65000,14300,7800,8000,3,4.1
Anne Frank House,Amsterdam,Historical,Netherlands,60000,999999,999999,11000,0.3,4.8
Amsterdam Canals,Amsterdam,Landmark,Netherlands,77600,17050,9300,9700,1,4.7
Keukenhof,Lisse,Landmark,Netherlands,77600,17050,9300,9700,1,4.7
Rijksmuseum,Amsterdam,Museum,Netherlands,51000,999999,999999,13000,0.6,4.7
Van Gogh Museum,Amsterdam,Museum,Netherlands,51000,999999,999999,13000,0.5,4.7
Aruba,Aruba,State/Province,Netherlands,60000,13200,7200,7500,1,4.0
Curaçao,Curaçao,State/Province,Netherlands,60000,13200,7200,7500,1,4.0
Drenthe,Drenthe,State/Province,Netherlands,60000,13200,7200,7500,1,4.0
Flevoland,Flevoland,State/Province,Netherlands,60000,13200,7200,7500,1,4.0
Friesland,Friesland,State/Province,Netherlands,60000,13200,7200,7500,1,4.0
Fryslân,Fryslân,State/Province,Netherlands,60000,13200,7200,7500,1,4.0
Gelderland,Gelderland,State/Province,Netherlands,60000,13200,7200,7500,1,4.0
Groningen,Groningen,State/Province,Netherlands,60000,13200,7200,7500,1,4.0
Limburg,Limburg,State/Province,Netherlands,60000,13200,7200,7500,1,4.0
Noord-Brabant,Noord-Brabant,State/Province,Netherlands,60000,13200,7200,7500,1,4.0
Noord-Holland,Noord-Holland,State/Province,Netherlands,60000,13200,7200,7500,1,4.0
Overijssel,Overijssel,State/Province,Netherlands,60000,13200,7200,7500,1,4.0
Sint Maarten,Sint Maarten,State/Province,Netherlands,60000,13200,7200,7500,1,4.0
Utrecht,Utrecht,State/Province,Netherlands,60000,13200,7200,7500,1,4.0
Zeeland,Zeeland,State/Province,Netherlands,60000,13200,7200,7500,1,4.0
Zuid-Holland,Zuid-Holland,State/Province,Netherlands,60000,13200,7200,7500,1,4.0
Canal Cruise,Amsterdam,Water,Netherlands,60000,999999,999999,11000,0.2,4.7
Nouméa,Nouméa,Capital City,New Caledonia,97800,21500,11750,10700,2,4.4
New Caledonia,New Caledonia,Country,New Caledonia,99300,21850,11900,10900,3,4.1
Iles Loyaute,Iles Loyaute,State/Province,New Caledonia,79200,17400,9500,8500,1,4.0
Nord,Nord,State/Province,New Caledonia,79200,17400,9500,8500,1,4.0
Sud,Sud,State/Province,New Caledonia,79200,17400,9500,8500,1,4.0
Auckland,Auckland,Administrative Region,New Zealand,78000,17150,9350,8500,1,4.0
Bay of Plenty,Bay of Plenty,Administrative Region,New Zealand,78000,17150,9350,8500,1,4.0
Canterbury,Canterbury,Administrative Region,New Zealand,78000,17150,9350,8500,1,4.0
Gisborne,Gisborne,Administrative Region,New Zealand,78000,17150,9350,8500,1,4.0
Greater Wellington,Greater Wellington,Administrative Region,New Zealand,78000,17150,9350,8500,1,4.0
Hawke's Bay,Hawke's Bay,Administrative Region,New Zealand,78000,17150,9350,8500,1,4.0
Manawatū-Whanganui,Manawatū-Whanganui,Administrative Region,New Zealand,78000,17150,9350,8500,1,4.0
Marlborough,Marlborough,Administrative Region,New Zealand,78000,17150,9350,8500,1,4.0
Nelson,Nelson,Administrative Region,New Zealand,78000,17150,9350,8500,1,4.0
Northland,Northland,Administrative Region,New Zealand,78000,17150,9350,8500,1,4.0
Otago,Otago,Administrative Region,New Zealand,78000,17150,9350,8500,1,4.0
Southland,Southland,Administrative Region,New Zealand,78000,17150,9350,8500,1,4.0
Taranaki,Taranaki,Administrative Region,New Zealand,78000,17150,9350,8500,1,4.0
Tasman,Tasman,Administrative Region,New Zealand,78000,17150,9350,8500,1,4.0
Waikato,Waikato,Administrative Region,New Zealand,78000,17150,9350,8500,1,4.0
West Coast,West Coast,Administrative Region,New Zealand,78000,17150,9350,8500,1,4.0
Viaduct Harbour,Auckland,Attraction,New Zealand,74377,999999,999999,5366,0.6,4.4
Wellington,Wellington,Capital City,New Zealand,98600,21700,11850,10800,2,4.4
Auckland,Auckland,City,New Zealand,74377,999999,999999,5366,3,4.6
Queenstown,Queenstown,City,New Zealand,77597,999999,999999,12636,3,4.6
New Zealand,New Zealand,Country,New Zealand,100100,22000,12000,11000,3,4.1
Skyline Queenstown,Queenstown,Historical,New Zealand,77597,999999,999999,12636,0.5,4.7
Chatham Islands Territory,Chatham Islands Territory,Island/Territory,New Zealand,119600,26300,14350,12900,1,4.0
Hobbiton Movie Set,Matamata,Landmark,New Zealand,103900,22850,12450,11200,1,4.7
Auckland Art Gallery,Auckland,Leisure,New Zealand,74377,999999,999999,5366,0.5,4.8
Sky Tower,Auckland,Leisure,New Zealand,74377,999999,999999,5366,0.4,4.9
Sky Tower Auckland,Auckland,Monument,New Zealand,76000,999999,999999,12000,0.4,4.5
Kiwi Birdlife Park,Queenstown,Museum,New Zealand,77597,999999,999999,12636,0.4,4.6
Milford Sound,Queenstown,Museum,New Zealand,77597,999999,999999,12636,0.3,4.9
Milford Sound,Fiordland,Natural Wonder,New Zealand,109700,24150,13150,11700,1,4.7
Auckland War Memorial Museum,Auckland,Nature,New Zealand,74377,999999,999999,5366,0.2,5.0
Coronet Peak,Queenstown,Nature,New Zealand,77597,999999,999999,12636,0.4,4.6
Waiheke Island,Auckland,Nature,New Zealand,74377,999999,999999,5366,0.3,4.8
Lake Wakatipu,Queenstown,Shopping,New Zealand,77597,999999,999999,12636,0.5,4.5
Mount Eden,Auckland,Shopping,New Zealand,74377,999999,999999,5366,0.6,5.0
The Remarkables,Queenstown,Shopping,New Zealand,77597,999999,999999,12636,0.2,4.5
Akaroa,Akaroa,State/Province,New Zealand,80000,17600,9600,8600,1,4.0
Amuri,Amuri,State/Province,New Zealand,80000,17600,9600,8600,1,4.0
Ashburton,Ashburton,State/Province,New Zealand,80000,17600,9600,8600,1,4.0
Bay of Islands,Bay of Islands,State/Province,New Zealand,80000,17600,9600,8600,1,4.0
Bruce,Bruce,State/Province,New Zealand,80000,17600,9600,8600,1,4.0
Buller,Buller,State/Province,New Zealand,80000,17600,9600,8600,1,4.0
Chatham Islands,Chatham Islands,State/Province,New Zealand,80000,17600,9600,8600,1,4.0
Cheviot,Cheviot,State/Province,New Zealand,80000,17600,9600,8600,1,4.0
Clifton,Clifton,State/Province,New Zealand,80000,17600,9600,8600,1,4.0
Clutha,Clutha,State/Province,New Zealand,80000,17600,9600,8600,1,4.0
Cook,Cook,State/Province,New Zealand,80000,17600,9600,8600,1,4.0
Dannevirke,Dannevirke,State/Province,New Zealand,80000,17600,9600,8600,1,4.0
Egmont,Egmont,State/Province,New Zealand,80000,17600,9600,8600,1,4.0
Eketahuna,Eketahuna,State/Province,New Zealand,80000,17600,9600,8600,1,4.0
Ellesmere,Ellesmere,State/Province,New Zealand,80000,17600,9600,8600,1,4.0
Eltham,Eltham,State/Province,New Zealand,80000,17600,9600,8600,1,4.0
Eyre,Eyre,State/Province,New Zealand,80000,17600,9600,8600,1,4.0
Featherston,Featherston,State/Province,New Zealand,80000,17600,9600,8600,1,4.0
Franklin,Franklin,State/Province,New Zealand,80000,17600,9600,8600,1,4.0
Golden Bay,Golden Bay,State/Province,New Zealand,80000,17600,9600,8600,1,4.0
Great Barrier Island,Great Barrier Island,State/Province,New Zealand,80000,17600,9600,8600,1,4.0
Grey,Grey,State/Province,New Zealand,80000,17600,9600,8600,1,4.0
Hauraki Plains,Hauraki Plains,State/Province,New Zealand,80000,17600,9600,8600,1,4.0
Hawera,Hawera,State/Province,New Zealand,80000,17600,9600,8600,1,4.0
Hawke's Bay,Hawke's Bay,State/Province,New Zealand,80000,17600,9600,8600,1,4.0
Heathcote,Heathcote,State/Province,New Zealand,80000,17600,9600,8600,1,4.0
Hikurangi,Hikurangi,State/Province,New Zealand,80000,17600,9600,8600,1,4.0
Hobson,Hobson,State/Province,New Zealand,80000,17600,9600,8600,1,4.0
Hokianga,Hokianga,State/Province,New Zealand,80000,17600,9600,8600,1,4.0
Horowhenua,Horowhenua,State/Province,New Zealand,80000,17600,9600,8600,1,4.0
Hurunui,Hurunui,State/Province,New Zealand,80000,17600,9600,8600,1,4.0
Hutt,Hutt,State/Province,New Zealand,80000,17600,9600,8600,1,4.0
Inangahua,Inangahua,State/Province,New Zealand,80000,17600,9600,8600,1,4.0
Inglewood,Inglewood,State/Province,New Zealand,80000,17600,9600,8600,1,4.0
Kaikoura,Kaikoura,State/Province,New Zealand,80000,17600,9600,8600,1,4.0
Kairanga,Kairanga,State/Province,New Zealand,80000,17600,9600,8600,1,4.0
Kiwitea,Kiwitea,State/Province,New Zealand,80000,17600,9600,8600,1,4.0
Lake,Lake,State/Province,New Zealand,80000,17600,9600,8600,1,4.0
Mackenzie,Mackenzie,State/Province,New Zealand,80000,17600,9600,8600,1,4.0
Malvern,Malvern,State/Province,New Zealand,80000,17600,9600,8600,1,4.0
Manaia,Manaia,State/Province,New Zealand,80000,17600,9600,8600,1,4.0
Manawatu,Manawatu,State/Province,New Zealand,80000,17600,9600,8600,1,4.0
Mangonui,Mangonui,State/Province,New Zealand,80000,17600,9600,8600,1,4.0
Maniototo,Maniototo,State/Province,New Zealand,80000,17600,9600,8600,1,4.0
Marlborough,Marlborough,State/Province,New Zealand,80000,17600,9600,8600,1,4.0
Masterton,Masterton,State/Province,New Zealand,80000,17600,9600,8600,1,4.0
Matamata,Matamata,State/Province,New Zealand,80000,17600,9600,8600,1,4.0
Mount Herbert,Mount Herbert,State/Province,New Zealand,80000,17600,9600,8600,1,4.0
Ohinemuri,Ohinemuri,State/Province,New Zealand,80000,17600,9600,8600,1,4.0
Opotiki,Opotiki,State/Province,New Zealand,80000,17600,9600,8600,1,4.0
Oroua,Oroua,State/Province,New Zealand,80000,17600,9600,8600,1,4.0
Otamatea,Otamatea,State/Province,New Zealand,80000,17600,9600,8600,1,4.0
Otorohanga,Otorohanga,State/Province,New Zealand,80000,17600,9600,8600,1,4.0
Oxford,Oxford,State/Province,New Zealand,80000,17600,9600,8600,1,4.0
Pahiatua,Pahiatua,State/Province,New Zealand,80000,17600,9600,8600,1,4.0
Paparua,Paparua,State/Province,New Zealand,80000,17600,9600,8600,1,4.0
Patea,Patea,State/Province,New Zealand,80000,17600,9600,8600,1,4.0
Piako,Piako,State/Province,New Zealand,80000,17600,9600,8600,1,4.0
Pohangina,Pohangina,State/Province,New Zealand,80000,17600,9600,8600,1,4.0
Raglan,Raglan,State/Province,New Zealand,80000,17600,9600,8600,1,4.0
Rangiora,Rangiora,State/Province,New Zealand,80000,17600,9600,8600,1,4.0
Rangitikei,Rangitikei,State/Province,New Zealand,80000,17600,9600,8600,1,4.0
Rodney,Rodney,State/Province,New Zealand,80000,17600,9600,8600,1,4.0
Rotorua,Rotorua,State/Province,New Zealand,80000,17600,9600,8600,1,4.0
Runanga,Runanga,State/Province,New Zealand,80000,17600,9600,8600,1,4.0
Saint Kilda,Saint Kilda,State/Province,New Zealand,80000,17600,9600,8600,1,4.0
Silverpeaks,Silverpeaks,State/Province,New Zealand,80000,17600,9600,8600,1,4.0
Southland,Southland,State/Province,New Zealand,80000,17600,9600,8600,1,4.0
Stewart Island,Stewart Island,State/Province,New Zealand,80000,17600,9600,8600,1,4.0
Stratford,Stratford,State/Province,New Zealand,80000,17600,9600,8600,1,4.0
Strathallan,Strathallan,State/Province,New Zealand,80000,17600,9600,8600,1,4.0
Taranaki,Taranaki,State/Province,New Zealand,80000,17600,9600,8600,1,4.0
Taumarunui,Taumarunui,State/Province,New Zealand,80000,17600,9600,8600,1,4.0
Taupo,Taupo,State/Province,New Zealand,80000,17600,9600,8600,1,4.0
Tauranga,Tauranga,State/Province,New Zealand,80000,17600,9600,8600,1,4.0
Thames-Coromandel,Thames-Coromandel,State/Province,New Zealand,80000,17600,9600,8600,1,4.0
Tuapeka,Tuapeka,State/Province,New Zealand,80000,17600,9600,8600,1,4.0
Vincent,Vincent,State/Province,New Zealand,80000,17600,9600,8600,1,4.0
Waiapu,Waiapu,State/Province,New Zealand,80000,17600,9600,8600,1,4.0
Waiheke,Waiheke,State/Province,New Zealand,80000,17600,9600,8600,1,4.0
Waihemo,Waihemo,State/Province,New Zealand,80000,17600,9600,8600,1,4.0
Waikato,Waikato,State/Province,New Zealand,80000,17600,9600,8600,1,4.0
Waikohu,Waikohu,State/Province,New Zealand,80000,17600,9600,8600,1,4.0
Waimairi,Waimairi,State/Province,New Zealand,80000,17600,9600,8600,1,4.0
Waimarino,Waimarino,State/Province,New Zealand,80000,17600,9600,8600,1,4.0
Waimate,Waimate,State/Province,New Zealand,80000,17600,9600,8600,1,4.0
Waimate West,Waimate West,State/Province,New Zealand,80000,17600,9600,8600,1,4.0
Waimea,Waimea,State/Province,New Zealand,80000,17600,9600,8600,1,4.0
Waipa,Waipa,State/Province,New Zealand,80000,17600,9600,8600,1,4.0
Waipawa,Waipawa,State/Province,New Zealand,80000,17600,9600,8600,1,4.0
Waipukurau,Waipukurau,State/Province,New Zealand,80000,17600,9600,8600,1,4.0
Wairarapa South,Wairarapa South,State/Province,New Zealand,80000,17600,9600,8600,1,4.0
Wairewa,Wairewa,State/Province,New Zealand,80000,17600,9600,8600,1,4.0
Wairoa,Wairoa,State/Province,New Zealand,80000,17600,9600,8600,1,4.0
Waitaki,Waitaki,State/Province,New Zealand,80000,17600,9600,8600,1,4.0
Waitomo,Waitomo,State/Province,New Zealand,80000,17600,9600,8600,1,4.0
Waitotara,Waitotara,State/Province,New Zealand,80000,17600,9600,8600,1,4.0
Wallace,Wallace,State/Province,New Zealand,80000,17600,9600,8600,1,4.0
Wanganui,Wanganui,State/Province,New Zealand,80000,17600,9600,8600,1,4.0
Waverley,Waverley,State/Province,New Zealand,80000,17600,9600,8600,1,4.0
Westland,Westland,State/Province,New Zealand,80000,17600,9600,8600,1,4.0
Whakatane,Whakatane,State/Province,New Zealand,80000,17600,9600,8600,1,4.0
Whangarei,Whangarei,State/Province,New Zealand,80000,17600,9600,8600,1,4.0
Whangaroa,Whangaroa,State/Province,New Zealand,80000,17600,9600,8600,1,4.0
Woodville,Woodville,State/Province,New Zealand,80000,17600,9600,8600,1,4.0
Boaco,Boaco,Administrative Region,Nicaragua,71100,15650,8550,7700,1,4.0
Carazo,Carazo,Administrative Region,Nicaragua,71100,15650,8550,7700,1,4.0
Chinandega,Chinandega,Administrative Region,Nicaragua,71100,15650,8550,7700,1,4.0
Chontales,Chontales,Administrative Region,Nicaragua,71100,15650,8550,7700,1,4.0
Costa Caribe Norte,Costa Caribe Norte,Administrative Region,Nicaragua,71100,15650,8550,7700,1,4.0
Costa Caribe Sur,Costa Caribe Sur,Administrative Region,Nicaragua,71100,15650,8550,7700,1,4.0
Estelí,Estelí,Administrative Region,Nicaragua,71100,15650,8550,7700,1,4.0
Granada,Granada,Administrative Region,Nicaragua,71100,15650,8550,7700,1,4.0
Jinotega,Jinotega,Administrative Region,Nicaragua,71100,15650,8550,7700,1,4.0
León,León,Administrative Region,Nicaragua,71100,15650,8550,7700,1,4.0
Madriz,Madriz,Administrative Region,Nicaragua,71100,15650,8550,7700,1,4.0
Managua,Managua,Administrative Region,Nicaragua,71100,15650,8550,7700,1,4.0
Masaya,Masaya,Administrative Region,Nicaragua,71100,15650,8550,7700,1,4.0
Matagalpa,Matagalpa,Administrative Region,Nicaragua,71100,15650,8550,7700,1,4.0
Nueva Segovia,Nueva Segovia,Administrative Region,Nicaragua,71100,15650,8550,7700,1,4.0
Rivas,Rivas,Administrative Region,Nicaragua,71100,15650,8550,7700,1,4.0
Río San Juan,Río San Juan,Administrative Region,Nicaragua,71100,15650,8550,7700,1,4.0
Managua,Managua,Capital City,Nicaragua,90600,19950,10850,9800,2,4.4
Nicaragua,Nicaragua,Country,Nicaragua,92100,20250,11050,10100,3,4.1
Atlantico Norte,Atlantico Norte,State/Province,Nicaragua,72800,16000,8750,7700,1,4.0
Atlantico Sur,Atlantico Sur,State/Province,Nicaragua,72800,16000,8750,7700,1,4.0
Boaco,Boaco,State/Province,Nicaragua,72800,16000,8750,7700,1,4.0
Carazo,Carazo,State/Province,Nicaragua,72800,16000,8750,7700,1,4.0
Chinandega,Chinandega,State/Province,Nicaragua,72800,16000,8750,7700,1,4.0
Chontales,Chontales,State/Province,Nicaragua,72800,16000,8750,7700,1,4.0
Esteli,Esteli,State/Province,Nicaragua,72800,16000,8750,7700,1,4.0
Granada,Granada,State/Province,Nicaragua,72800,16000,8750,7700,1,4.0
Jinotega,Jinotega,State/Province,Nicaragua,72800,16000,8750,7700,1,4.0
Leon,Leon,State/Province,Nicaragua,72800,16000,8750,7700,1,4.0
Madriz,Madriz,State/Province,Nicaragua,72800,16000,8750,7700,1,4.0
Managua,Managua,State/Province,Nicaragua,72800,16000,8750,7700,1,4.0
Masaya,Masaya,State/Province,Nicaragua,72800,16000,8750,7700,1,4.0
Matagalpa,Matagalpa,State/Province,Nicaragua,72800,16000,8750,7700,1,4.0
Nueva Segovia,Nueva Segovia,State/Province,Nicaragua,72800,16000,8750,7700,1,4.0
Rio San Juan,Rio San Juan,State/Province,Nicaragua,72800,16000,8750,7700,1,4.0
Rivas,Rivas,State/Province,Nicaragua,72800,16000,8750,7700,1,4.0
Agadez,Agadez,Administrative Region,Niger,46400,10200,5550,5600,1,4.0
Diffa,Diffa,Administrative Region,Niger,46400,10200,5550,5600,1,4.0
Dosso,Dosso,Administrative Region,Niger,46400,10200,5550,5600,1,4.0
Maradi,Maradi,Administrative Region,Niger,46400,10200,5550,5600,1,4.0
Tahoua,Tahoua,Administrative Region,Niger,46400,10200,5550,5600,1,4.0
Tillabéri,Tillabéri,Administrative Region,Niger,46400,10200,5550,5600,1,4.0
Zinder,Zinder,Administrative Region,Niger,46400,10200,5550,5600,1,4.0
Niamey,Niamey,Capital City,Niger,60000,13200,7200,7200,2,4.4
Niger,Niger,Country,Niger,61400,13500,7350,7500,3,4.1
Agadez,Agadez,State/Province,Niger,57900,12750,6950,7200,1,4.0
Diffa,Diffa,State/Province,Niger,57900,12750,6950,7200,1,4.0
Dosso,Dosso,State/Province,Niger,57900,12750,6950,7200,1,4.0
Maradi,Maradi,State/Province,Niger,57900,12750,6950,7200,1,4.0
Niamey,Niamey,State/Province,Niger,57900,12750,6950,7200,1,4.0
Tahoua,Tahoua,State/Province,Niger,57900,12750,6950,7200,1,4.0
Tillaberi,Tillaberi,State/Province,Niger,57900,12750,6950,7200,1,4.0
Zinder,Zinder,State/Province,Niger,57900,12750,6950,7200,1,4.0
Abuja,Abuja,Capital City,Nigeria,60200,13250,7200,7300,2,4.4
Nigeria,Nigeria,Country,Nigeria,61700,13550,7400,7500,3,4.1
Abuja Federal Capital Territory,Abuja Federal Capital Territory,Island/Territory,Nigeria,72500,15950,8700,8700,1,4.0
Abia,Abia,State/Province,Nigeria,46900,10300,5650,5500,1,4.0
Abuja Federal Capital Territory,Abuja Federal Capital Territory,State/Province,Nigeria,46900,10300,5650,5500,1,4.0
Adamawa,Adamawa,State/Province,Nigeria,46900,10300,5650,5500,1,4.0
Akwa Ibom,Akwa Ibom,State/Province,Nigeria,46900,10300,5650,5500,1,4.0
Anambra,Anambra,State/Province,Nigeria,46900,10300,5650,5500,1,4.0
Bauchi,Bauchi,State/Province,Nigeria,46900,10300,5650,5500,1,4.0
Bayelsa,Bayelsa,State/Province,Nigeria,46900,10300,5650,5500,1,4.0
Benue,Benue,State/Province,Nigeria,46900,10300,5650,5500,1,4.0
Borno,Borno,State/Province,Nigeria,46900,10300,5650,5500,1,4.0
Cross River,Cross River,State/Province,Nigeria,46900,10300,5650,5500,1,4.0
Delta,Delta,State/Province,Nigeria,46900,10300,5650,5500,1,4.0
Ebonyi,Ebonyi,State/Province,Nigeria,46900,10300,5650,5500,1,4.0
Edo,Edo,State/Province,Nigeria,46900,10300,5650,5500,1,4.0
Ekiti,Ekiti,State/Province,Nigeria,46900,10300,5650,5500,1,4.0
Enugu,Enugu,State/Province,Nigeria,46900,10300,5650,5500,1,4.0
Gombe,Gombe,State/Province,Nigeria,46900,10300,5650,5500,1,4.0
Imo,Imo,State/Province,Nigeria,46900,10300,5650,5500,1,4.0
Jigawa,Jigawa,State/Province,Nigeria,46900,10300,5650,5500,1,4.0
Kaduna,Kaduna,State/Province,Nigeria,46900,10300,5650,5500,1,4.0
Kano,Kano,State/Province,Nigeria,46900,10300,5650,5500,1,4.0
Katsina,Katsina,State/Province,Nigeria,46900,10300,5650,5500,1,4.0
Kebbi,Kebbi,State/Province,Nigeria,46900,10300,5650,5500,1,4.0
Kogi,Kogi,State/Province,Nigeria,46900,10300,5650,5500,1,4.0
Kwara,Kwara,State/Province,Nigeria,46900,10300,5650,5500,1,4.0
Lagos,Lagos,State/Province,Nigeria,46900,10300,5650,5500,1,4.0
Nasarawa,Nasarawa,State/Province,Nigeria,46900,10300,5650,5500,1,4.0
Nassarawa,Nassarawa,State/Province,Nigeria,46900,10300,5650,5500,1,4.0
Niger,Niger,State/Province,Nigeria,46900,10300,5650,5500,1,4.0
Ogun,Ogun,State/Province,Nigeria,46900,10300,5650,5500,1,4.0
Ondo,Ondo,State/Province,Nigeria,46900,10300,5650,5500,1,4.0
Osun,Osun,State/Province,Nigeria,46900,10300,5650,5500,1,4.0
Oyo,Oyo,State/Province,Nigeria,46900,10300,5650,5500,1,4.0
Plateau,Plateau,State/Province,Nigeria,46900,10300,5650,5500,1,4.0
Rivers,Rivers,State/Province,Nigeria,46900,10300,5650,5500,1,4.0
Sokoto,Sokoto,State/Province,Nigeria,46900,10300,5650,5500,1,4.0
Taraba,Taraba,State/Province,Nigeria,46900,10300,5650,5500,1,4.0
Yobe,Yobe,State/Province,Nigeria,46900,10300,5650,5500,1,4.0
Zamfara,Zamfara,State/Province,Nigeria,46900,10300,5650,5500,1,4.0
Alofi,Alofi,Capital City,Niue,95000,20900,11400,10200,2,4.4
Niue,Niue,Country,Niue,96400,21200,11550,10500,3,4.1
Niue,Niue,State/Province,Niue,87700,19300,10500,9800,1,4.0
Kingston,Kingston,Capital City,Norfolk Island,91000,20000,10900,9700,2,4.4
Norfolk Island,Norfolk Island,Country,Norfolk Island,92500,20350,11100,9900,3,4.1
Norfolk Island,Norfolk Island,State/Province,Norfolk Island,83700,18400,10050,9200,1,4.0
Pyongyang,Pyongyang,Capital City,North Korea,40800,9000,4900,6600,2,4.4
North Korea,North Korea,Country,North Korea,31000,6800,3700,5200,3,4.1
Chagang-do,Chagang-do,State/Province,North Korea,31300,6900,3750,5100,1,4.0
Chagang-do (Chagang Province),Chagang-do (Chagang Province),State/Province,North Korea,31300,6900,3750,5100,1,4.0
Hamgyong-bukto (North Hamgyong Province),Hamgyong-bukto (North Hamgyong Province),State/Province,North Korea,31300,6900,3750,5100,1,4.0
Hamgyong-namdo (South Hamgyong Province),Hamgyong-namdo (South Hamgyong Province),State/Province,North Korea,31300,6900,3750,5100,1,4.0
Hamgyǒng-bukto,Hamgyǒng-bukto,State/Province,North Korea,31300,6900,3750,5100,1,4.0
Hamgyǒng-namdo,Hamgyǒng-namdo,State/Province,North Korea,31300,6900,3750,5100,1,4.0
Hwanghae-bukto,Hwanghae-bukto,State/Province,North Korea,31300,6900,3750,5100,1,4.0
Hwanghae-bukto (North Hwanghae Province),Hwanghae-bukto (North Hwanghae Province),State/Province,North Korea,31300,6900,3750,5100,1,4.0
Hwanghae-namdo,Hwanghae-namdo,State/Province,North Korea,31300,6900,3750,5100,1,4.0
Hwanghae-namdo (South Hwanghae Province),Hwanghae-namdo (South Hwanghae Province),State/Province,North Korea,31300,6900,3750,5100,1,4.0
Kaeseong,Kaeseong,State/Province,North Korea,31300,6900,3750,5100,1,4.0
Kaesong-si (Kaesong City),Kaesong-si (Kaesong City),State/Province,North Korea,31300,6900,3750,5100,1,4.0
Kangweonto,Kangweonto,State/Province,North Korea,31300,6900,3750,5100,1,4.0
Kangwon-do (Kangwon Province),Kangwon-do (Kangwon Province),State/Province,North Korea,31300,6900,3750,5100,1,4.0
Namp'o-si (Namp'o City),Namp'o-si (Namp'o City),State/Province,North Korea,31300,6900,3750,5100,1,4.0
Nampho,Nampho,State/Province,North Korea,31300,6900,3750,5100,1,4.0
P'yongan-bukto (North P'yongan Province),P'yongan-bukto (North P'yongan Province),State/Province,North Korea,31300,6900,3750,5100,1,4.0
P'yongan-namdo (South P'yongan Province),P'yongan-namdo (South P'yongan Province),State/Province,North Korea,31300,6900,3750,5100,1,4.0
P'yongyang-si (P'yongyang City),P'yongyang-si (P'yongyang City),State/Province,North Korea,31300,6900,3750,5100,1,4.0
P'yǒngan-bukto,P'yǒngan-bukto,State/Province,North Korea,31300,6900,3750,5100,1,4.0
P'yǒngan-namdo,P'yǒngan-namdo,State/Province,North Korea,31300,6900,3750,5100,1,4.0
P'yǒngyang,P'yǒngyang,State/Province,North Korea,31300,6900,3750,5100,1,4.0
Raseon,Raseon,State/Province,North Korea,31300,6900,3750,5100,1,4.0
Ryanggang-do,Ryanggang-do,State/Province,North Korea,31300,6900,3750,5100,1,4.0
Yanggang-do (Yanggang Province),Yanggang-do (Yanggang Province),State/Province,North Korea,31300,6900,3750,5100,1,4.0
Aerodrom †,Aerodrom †,Administrative Region,North Macedonia,56100,12350,6750,6000,1,4.0
Aračinovo,Aračinovo,Administrative Region,North Macedonia,56100,12350,6750,6000,1,4.0
Berovo,Berovo,Administrative Region,North Macedonia,56100,12350,6750,6000,1,4.0
Bitola,Bitola,Administrative Region,North Macedonia,56100,12350,6750,6000,1,4.0
Bogdanci,Bogdanci,Administrative Region,North Macedonia,56100,12350,6750,6000,1,4.0
Bogovinje,Bogovinje,Administrative Region,North Macedonia,56100,12350,6750,6000,1,4.0
Bosilovo,Bosilovo,Administrative Region,North Macedonia,56100,12350,6750,6000,1,4.0
Brvenica,Brvenica,Administrative Region,North Macedonia,56100,12350,6750,6000,1,4.0
Butel †,Butel †,Administrative Region,North Macedonia,56100,12350,6750,6000,1,4.0
Centar Župa,Centar Župa,Administrative Region,North Macedonia,56100,12350,6750,6000,1,4.0
Centar †,Centar †,Administrative Region,North Macedonia,56100,12350,6750,6000,1,4.0
Debar,Debar,Administrative Region,North Macedonia,56100,12350,6750,6000,1,4.0
Debrca,Debrca,Administrative Region,North Macedonia,56100,12350,6750,6000,1,4.0
Delčevo,Delčevo,Administrative Region,North Macedonia,56100,12350,6750,6000,1,4.0
Demir Hisar,Demir Hisar,Administrative Region,North Macedonia,56100,12350,6750,6000,1,4.0
Demir Kapija,Demir Kapija,Administrative Region,North Macedonia,56100,12350,6750,6000,1,4.0
Dojran,Dojran,Administrative Region,North Macedonia,56100,12350,6750,6000,1,4.0
Dolneni,Dolneni,Administrative Region,North Macedonia,56100,12350,6750,6000,1,4.0
Gazi Baba †,Gazi Baba †,Administrative Region,North Macedonia,56100,12350,6750,6000,1,4.0
Gevgelija,Gevgelija,Administrative Region,North Macedonia,56100,12350,6750,6000,1,4.0
Gjorče Petrov †,Gjorče Petrov †,Administrative Region,North Macedonia,56100,12350,6750,6000,1,4.0
Gostivar,Gostivar,Administrative Region,North Macedonia,56100,12350,6750,6000,1,4.0
Gradsko,Gradsko,Administrative Region,North Macedonia,56100,12350,6750,6000,1,4.0
Ilinden,Ilinden,Administrative Region,North Macedonia,56100,12350,6750,6000,1,4.0
Jegunovce,Jegunovce,Administrative Region,North Macedonia,56100,12350,6750,6000,1,4.0
Karbinci,Karbinci,Administrative Region,North Macedonia,56100,12350,6750,6000,1,4.0
Karpoš †,Karpoš †,Administrative Region,North Macedonia,56100,12350,6750,6000,1,4.0
Kavadarci,Kavadarci,Administrative Region,North Macedonia,56100,12350,6750,6000,1,4.0
Kisela Voda †,Kisela Voda †,Administrative Region,North Macedonia,56100,12350,6750,6000,1,4.0
Kičevo,Kičevo,Administrative Region,North Macedonia,56100,12350,6750,6000,1,4.0
Konče,Konče,Administrative Region,North Macedonia,56100,12350,6750,6000,1,4.0
Kočani,Kočani,Administrative Region,North Macedonia,56100,12350,6750,6000,1,4.0
Kratovo,Kratovo,Administrative Region,North Macedonia,56100,12350,6750,6000,1,4.0
Kriva Palanka,Kriva Palanka,Administrative Region,North Macedonia,56100,12350,6750,6000,1,4.0
Krivogaštani,Krivogaštani,Administrative Region,North Macedonia,56100,12350,6750,6000,1,4.0
Kruševo,Kruševo,Administrative Region,North Macedonia,56100,12350,6750,6000,1,4.0
Kumanovo,Kumanovo,Administrative Region,North Macedonia,56100,12350,6750,6000,1,4.0
Lipkovo,Lipkovo,Administrative Region,North Macedonia,56100,12350,6750,6000,1,4.0
Lozovo,Lozovo,Administrative Region,North Macedonia,56100,12350,6750,6000,1,4.0
Makedonska Kamenica,Makedonska Kamenica,Administrative Region,North Macedonia,56100,12350,6750,6000,1,4.0
Makedonski Brod,Makedonski Brod,Administrative Region,North Macedonia,56100,12350,6750,6000,1,4.0
Mavrovo i Rostuše,Mavrovo i Rostuše,Administrative Region,North Macedonia,56100,12350,6750,6000,1,4.0
Mogila,Mogila,Administrative Region,North Macedonia,56100,12350,6750,6000,1,4.0
Negotino,Negotino,Administrative Region,North Macedonia,56100,12350,6750,6000,1,4.0
Novaci,Novaci,Administrative Region,North Macedonia,56100,12350,6750,6000,1,4.0
Novo Selo,Novo Selo,Administrative Region,North Macedonia,56100,12350,6750,6000,1,4.0
Ohrid,Ohrid,Administrative Region,North Macedonia,56100,12350,6750,6000,1,4.0
Pehčevo,Pehčevo,Administrative Region,North Macedonia,56100,12350,6750,6000,1,4.0
Petrovec,Petrovec,Administrative Region,North Macedonia,56100,12350,6750,6000,1,4.0
Plasnica,Plasnica,Administrative Region,North Macedonia,56100,12350,6750,6000,1,4.0
Prilep,Prilep,Administrative Region,North Macedonia,56100,12350,6750,6000,1,4.0
Probištip,Probištip,Administrative Region,North Macedonia,56100,12350,6750,6000,1,4.0
Radoviš,Radoviš,Administrative Region,North Macedonia,56100,12350,6750,6000,1,4.0
Rankovce,Rankovce,Administrative Region,North Macedonia,56100,12350,6750,6000,1,4.0
Resen,Resen,Administrative Region,North Macedonia,56100,12350,6750,6000,1,4.0
Rosoman,Rosoman,Administrative Region,North Macedonia,56100,12350,6750,6000,1,4.0
Saraj †,Saraj †,Administrative Region,North Macedonia,56100,12350,6750,6000,1,4.0
Sopište,Sopište,Administrative Region,North Macedonia,56100,12350,6750,6000,1,4.0
Staro Nagoričane,Staro Nagoričane,Administrative Region,North Macedonia,56100,12350,6750,6000,1,4.0
Struga,Struga,Administrative Region,North Macedonia,56100,12350,6750,6000,1,4.0
Strumica,Strumica,Administrative Region,North Macedonia,56100,12350,6750,6000,1,4.0
Studeničani,Studeničani,Administrative Region,North Macedonia,56100,12350,6750,6000,1,4.0
Sveti Nikole,Sveti Nikole,Administrative Region,North Macedonia,56100,12350,6750,6000,1,4.0
Tearce,Tearce,Administrative Region,North Macedonia,56100,12350,6750,6000,1,4.0
Tetovo,Tetovo,Administrative Region,North Macedonia,56100,12350,6750,6000,1,4.0
Valandovo,Valandovo,Administrative Region,North Macedonia,56100,12350,6750,6000,1,4.0
Vasilevo,Vasilevo,Administrative Region,North Macedonia,56100,12350,6750,6000,1,4.0
Veles,Veles,Administrative Region,North Macedonia,56100,12350,6750,6000,1,4.0
Vevčani,Vevčani,Administrative Region,North Macedonia,56100,12350,6750,6000,1,4.0
Vinica,Vinica,Administrative Region,North Macedonia,56100,12350,6750,6000,1,4.0
Vrapčište,Vrapčište,Administrative Region,North Macedonia,56100,12350,6750,6000,1,4.0
Zelenikovo,Zelenikovo,Administrative Region,North Macedonia,56100,12350,6750,6000,1,4.0
Zrnovci,Zrnovci,Administrative Region,North Macedonia,56100,12350,6750,6000,1,4.0
Čair †,Čair †,Administrative Region,North Macedonia,56100,12350,6750,6000,1,4.0
Čaška,Čaška,Administrative Region,North Macedonia,56100,12350,6750,6000,1,4.0
Češinovo-Obleševo,Češinovo-Obleševo,Administrative Region,North Macedonia,56100,12350,6750,6000,1,4.0
Čučer-Sandevo,Čučer-Sandevo,Administrative Region,North Macedonia,56100,12350,6750,6000,1,4.0
Štip,Štip,Administrative Region,North Macedonia,56100,12350,6750,6000,1,4.0
Šuto Orizari †,Šuto Orizari †,Administrative Region,North Macedonia,56100,12350,6750,6000,1,4.0
Želino,Želino,Administrative Region,North Macedonia,56100,12350,6750,6000,1,4.0
Skopje,Skopje,Capital City,North Macedonia,70700,15550,8500,7600,2,4.4
North Macedonia,North Macedonia,Country,North Macedonia,60900,13400,7300,6100,3,4.1
Saipan,Saipan,Capital City,Northern Mariana Islands,97900,21550,11750,10700,2,4.4
Northern Mariana Islands,Northern Mariana Islands,Country,Northern Mariana Islands,99400,21850,11950,10900,3,4.1
Northern Islands,Northern Islands,State/Province,Northern Mariana Islands,79300,17450,9500,8500,1,4.0
Rota,Rota,State/Province,Northern Mariana Islands,79300,17450,9500,8500,1,4.0
Saipan,Saipan,State/Province,Northern Mariana Islands,79300,17450,9500,8500,1,4.0
Tinian,Tinian,State/Province,Northern Mariana Islands,79300,17450,9500,8500,1,4.0
Agder,Agder,Administrative Region,Norway,58800,12950,7050,7400,1,4.0
Innlandet,Innlandet,Administrative Region,Norway,58800,12950,7050,7400,1,4.0
Jan Mayen (Arctic Region),Jan Mayen (Arctic Region),Administrative Region,Norway,58800,12950,7050,7400,1,4.0
Møre og Romsdal,Møre og Romsdal,Administrative Region,Norway,58800,12950,7050,7400,1,4.0
Nordland,Nordland,Administrative Region,Norway,58800,12950,7050,7400,1,4.0
Oslo,Oslo,Administrative Region,Norway,58800,12950,7050,7400,1,4.0
Rogaland,Rogaland,Administrative Region,Norway,58800,12950,7050,7400,1,4.0
Romssa ja Finnmárkku,Romssa ja Finnmárkku,Administrative Region,Norway,58800,12950,7050,7400,1,4.0
Svalbard (Arctic Region),Svalbard (Arctic Region),Administrative Region,Norway,58800,12950,7050,7400,1,4.0
Trööndelage,Trööndelage,Administrative Region,Norway,58800,12950,7050,7400,1,4.0
Vestfold og Telemark,Vestfold og Telemark,Administrative Region,Norway,58800,12950,7050,7400,1,4.0
Vestland,Vestland,Administrative Region,Norway,58800,12950,7050,7400,1,4.0
Viken,Viken,Administrative Region,Norway,58800,12950,7050,7400,1,4.0
Oslo Opera House,Oslo,Architecture,Norway,56000,999999,999999,13000,0.4,4.7
Vigeland Sculpture Park,Oslo,Art,Norway,62000,999999,999999,17000,0.4,4.8
Oslo,Oslo,Capital City,Norway,74400,16350,8950,9400,2,4.4
Oslo,Oslo,City,Norway,62000,999999,999999,17000,2,4.6
Norway,Norway,Country,Norway,75800,16700,9100,9600,3,4.1
Akershus Fortress,Oslo,Historical,Norway,62000,999999,999999,17000,0.3,4.6
Fram Museum,Oslo,Museum,Norway,62000,999999,999999,17000,0.4,4.7
Munch Museum,Oslo,Museum,Norway,56000,999999,999999,13000,0.5,4.6
Geirangerfjord,Møre og Romsdal,Natural Wonder,Norway,80500,17700,9650,10000,1,4.7
Northern Lights,Arctic Region,Natural Wonder,Norway,80500,17700,9650,10000,1,4.7
Vigeland Park,Oslo,Park,Norway,56000,999999,999999,13000,0.5,4.7
Akershus,Akershus,State/Province,Norway,59500,13100,7150,7400,1,4.0
Aust-Agder,Aust-Agder,State/Province,Norway,59500,13100,7150,7400,1,4.0
Buskerud,Buskerud,State/Province,Norway,59500,13100,7150,7400,1,4.0
Finnmark,Finnmark,State/Province,Norway,59500,13100,7150,7400,1,4.0
Hedmark,Hedmark,State/Province,Norway,59500,13100,7150,7400,1,4.0
Hordaland,Hordaland,State/Province,Norway,59500,13100,7150,7400,1,4.0
More og Romsdal,More og Romsdal,State/Province,Norway,59500,13100,7150,7400,1,4.0
Nord-Trondelag,Nord-Trondelag,State/Province,Norway,59500,13100,7150,7400,1,4.0
Nordland,Nordland,State/Province,Norway,59500,13100,7150,7400,1,4.0
Oppland,Oppland,State/Province,Norway,59500,13100,7150,7400,1,4.0
Oslo,Oslo,State/Province,Norway,59500,13100,7150,7400,1,4.0
Ostfold,Ostfold,State/Province,Norway,59500,13100,7150,7400,1,4.0
Rogaland,Rogaland,State/Province,Norway,59500,13100,7150,7400,1,4.0
Sogn og Fjordane,Sogn og Fjordane,State/Province,Norway,59500,13100,7150,7400,1,4.0
Sor-Trondelag,Sor-Trondelag,State/Province,Norway,59500,13100,7150,7400,1,4.0
Telemark,Telemark,State/Province,Norway,59500,13100,7150,7400,1,4.0
Troms,Troms,State/Province,Norway,59500,13100,7150,7400,1,4.0
Vest-Agder,Vest-Agder,State/Province,Norway,59500,13100,7150,7400,1,4.0
Vestfold,Vestfold,State/Province,Norway,59500,13100,7150,7400,1,4.0
Muscat,Muscat,Capital City,Oman,34300,7550,4100,5600,2,4.4
Oman,Oman,Country,Oman,35800,7900,4300,5900,3,4.1
Ad Dakhiliyah,Ad Dakhiliyah,State/Province,Oman,36000,7900,4300,5800,1,4.0
Ad Dākhilīyah,Ad Dākhilīyah,State/Province,Oman,36000,7900,4300,5800,1,4.0
Al Batinah,Al Batinah,State/Province,Oman,36000,7900,4300,5800,1,4.0
Al Buraymī,Al Buraymī,State/Province,Oman,36000,7900,4300,5800,1,4.0
Al Wusta,Al Wusta,State/Province,Oman,36000,7900,4300,5800,1,4.0
Al Wusţá,Al Wusţá,State/Province,Oman,36000,7900,4300,5800,1,4.0
Ash Sharqiyah,Ash Sharqiyah,State/Province,Oman,36000,7900,4300,5800,1,4.0
Az Zahirah,Az Zahirah,State/Province,Oman,36000,7900,4300,5800,1,4.0
Az̧ Z̧āhirah,Az̧ Z̧āhirah,State/Province,Oman,36000,7900,4300,5800,1,4.0
Janūb al Bāţinah,Janūb al Bāţinah,State/Province,Oman,36000,7900,4300,5800,1,4.0
Janūb ash Sharqīyah,Janūb ash Sharqīyah,State/Province,Oman,36000,7900,4300,5800,1,4.0
Masqat,Masqat,State/Province,Oman,36000,7900,4300,5800,1,4.0
Masqaţ,Masqaţ,State/Province,Oman,36000,7900,4300,5800,1,4.0
Musandam,Musandam,State/Province,Oman,36000,7900,4300,5800,1,4.0
Shamāl al Bāţinah,Shamāl al Bāţinah,State/Province,Oman,36000,7900,4300,5800,1,4.0
Shamāl ash Sharqīyah,Shamāl ash Sharqīyah,State/Province,Oman,36000,7900,4300,5800,1,4.0
Zufar,Zufar,State/Province,Oman,36000,7900,4300,5800,1,4.0
Z̧ufār,Z̧ufār,State/Province,Oman,36000,7900,4300,5800,1,4.0
Islamabad,Islamabad,Capital City,Pakistan,37900,8350,4550,6200,2,4.4
Pakistan,Pakistan,Country,Pakistan,39400,8650,4750,6400,3,4.1
Islamabad,Islamabad,Island/Territory,Pakistan,43900,9650,5250,7200,1,4.0
Azad Jammu and Kashmir,Azad Jammu and Kashmir,State/Province,Pakistan,28300,6250,3400,4700,1,4.0
Balochistan,Balochistan,State/Province,Pakistan,28300,6250,3400,4700,1,4.0
Federally Administered Tribal Areas,Federally Administered Tribal Areas,State/Province,Pakistan,28300,6250,3400,4700,1,4.0
Gilgit-Baltistan,Gilgit-Baltistan,State/Province,Pakistan,28300,6250,3400,4700,1,4.0
Islamabad Capital Territory,Islamabad Capital Territory,State/Province,Pakistan,28300,6250,3400,4700,1,4.0
Khyber Pakhtunkhwa,Khyber Pakhtunkhwa,State/Province,Pakistan,28300,6250,3400,4700,1,4.0
Punjab,Punjab,State/Province,Pakistan,28300,6250,3400,4700,1,4.0
Sindh,Sindh,State/Province,Pakistan,28300,6250,3400,4700,1,4.0
Ngerulmud,Ngerulmud,Capital City,Palau,94700,20850,11350,10200,2,4.4
Palau,Palau,Country,Palau,96200,21150,11550,10400,3,4.1
Aimeliik,Aimeliik,State/Province,Palau,87500,19250,10500,9700,1,4.0
Airai,Airai,State/Province,Palau,87500,19250,10500,9700,1,4.0
Angaur,Angaur,State/Province,Palau,87500,19250,10500,9700,1,4.0
Hatobohei,Hatobohei,State/Province,Palau,87500,19250,10500,9700,1,4.0
Hatohobei,Hatohobei,State/Province,Palau,87500,19250,10500,9700,1,4.0
Kayangel,Kayangel,State/Province,Palau,87500,19250,10500,9700,1,4.0
Koror,Koror,State/Province,Palau,87500,19250,10500,9700,1,4.0
Melekeok,Melekeok,State/Province,Palau,87500,19250,10500,9700,1,4.0
Ngaraard,Ngaraard,State/Province,Palau,87500,19250,10500,9700,1,4.0
Ngarchelong,Ngarchelong,State/Province,Palau,87500,19250,10500,9700,1,4.0
Ngardmau,Ngardmau,State/Province,Palau,87500,19250,10500,9700,1,4.0
Ngatpang,Ngatpang,State/Province,Palau,87500,19250,10500,9700,1,4.0
Ngchesar,Ngchesar,State/Province,Palau,87500,19250,10500,9700,1,4.0
Ngeremlengui,Ngeremlengui,State/Province,Palau,87500,19250,10500,9700,1,4.0
Ngiwal,Ngiwal,State/Province,Palau,87500,19250,10500,9700,1,4.0
Palau Island,Palau Island,State/Province,Palau,87500,19250,10500,9700,1,4.0
Peleliu,Peleliu,State/Province,Palau,87500,19250,10500,9700,1,4.0
Sonsoral,Sonsoral,State/Province,Palau,87500,19250,10500,9700,1,4.0
Sonsorol,Sonsorol,State/Province,Palau,87500,19250,10500,9700,1,4.0
Tobi,Tobi,State/Province,Palau,87500,19250,10500,9700,1,4.0
"Palestine, State of","Palestine, State of",Country,"Palestine, State of",62600,13750,7500,6400,3,4.1
Bethlehem,Bethlehem,State/Province,"Palestine, State of",58300,12850,7000,6200,1,4.0
Deir El Balah,Deir El Balah,State/Province,"Palestine, State of",58300,12850,7000,6200,1,4.0
Gaza,Gaza,State/Province,"Palestine, State of",58300,12850,7000,6200,1,4.0
Hebron,Hebron,State/Province,"Palestine, State of",58300,12850,7000,6200,1,4.0
Jenin,Jenin,State/Province,"Palestine, State of",58300,12850,7000,6200,1,4.0
Jericho and Al Aghwar,Jericho and Al Aghwar,State/Province,"Palestine, State of",58300,12850,7000,6200,1,4.0
Jerusalem,Jerusalem,State/Province,"Palestine, State of",58300,12850,7000,6200,1,4.0
Khan Yunis,Khan Yunis,State/Province,"Palestine, State of",58300,12850,7000,6200,1,4.0
Nablus,Nablus,State/Province,"Palestine, State of",58300,12850,7000,6200,1,4.0
North Gaza,North Gaza,State/Province,"Palestine, State of",58300,12850,7000,6200,1,4.0
Qalqilya,Qalqilya,State/Province,"Palestine, State of",58300,12850,7000,6200,1,4.0
Rafah,Rafah,State/Province,"Palestine, State of",58300,12850,7000,6200,1,4.0
Ramallah,Ramallah,State/Province,"Palestine, State of",58300,12850,7000,6200,1,4.0
Salfit,Salfit,State/Province,"Palestine, State of",58300,12850,7000,6200,1,4.0
Tubas,Tubas,State/Province,"Palestine, State of",58300,12850,7000,6200,1,4.0
Tulkarm,Tulkarm,State/Province,"Palestine, State of",58300,12850,7000,6200,1,4.0
Emberá,Emberá,Administrative Region,Panama,69100,15200,8300,7400,1,4.0
Guna Yala,Guna Yala,Administrative Region,Panama,69100,15200,8300,7400,1,4.0
Naso Tjër Di,Naso Tjër Di,Administrative Region,Panama,69100,15200,8300,7400,1,4.0
Ngäbe-Buglé,Ngäbe-Buglé,Administrative Region,Panama,69100,15200,8300,7400,1,4.0
Panama City,Panama City,Capital City,Panama,88700,19500,10650,9600,2,4.4
Panama,Panama,Country,Panama,90200,19850,10800,9800,3,4.1
Bocas del Toro,Bocas del Toro,State/Province,Panama,82200,18100,9850,9100,1,4.0
Chiriqui,Chiriqui,State/Province,Panama,82200,18100,9850,9100,1,4.0
Chiriquí,Chiriquí,State/Province,Panama,82200,18100,9850,9100,1,4.0
Cocle,Cocle,State/Province,Panama,82200,18100,9850,9100,1,4.0
Coclé,Coclé,State/Province,Panama,82200,18100,9850,9100,1,4.0
Colon,Colon,State/Province,Panama,82200,18100,9850,9100,1,4.0
Colón,Colón,State/Province,Panama,82200,18100,9850,9100,1,4.0
Darien,Darien,State/Province,Panama,82200,18100,9850,9100,1,4.0
Darién,Darién,State/Province,Panama,82200,18100,9850,9100,1,4.0
Herrera,Herrera,State/Province,Panama,82200,18100,9850,9100,1,4.0
Los Santos,Los Santos,State/Province,Panama,82200,18100,9850,9100,1,4.0
Panama,Panama,State/Province,Panama,82200,18100,9850,9100,1,4.0
Panamá,Panamá,State/Province,Panama,82200,18100,9850,9100,1,4.0
Panamá Oeste,Panamá Oeste,State/Province,Panama,82200,18100,9850,9100,1,4.0
San Blas,San Blas,State/Province,Panama,82200,18100,9850,9100,1,4.0
Veraguas,Veraguas,State/Province,Panama,82200,18100,9850,9100,1,4.0
Bougainville,Bougainville,Administrative Region,Papua New Guinea,81700,17950,9800,9100,1,4.0
National Capital District (Port Moresby),National Capital District (Port Moresby),Administrative Region,Papua New Guinea,81700,17950,9800,9100,1,4.0
Port Moresby,Port Moresby,Capital City,Papua New Guinea,91000,20000,10900,9700,2,4.4
Papua New Guinea,Papua New Guinea,Country,Papua New Guinea,92500,20350,11100,9900,3,4.1
Bougainville,Bougainville,State/Province,Papua New Guinea,83700,18400,10050,9200,1,4.0
Central,Central,State/Province,Papua New Guinea,83700,18400,10050,9200,1,4.0
Chimbu,Chimbu,State/Province,Papua New Guinea,83700,18400,10050,9200,1,4.0
East New Britain,East New Britain,State/Province,Papua New Guinea,83700,18400,10050,9200,1,4.0
East Sepik,East Sepik,State/Province,Papua New Guinea,83700,18400,10050,9200,1,4.0
Eastern Highlands,Eastern Highlands,State/Province,Papua New Guinea,83700,18400,10050,9200,1,4.0
Enga,Enga,State/Province,Papua New Guinea,83700,18400,10050,9200,1,4.0
Gulf,Gulf,State/Province,Papua New Guinea,83700,18400,10050,9200,1,4.0
Hela,Hela,State/Province,Papua New Guinea,83700,18400,10050,9200,1,4.0
Jiwaka,Jiwaka,State/Province,Papua New Guinea,83700,18400,10050,9200,1,4.0
Madang,Madang,State/Province,Papua New Guinea,83700,18400,10050,9200,1,4.0
Manus,Manus,State/Province,Papua New Guinea,83700,18400,10050,9200,1,4.0
Milne Bay,Milne Bay,State/Province,Papua New Guinea,83700,18400,10050,9200,1,4.0
Morobe,Morobe,State/Province,Papua New Guinea,83700,18400,10050,9200,1,4.0
National Capital,National Capital,State/Province,Papua New Guinea,83700,18400,10050,9200,1,4.0
New Ireland,New Ireland,State/Province,Papua New Guinea,83700,18400,10050,9200,1,4.0
Northern,Northern,State/Province,Papua New Guinea,83700,18400,10050,9200,1,4.0
Sandaun,Sandaun,State/Province,Papua New Guinea,83700,18400,10050,9200,1,4.0
Southern Highlands,Southern Highlands,State/Province,Papua New Guinea,83700,18400,10050,9200,1,4.0
West New Britain,West New Britain,State/Province,Papua New Guinea,83700,18400,10050,9200,1,4.0
West Sepik,West Sepik,State/Province,Papua New Guinea,83700,18400,10050,9200,1,4.0
Western,Western,State/Province,Papua New Guinea,83700,18400,10050,9200,1,4.0
Western Highlands,Western Highlands,State/Province,Papua New Guinea,83700,18400,10050,9200,1,4.0
Alto Paraguay,Alto Paraguay,Administrative Region,Paraguay,73200,16100,8800,8000,1,4.0
Alto Paraná,Alto Paraná,Administrative Region,Paraguay,73200,16100,8800,8000,1,4.0
Amambay,Amambay,Administrative Region,Paraguay,73200,16100,8800,8000,1,4.0
Boquerón,Boquerón,Administrative Region,Paraguay,73200,16100,8800,8000,1,4.0
Caaguazú,Caaguazú,Administrative Region,Paraguay,73200,16100,8800,8000,1,4.0
Caazapá,Caazapá,Administrative Region,Paraguay,73200,16100,8800,8000,1,4.0
Canindeyú,Canindeyú,Administrative Region,Paraguay,73200,16100,8800,8000,1,4.0
Central,Central,Administrative Region,Paraguay,73200,16100,8800,8000,1,4.0
Concepción,Concepción,Administrative Region,Paraguay,73200,16100,8800,8000,1,4.0
Cordillera,Cordillera,Administrative Region,Paraguay,73200,16100,8800,8000,1,4.0
Guairá,Guairá,Administrative Region,Paraguay,73200,16100,8800,8000,1,4.0
Itapúa,Itapúa,Administrative Region,Paraguay,73200,16100,8800,8000,1,4.0
Misiones,Misiones,Administrative Region,Paraguay,73200,16100,8800,8000,1,4.0
Paraguarí,Paraguarí,Administrative Region,Paraguay,73200,16100,8800,8000,1,4.0
Presidente Hayes,Presidente Hayes,Administrative Region,Paraguay,73200,16100,8800,8000,1,4.0
San Pedro,San Pedro,Administrative Region,Paraguay,73200,16100,8800,8000,1,4.0
Ñeembucú,Ñeembucú,Administrative Region,Paraguay,73200,16100,8800,8000,1,4.0
Asunción,Asunción,Capital City,Paraguay,92800,20400,11150,10200,2,4.4
Paraguay,Paraguay,Country,Paraguay,94300,20750,11300,10400,3,4.1
Alto Paraguay,Alto Paraguay,State/Province,Paraguay,75000,16500,9000,8100,1,4.0
Alto Parana,Alto Parana,State/Province,Paraguay,75000,16500,9000,8100,1,4.0
Amambay,Amambay,State/Province,Paraguay,75000,16500,9000,8100,1,4.0
Asuncion (city),Asuncion (city),State/Province,Paraguay,75000,16500,9000,8100,1,4.0
Asunción,Asunción,State/Province,Paraguay,75000,16500,9000,8100,1,4.0
Boqueron,Boqueron,State/Province,Paraguay,75000,16500,9000,8100,1,4.0
Caaguazu,Caaguazu,State/Province,Paraguay,75000,16500,9000,8100,1,4.0
Caazapa,Caazapa,State/Province,Paraguay,75000,16500,9000,8100,1,4.0
Canindeyu,Canindeyu,State/Province,Paraguay,75000,16500,9000,8100,1,4.0
Central,Central,State/Province,Paraguay,75000,16500,9000,8100,1,4.0
Concepcion,Concepcion,State/Province,Paraguay,75000,16500,9000,8100,1,4.0
Cordillera,Cordillera,State/Province,Paraguay,75000,16500,9000,8100,1,4.0
Guaira,Guaira,State/Province,Paraguay,75000,16500,9000,8100,1,4.0
Itapua,Itapua,State/Province,Paraguay,75000,16500,9000,8100,1,4.0
Misiones,Misiones,State/Province,Paraguay,75000,16500,9000,8100,1,4.0
Neembucu,Neembucu,State/Province,Paraguay,75000,16500,9000,8100,1,4.0
Paraguari,Paraguari,State/Province,Paraguay,75000,16500,9000,8100,1,4.0
Presidente Hayes,Presidente Hayes,State/Province,Paraguay,75000,16500,9000,8100,1,4.0
San Pedro,San Pedro,State/Province,Paraguay,75000,16500,9000,8100,1,4.0
Amarumayu,Amarumayu,Administrative Region,Peru,71600,15750,8600,7700,1,4.0
Ancash,Ancash,Administrative Region,Peru,71600,15750,8600,7700,1,4.0
Apurimaq,Apurimaq,Administrative Region,Peru,71600,15750,8600,7700,1,4.0
Arequipa,Arequipa,Administrative Region,Peru,71600,15750,8600,7700,1,4.0
Ayacucho,Ayacucho,Administrative Region,Peru,71600,15750,8600,7700,1,4.0
Cajamarca,Cajamarca,Administrative Region,Peru,71600,15750,8600,7700,1,4.0
Cusco,Cusco,Administrative Region,Peru,71600,15750,8600,7700,1,4.0
El Callao,El Callao,Administrative Region,Peru,71600,15750,8600,7700,1,4.0
Huancavelica,Huancavelica,Administrative Region,Peru,71600,15750,8600,7700,1,4.0
Hunin,Hunin,Administrative Region,Peru,71600,15750,8600,7700,1,4.0
Huánuco,Huánuco,Administrative Region,Peru,71600,15750,8600,7700,1,4.0
Ica,Ica,Administrative Region,Peru,71600,15750,8600,7700,1,4.0
La Libertad,La Libertad,Administrative Region,Peru,71600,15750,8600,7700,1,4.0
Lambayeque,Lambayeque,Administrative Region,Peru,71600,15750,8600,7700,1,4.0
Lima,Lima,Administrative Region,Peru,71600,15750,8600,7700,1,4.0
Lima hatun llaqta,Lima hatun llaqta,Administrative Region,Peru,71600,15750,8600,7700,1,4.0
Loreto,Loreto,Administrative Region,Peru,71600,15750,8600,7700,1,4.0
Madre de Dios,Madre de Dios,Administrative Region,Peru,71600,15750,8600,7700,1,4.0
Moquegua,Moquegua,Administrative Region,Peru,71600,15750,8600,7700,1,4.0
Pasco,Pasco,Administrative Region,Peru,71600,15750,8600,7700,1,4.0
Piura,Piura,Administrative Region,Peru,71600,15750,8600,7700,1,4.0
Puno,Puno,Administrative Region,Peru,71600,15750,8600,7700,1,4.0
San Martin,San Martin,Administrative Region,Peru,71600,15750,8600,7700,1,4.0
Tacna,Tacna,Administrative Region,Peru,71600,15750,8600,7700,1,4.0
Tumbes,Tumbes,Administrative Region,Peru,71600,15750,8600,7700,1,4.0
Ucayali,Ucayali,Administrative Region,Peru,71600,15750,8600,7700,1,4.0
Larco Museum,Lima,Beach,Peru,69699,999999,999999,9345,0.4,4.6
Lima,Lima,Capital City,Peru,91200,20050,10950,9900,2,4.4
Lima,Lima,City,Peru,69699,999999,999999,9345,3,4.6
Peru,Peru,Country,Peru,92700,20400,11100,10200,3,4.1
Machu Picchu,Cusco,Historic Site,Peru,99000,21800,11900,10900,1,4.7
Sacred Valley,Cusco,Historic Site,Peru,99000,21800,11900,10900,1,4.7
Huaca Pucllana,Lima,Historical,Peru,69699,999999,999999,9345,0.6,5.0
Machu Picchu,Cusco,Historical,Peru,95000,999999,999999,10000,1,5.0
Plaza Mayor,Lima,Historical,Peru,69699,999999,999999,9345,0.6,4.7
Plaza Mayor Lima,Lima,Historical,Peru,95000,999999,999999,6000,0.4,4.6
Miraflores,Lima,Museum,Peru,69699,999999,999999,9345,0.3,4.7
Barranco,Lima,Nature,Peru,69699,999999,999999,9345,0.6,4.5
Magic Water Circuit,Lima,Nature,Peru,69699,999999,999999,9345,0.4,4.6
Amazonas,Amazonas,State/Province,Peru,73400,16150,8800,7800,1,4.0
Ancash,Ancash,State/Province,Peru,73400,16150,8800,7800,1,4.0
Apurimac,Apurimac,State/Province,Peru,73400,16150,8800,7800,1,4.0
Arequipa,Arequipa,State/Province,Peru,73400,16150,8800,7800,1,4.0
Ayacucho,Ayacucho,State/Province,Peru,73400,16150,8800,7800,1,4.0
Cajamarca,Cajamarca,State/Province,Peru,73400,16150,8800,7800,1,4.0
Callao,Callao,State/Province,Peru,73400,16150,8800,7800,1,4.0
Cusco,Cusco,State/Province,Peru,73400,16150,8800,7800,1,4.0
Huancavelica,Huancavelica,State/Province,Peru,73400,16150,8800,7800,1,4.0
Huanuco,Huanuco,State/Province,Peru,73400,16150,8800,7800,1,4.0
Ica,Ica,State/Province,Peru,73400,16150,8800,7800,1,4.0
Junin,Junin,State/Province,Peru,73400,16150,8800,7800,1,4.0
La Libertad,La Libertad,State/Province,Peru,73400,16150,8800,7800,1,4.0
Lambayeque,Lambayeque,State/Province,Peru,73400,16150,8800,7800,1,4.0
Lima,Lima,State/Province,Peru,73400,16150,8800,7800,1,4.0
Loreto,Loreto,State/Province,Peru,73400,16150,8800,7800,1,4.0
Madre de Dios,Madre de Dios,State/Province,Peru,73400,16150,8800,7800,1,4.0
Moquegua,Moquegua,State/Province,Peru,73400,16150,8800,7800,1,4.0
Pasco,Pasco,State/Province,Peru,73400,16150,8800,7800,1,4.0
Piura,Piura,State/Province,Peru,73400,16150,8800,7800,1,4.0
Puno,Puno,State/Province,Peru,73400,16150,8800,7800,1,4.0
San Martin,San Martin,State/Province,Peru,73400,16150,8800,7800,1,4.0
Tacna,Tacna,State/Province,Peru,73400,16150,8800,7800,1,4.0
Tumbes,Tumbes,State/Province,Peru,73400,16150,8800,7800,1,4.0
Ucayali,Ucayali,State/Province,Peru,73400,16150,8800,7800,1,4.0
Autonomous Region in Muslim Mindanao (ARMM),Autonomous Region in Muslim Mindanao (ARMM),Administrative Region,Philippines,32700,7200,3900,5300,1,4.0
Bicol (Region V),Bicol (Region V),Administrative Region,Philippines,32700,7200,3900,5300,1,4.0
Cagayan Valley (Region II),Cagayan Valley (Region II),Administrative Region,Philippines,32700,7200,3900,5300,1,4.0
Calabarzon (Region IV-A),Calabarzon (Region IV-A),Administrative Region,Philippines,32700,7200,3900,5300,1,4.0
Caraga (Region XIII),Caraga (Region XIII),Administrative Region,Philippines,32700,7200,3900,5300,1,4.0
Central Luzon (Region III),Central Luzon (Region III),Administrative Region,Philippines,32700,7200,3900,5300,1,4.0
Central Visayas (Region VII),Central Visayas (Region VII),Administrative Region,Philippines,32700,7200,3900,5300,1,4.0
Cordillera Administrative Region (CAR),Cordillera Administrative Region (CAR),Administrative Region,Philippines,32700,7200,3900,5300,1,4.0
Davao (Region XI),Davao (Region XI),Administrative Region,Philippines,32700,7200,3900,5300,1,4.0
Eastern Visayas (Region VIII),Eastern Visayas (Region VIII),Administrative Region,Philippines,32700,7200,3900,5300,1,4.0
Ilocos (Region I),Ilocos (Region I),Administrative Region,Philippines,32700,7200,3900,5300,1,4.0
Mimaropa (Region IV-B),Mimaropa (Region IV-B),Administrative Region,Philippines,32700,7200,3900,5300,1,4.0
National Capital Region,National Capital Region,Administrative Region,Philippines,32700,7200,3900,5300,1,4.0
Northern Mindanao (Region X),Northern Mindanao (Region X),Administrative Region,Philippines,32700,7200,3900,5300,1,4.0
Soccsksargen (Region XII),Soccsksargen (Region XII),Administrative Region,Philippines,32700,7200,3900,5300,1,4.0
Western Visayas (Region VI),Western Visayas (Region VI),Administrative Region,Philippines,32700,7200,3900,5300,1,4.0
Zamboanga Peninsula (Region IX),Zamboanga Peninsula (Region IX),Administrative Region,Philippines,32700,7200,3900,5300,1,4.0
San Agustin Church,Manila,Beach,Philippines,43120,999999,999999,12588,0.3,4.5
Manila,Manila,Capital City,Philippines,30000,6600,3600,5000,2,4.4
Manila,Manila,City,Philippines,43120,999999,999999,12588,3,4.6
Philippines,Philippines,Country,Philippines,31500,6950,3800,5200,3,4.1
Manila Ocean Park,Manila,Monument,Philippines,43120,999999,999999,12588,0.4,4.9
National Museum of Fine Arts,Manila,Museum,Philippines,30000,999999,999999,5500,0.5,4.6
Fort Santiago,Manila,Nature,Philippines,43120,999999,999999,12588,0.5,4.6
Rizal Park,Manila,Park,Philippines,43120,999999,999999,12588,0.4,4.7
Intramuros,Manila,Shopping,Philippines,43120,999999,999999,12588,0.4,4.7
National Museum,Manila,Shopping,Philippines,43120,999999,999999,12588,0.3,4.9
Abra,Abra,State/Province,Philippines,31700,6950,3800,5200,1,4.0
Agusan del Norte,Agusan del Norte,State/Province,Philippines,31700,6950,3800,5200,1,4.0
Agusan del Sur,Agusan del Sur,State/Province,Philippines,31700,6950,3800,5200,1,4.0
Aklan,Aklan,State/Province,Philippines,31700,6950,3800,5200,1,4.0
Albay,Albay,State/Province,Philippines,31700,6950,3800,5200,1,4.0
Angeles,Angeles,State/Province,Philippines,31700,6950,3800,5200,1,4.0
Antique,Antique,State/Province,Philippines,31700,6950,3800,5200,1,4.0
Apayao,Apayao,State/Province,Philippines,31700,6950,3800,5200,1,4.0
Aurora,Aurora,State/Province,Philippines,31700,6950,3800,5200,1,4.0
Bacolod,Bacolod,State/Province,Philippines,31700,6950,3800,5200,1,4.0
Bago,Bago,State/Province,Philippines,31700,6950,3800,5200,1,4.0
Baguio,Baguio,State/Province,Philippines,31700,6950,3800,5200,1,4.0
Bais,Bais,State/Province,Philippines,31700,6950,3800,5200,1,4.0
Basilan,Basilan,State/Province,Philippines,31700,6950,3800,5200,1,4.0
Basilan City,Basilan City,State/Province,Philippines,31700,6950,3800,5200,1,4.0
Bataan,Bataan,State/Province,Philippines,31700,6950,3800,5200,1,4.0
Batanes,Batanes,State/Province,Philippines,31700,6950,3800,5200,1,4.0
Batangas,Batangas,State/Province,Philippines,31700,6950,3800,5200,1,4.0
Batangas City,Batangas City,State/Province,Philippines,31700,6950,3800,5200,1,4.0
Benguet,Benguet,State/Province,Philippines,31700,6950,3800,5200,1,4.0
Biliran,Biliran,State/Province,Philippines,31700,6950,3800,5200,1,4.0
Bohol,Bohol,State/Province,Philippines,31700,6950,3800,5200,1,4.0
Bukidnon,Bukidnon,State/Province,Philippines,31700,6950,3800,5200,1,4.0
Bulacan,Bulacan,State/Province,Philippines,31700,6950,3800,5200,1,4.0
Butuan,Butuan,State/Province,Philippines,31700,6950,3800,5200,1,4.0
Cabanatuan,Cabanatuan,State/Province,Philippines,31700,6950,3800,5200,1,4.0
Cadiz,Cadiz,State/Province,Philippines,31700,6950,3800,5200,1,4.0
Cagayan,Cagayan,State/Province,Philippines,31700,6950,3800,5200,1,4.0
Cagayan de Oro,Cagayan de Oro,State/Province,Philippines,31700,6950,3800,5200,1,4.0
Calbayog,Calbayog,State/Province,Philippines,31700,6950,3800,5200,1,4.0
Caloocan,Caloocan,State/Province,Philippines,31700,6950,3800,5200,1,4.0
Camarines Norte,Camarines Norte,State/Province,Philippines,31700,6950,3800,5200,1,4.0
Camarines Sur,Camarines Sur,State/Province,Philippines,31700,6950,3800,5200,1,4.0
Camiguin,Camiguin,State/Province,Philippines,31700,6950,3800,5200,1,4.0
Canlaon,Canlaon,State/Province,Philippines,31700,6950,3800,5200,1,4.0
Capiz,Capiz,State/Province,Philippines,31700,6950,3800,5200,1,4.0
Catanduanes,Catanduanes,State/Province,Philippines,31700,6950,3800,5200,1,4.0
Cavite,Cavite,State/Province,Philippines,31700,6950,3800,5200,1,4.0
Cavite City,Cavite City,State/Province,Philippines,31700,6950,3800,5200,1,4.0
Cebu,Cebu,State/Province,Philippines,31700,6950,3800,5200,1,4.0
Cebu City,Cebu City,State/Province,Philippines,31700,6950,3800,5200,1,4.0
Cotabato,Cotabato,State/Province,Philippines,31700,6950,3800,5200,1,4.0
Dagupan,Dagupan,State/Province,Philippines,31700,6950,3800,5200,1,4.0
Danao,Danao,State/Province,Philippines,31700,6950,3800,5200,1,4.0
Dapitan,Dapitan,State/Province,Philippines,31700,6950,3800,5200,1,4.0
Davao City Davao,Davao City Davao,State/Province,Philippines,31700,6950,3800,5200,1,4.0
Davao de Oro,Davao de Oro,State/Province,Philippines,31700,6950,3800,5200,1,4.0
Davao del Norte,Davao del Norte,State/Province,Philippines,31700,6950,3800,5200,1,4.0
Davao del Sur,Davao del Sur,State/Province,Philippines,31700,6950,3800,5200,1,4.0
Davao Occidental,Davao Occidental,State/Province,Philippines,31700,6950,3800,5200,1,4.0
Davao Oriental,Davao Oriental,State/Province,Philippines,31700,6950,3800,5200,1,4.0
Dinagat Islands,Dinagat Islands,State/Province,Philippines,31700,6950,3800,5200,1,4.0
Dipolog,Dipolog,State/Province,Philippines,31700,6950,3800,5200,1,4.0
Dumaguete,Dumaguete,State/Province,Philippines,31700,6950,3800,5200,1,4.0
Eastern Samar,Eastern Samar,State/Province,Philippines,31700,6950,3800,5200,1,4.0
General Santos,General Santos,State/Province,Philippines,31700,6950,3800,5200,1,4.0
Gingoog,Gingoog,State/Province,Philippines,31700,6950,3800,5200,1,4.0
Guimaras,Guimaras,State/Province,Philippines,31700,6950,3800,5200,1,4.0
Ifugao,Ifugao,State/Province,Philippines,31700,6950,3800,5200,1,4.0
Iligan,Iligan,State/Province,Philippines,31700,6950,3800,5200,1,4.0
Ilocos Norte,Ilocos Norte,State/Province,Philippines,31700,6950,3800,5200,1,4.0
Ilocos Sur,Ilocos Sur,State/Province,Philippines,31700,6950,3800,5200,1,4.0
Iloilo,Iloilo,State/Province,Philippines,31700,6950,3800,5200,1,4.0
Iloilo City,Iloilo City,State/Province,Philippines,31700,6950,3800,5200,1,4.0
Iriga,Iriga,State/Province,Philippines,31700,6950,3800,5200,1,4.0
Isabela,Isabela,State/Province,Philippines,31700,6950,3800,5200,1,4.0
Kalinga,Kalinga,State/Province,Philippines,31700,6950,3800,5200,1,4.0
Kalinga-Apayao,Kalinga-Apayao,State/Province,Philippines,31700,6950,3800,5200,1,4.0
La Carlota,La Carlota,State/Province,Philippines,31700,6950,3800,5200,1,4.0
La Union,La Union,State/Province,Philippines,31700,6950,3800,5200,1,4.0
Laguna,Laguna,State/Province,Philippines,31700,6950,3800,5200,1,4.0
Lanao del Norte,Lanao del Norte,State/Province,Philippines,31700,6950,3800,5200,1,4.0
Lanao del Sur,Lanao del Sur,State/Province,Philippines,31700,6950,3800,5200,1,4.0
Laoag,Laoag,State/Province,Philippines,31700,6950,3800,5200,1,4.0
Lapu-Lapu,Lapu-Lapu,State/Province,Philippines,31700,6950,3800,5200,1,4.0
Legaspi,Legaspi,State/Province,Philippines,31700,6950,3800,5200,1,4.0
Leyte,Leyte,State/Province,Philippines,31700,6950,3800,5200,1,4.0
Lipa,Lipa,State/Province,Philippines,31700,6950,3800,5200,1,4.0
Lucena,Lucena,State/Province,Philippines,31700,6950,3800,5200,1,4.0
Maguindanao,Maguindanao,State/Province,Philippines,31700,6950,3800,5200,1,4.0
Maguindanao del Norte,Maguindanao del Norte,State/Province,Philippines,31700,6950,3800,5200,1,4.0
Maguindanao del Sur,Maguindanao del Sur,State/Province,Philippines,31700,6950,3800,5200,1,4.0
Mandaue,Mandaue,State/Province,Philippines,31700,6950,3800,5200,1,4.0
Manila,Manila,State/Province,Philippines,31700,6950,3800,5200,1,4.0
Marawi,Marawi,State/Province,Philippines,31700,6950,3800,5200,1,4.0
Marinduque,Marinduque,State/Province,Philippines,31700,6950,3800,5200,1,4.0
Masbate,Masbate,State/Province,Philippines,31700,6950,3800,5200,1,4.0
Mindoro Occidental,Mindoro Occidental,State/Province,Philippines,31700,6950,3800,5200,1,4.0
Mindoro Oriental,Mindoro Oriental,State/Province,Philippines,31700,6950,3800,5200,1,4.0
Misamis Occidental,Misamis Occidental,State/Province,Philippines,31700,6950,3800,5200,1,4.0
Misamis Oriental,Misamis Oriental,State/Province,Philippines,31700,6950,3800,5200,1,4.0
Mountain,Mountain,State/Province,Philippines,31700,6950,3800,5200,1,4.0
Mountain Province,Mountain Province,State/Province,Philippines,31700,6950,3800,5200,1,4.0
Naga,Naga,State/Province,Philippines,31700,6950,3800,5200,1,4.0
Negros Occidental,Negros Occidental,State/Province,Philippines,31700,6950,3800,5200,1,4.0
Negros Oriental,Negros Oriental,State/Province,Philippines,31700,6950,3800,5200,1,4.0
North Cotabato,North Cotabato,State/Province,Philippines,31700,6950,3800,5200,1,4.0
Northern Samar,Northern Samar,State/Province,Philippines,31700,6950,3800,5200,1,4.0
Nueva Ecija,Nueva Ecija,State/Province,Philippines,31700,6950,3800,5200,1,4.0
Nueva Vizcaya,Nueva Vizcaya,State/Province,Philippines,31700,6950,3800,5200,1,4.0
Olongapo,Olongapo,State/Province,Philippines,31700,6950,3800,5200,1,4.0
Ormoc,Ormoc,State/Province,Philippines,31700,6950,3800,5200,1,4.0
Oroquieta,Oroquieta,State/Province,Philippines,31700,6950,3800,5200,1,4.0
Ozamis,Ozamis,State/Province,Philippines,31700,6950,3800,5200,1,4.0
Pagadian,Pagadian,State/Province,Philippines,31700,6950,3800,5200,1,4.0
Palawan,Palawan,State/Province,Philippines,31700,6950,3800,5200,1,4.0
Palayan,Palayan,State/Province,Philippines,31700,6950,3800,5200,1,4.0
Pampanga,Pampanga,State/Province,Philippines,31700,6950,3800,5200,1,4.0
Pangasinan,Pangasinan,State/Province,Philippines,31700,6950,3800,5200,1,4.0
Pasay,Pasay,State/Province,Philippines,31700,6950,3800,5200,1,4.0
Puerto Princesa,Puerto Princesa,State/Province,Philippines,31700,6950,3800,5200,1,4.0
Quezon,Quezon,State/Province,Philippines,31700,6950,3800,5200,1,4.0
Quezon City,Quezon City,State/Province,Philippines,31700,6950,3800,5200,1,4.0
Quirino,Quirino,State/Province,Philippines,31700,6950,3800,5200,1,4.0
Rizal,Rizal,State/Province,Philippines,31700,6950,3800,5200,1,4.0
Romblon,Romblon,State/Province,Philippines,31700,6950,3800,5200,1,4.0
Roxas,Roxas,State/Province,Philippines,31700,6950,3800,5200,1,4.0
Samar,Samar,State/Province,Philippines,31700,6950,3800,5200,1,4.0
San Carlos (in Negros Occidental),San Carlos (in Negros Occidental),State/Province,Philippines,31700,6950,3800,5200,1,4.0
San Carlos (in Pangasinan),San Carlos (in Pangasinan),State/Province,Philippines,31700,6950,3800,5200,1,4.0
San Jose,San Jose,State/Province,Philippines,31700,6950,3800,5200,1,4.0
San Pablo,San Pablo,State/Province,Philippines,31700,6950,3800,5200,1,4.0
Sarangani,Sarangani,State/Province,Philippines,31700,6950,3800,5200,1,4.0
Silay,Silay,State/Province,Philippines,31700,6950,3800,5200,1,4.0
Siquijor,Siquijor,State/Province,Philippines,31700,6950,3800,5200,1,4.0
Sorsogon,Sorsogon,State/Province,Philippines,31700,6950,3800,5200,1,4.0
South Cotabato,South Cotabato,State/Province,Philippines,31700,6950,3800,5200,1,4.0
Southern Leyte,Southern Leyte,State/Province,Philippines,31700,6950,3800,5200,1,4.0
Sultan Kudarat,Sultan Kudarat,State/Province,Philippines,31700,6950,3800,5200,1,4.0
Sulu,Sulu,State/Province,Philippines,31700,6950,3800,5200,1,4.0
Surigao,Surigao,State/Province,Philippines,31700,6950,3800,5200,1,4.0
Surigao del Norte,Surigao del Norte,State/Province,Philippines,31700,6950,3800,5200,1,4.0
Surigao del Sur,Surigao del Sur,State/Province,Philippines,31700,6950,3800,5200,1,4.0
Tacloban,Tacloban,State/Province,Philippines,31700,6950,3800,5200,1,4.0
Tagaytay,Tagaytay,State/Province,Philippines,31700,6950,3800,5200,1,4.0
Tagbilaran,Tagbilaran,State/Province,Philippines,31700,6950,3800,5200,1,4.0
Tangub,Tangub,State/Province,Philippines,31700,6950,3800,5200,1,4.0
Tarlac,Tarlac,State/Province,Philippines,31700,6950,3800,5200,1,4.0
Tawi-Tawi,Tawi-Tawi,State/Province,Philippines,31700,6950,3800,5200,1,4.0
Tawitawi,Tawitawi,State/Province,Philippines,31700,6950,3800,5200,1,4.0
Toledo,Toledo,State/Province,Philippines,31700,6950,3800,5200,1,4.0
Trece Martires,Trece Martires,State/Province,Philippines,31700,6950,3800,5200,1,4.0
Zambales,Zambales,State/Province,Philippines,31700,6950,3800,5200,1,4.0
Zamboanga,Zamboanga,State/Province,Philippines,31700,6950,3800,5200,1,4.0
Zamboanga del Norte,Zamboanga del Norte,State/Province,Philippines,31700,6950,3800,5200,1,4.0
Zamboanga del Sur,Zamboanga del Sur,State/Province,Philippines,31700,6950,3800,5200,1,4.0
Zamboanga Sibugay,Zamboanga Sibugay,State/Province,Philippines,31700,6950,3800,5200,1,4.0
Adamstown,Adamstown,Capital City,Pitcairn,67800,14900,8150,7200,2,4.4
Pitcairn,Pitcairn,Country,Pitcairn,69300,15250,8300,7400,3,4.1
Pitcaim Islands,Pitcaim Islands,State/Province,Pitcairn Islands,84900,18700,10200,9300,1,4.0
Warsaw,Warsaw,Capital City,Poland,70500,15500,8450,8800,2,4.4
Poland,Poland,Country,Poland,72000,15850,8650,9100,3,4.1
Dolnoslaskie,Dolnoslaskie,State/Province,Poland,55700,12250,6700,6900,1,4.0
Dolnośląskie,Dolnośląskie,State/Province,Poland,55700,12250,6700,6900,1,4.0
Kujawsko-Pomorskie,Kujawsko-Pomorskie,State/Province,Poland,55700,12250,6700,6900,1,4.0
Lodzkie,Lodzkie,State/Province,Poland,55700,12250,6700,6900,1,4.0
Lubelskie,Lubelskie,State/Province,Poland,55700,12250,6700,6900,1,4.0
Lubuskie,Lubuskie,State/Province,Poland,55700,12250,6700,6900,1,4.0
Malopolskie,Malopolskie,State/Province,Poland,55700,12250,6700,6900,1,4.0
Mazowieckie,Mazowieckie,State/Province,Poland,55700,12250,6700,6900,1,4.0
Małopolskie,Małopolskie,State/Province,Poland,55700,12250,6700,6900,1,4.0
Opolskie,Opolskie,State/Province,Poland,55700,12250,6700,6900,1,4.0
Podkarpackie,Podkarpackie,State/Province,Poland,55700,12250,6700,6900,1,4.0
Podlaskie,Podlaskie,State/Province,Poland,55700,12250,6700,6900,1,4.0
Pomorskie,Pomorskie,State/Province,Poland,55700,12250,6700,6900,1,4.0
Slaskie,Slaskie,State/Province,Poland,55700,12250,6700,6900,1,4.0
Swietokrzyskie,Swietokrzyskie,State/Province,Poland,55700,12250,6700,6900,1,4.0
Warminsko-Mazurskie,Warminsko-Mazurskie,State/Province,Poland,55700,12250,6700,6900,1,4.0
Warmińsko-Mazurskie,Warmińsko-Mazurskie,State/Province,Poland,55700,12250,6700,6900,1,4.0
Wielkopolskie,Wielkopolskie,State/Province,Poland,55700,12250,6700,6900,1,4.0
Zachodniopomorskie,Zachodniopomorskie,State/Province,Poland,55700,12250,6700,6900,1,4.0
Łódzkie,Łódzkie,State/Province,Poland,55700,12250,6700,6900,1,4.0
Śląskie,Śląskie,State/Province,Poland,55700,12250,6700,6900,1,4.0
Świętokrzyskie,Świętokrzyskie,State/Province,Poland,55700,12250,6700,6900,1,4.0
Aveiro,Aveiro,Administrative Region,Portugal,59500,13100,7150,7500,1,4.0
Beja,Beja,Administrative Region,Portugal,59500,13100,7150,7500,1,4.0
Braga,Braga,Administrative Region,Portugal,59500,13100,7150,7500,1,4.0
Bragança,Bragança,Administrative Region,Portugal,59500,13100,7150,7500,1,4.0
Castelo Branco,Castelo Branco,Administrative Region,Portugal,59500,13100,7150,7500,1,4.0
Coimbra,Coimbra,Administrative Region,Portugal,59500,13100,7150,7500,1,4.0
Faro,Faro,Administrative Region,Portugal,59500,13100,7150,7500,1,4.0
Guarda,Guarda,Administrative Region,Portugal,59500,13100,7150,7500,1,4.0
Leiria,Leiria,Administrative Region,Portugal,59500,13100,7150,7500,1,4.0
Lisboa,Lisboa,Administrative Region,Portugal,59500,13100,7150,7500,1,4.0
Portalegre,Portalegre,Administrative Region,Portugal,59500,13100,7150,7500,1,4.0
Porto,Porto,Administrative Region,Portugal,59500,13100,7150,7500,1,4.0
Região Autónoma da Madeira,Região Autónoma da Madeira,Administrative Region,Portugal,59500,13100,7150,7500,1,4.0
Região Autónoma dos Açores,Região Autónoma dos Açores,Administrative Region,Portugal,59500,13100,7150,7500,1,4.0
Santarém,Santarém,Administrative Region,Portugal,59500,13100,7150,7500,1,4.0
Setúbal,Setúbal,Administrative Region,Portugal,59500,13100,7150,7500,1,4.0
Viana do Castelo,Viana do Castelo,Administrative Region,Portugal,59500,13100,7150,7500,1,4.0
Vila Real,Vila Real,Administrative Region,Portugal,59500,13100,7150,7500,1,4.0
Viseu,Viseu,Administrative Region,Portugal,59500,13100,7150,7500,1,4.0
Évora,Évora,Administrative Region,Portugal,59500,13100,7150,7500,1,4.0
Lisbon,Lisbon,Capital City,Portugal,75100,16500,9000,9500,2,4.4
Lisbon,Lisbon,City,Portugal,56000,999999,999999,9500,3,4.7
Portugal,Portugal,Country,Portugal,65200,14350,7800,8000,3,4.1
Alfama District,Lisbon,Historical,Portugal,56000,999999,999999,9000,0.5,4.7
Belém Tower,Lisbon,Historical,Portugal,56000,999999,999999,9000,0.4,4.6
Jerónimos Monastery,Lisbon,Historical,Portugal,56000,999999,999999,9500,0.4,4.8
Belem Tower,Lisbon,Monument,Portugal,56000,999999,999999,9500,0.3,4.7
Acores (Azores),Acores (Azores),State/Province,Portugal,60200,13250,7200,7500,1,4.0
Aveiro,Aveiro,State/Province,Portugal,60200,13250,7200,7500,1,4.0
Beja,Beja,State/Province,Portugal,60200,13250,7200,7500,1,4.0
Braga,Braga,State/Province,Portugal,60200,13250,7200,7500,1,4.0
Braganca,Braganca,State/Province,Portugal,60200,13250,7200,7500,1,4.0
Castelo Branco,Castelo Branco,State/Province,Portugal,60200,13250,7200,7500,1,4.0
Coimbra,Coimbra,State/Province,Portugal,60200,13250,7200,7500,1,4.0
Evora,Evora,State/Province,Portugal,60200,13250,7200,7500,1,4.0
Faro,Faro,State/Province,Portugal,60200,13250,7200,7500,1,4.0
Guarda,Guarda,State/Province,Portugal,60200,13250,7200,7500,1,4.0
Leiria,Leiria,State/Province,Portugal,60200,13250,7200,7500,1,4.0
Lisboa,Lisboa,State/Province,Portugal,60200,13250,7200,7500,1,4.0
Madeira,Madeira,State/Province,Portugal,60200,13250,7200,7500,1,4.0
Portalegre,Portalegre,State/Province,Portugal,60200,13250,7200,7500,1,4.0
Porto,Porto,State/Province,Portugal,60200,13250,7200,7500,1,4.0
Santarem,Santarem,State/Province,Portugal,60200,13250,7200,7500,1,4.0
Setubal,Setubal,State/Province,Portugal,60200,13250,7200,7500,1,4.0
Viana do Castelo,Viana do Castelo,State/Province,Portugal,60200,13250,7200,7500,1,4.0
Vila Real,Vila Real,State/Province,Portugal,60200,13250,7200,7500,1,4.0
Viseu,Viseu,State/Province,Portugal,60200,13250,7200,7500,1,4.0
San Juan,San Juan,Capital City,Puerto Rico,86200,18950,10350,9200,2,4.4
Puerto Rico,Puerto Rico,Country,Puerto Rico,87700,19300,10500,9400,3,4.1
Adjuntas,Adjuntas,State/Province,Puerto Rico,79700,17550,9550,8800,1,4.0
Aguada,Aguada,State/Province,Puerto Rico,79700,17550,9550,8800,1,4.0
Aguadilla,Aguadilla,State/Province,Puerto Rico,79700,17550,9550,8800,1,4.0
Aguas Buenas,Aguas Buenas,State/Province,Puerto Rico,79700,17550,9550,8800,1,4.0
Aibonito,Aibonito,State/Province,Puerto Rico,79700,17550,9550,8800,1,4.0
Anasco,Anasco,State/Province,Puerto Rico,79700,17550,9550,8800,1,4.0
Arecibo,Arecibo,State/Province,Puerto Rico,79700,17550,9550,8800,1,4.0
Arroyo,Arroyo,State/Province,Puerto Rico,79700,17550,9550,8800,1,4.0
Barceloneta,Barceloneta,State/Province,Puerto Rico,79700,17550,9550,8800,1,4.0
Barranquitas,Barranquitas,State/Province,Puerto Rico,79700,17550,9550,8800,1,4.0
Bayamon,Bayamon,State/Province,Puerto Rico,79700,17550,9550,8800,1,4.0
Cabo Rojo,Cabo Rojo,State/Province,Puerto Rico,79700,17550,9550,8800,1,4.0
Caguas,Caguas,State/Province,Puerto Rico,79700,17550,9550,8800,1,4.0
Camuy,Camuy,State/Province,Puerto Rico,79700,17550,9550,8800,1,4.0
Canovanas,Canovanas,State/Province,Puerto Rico,79700,17550,9550,8800,1,4.0
Carolina,Carolina,State/Province,Puerto Rico,79700,17550,9550,8800,1,4.0
Catano,Catano,State/Province,Puerto Rico,79700,17550,9550,8800,1,4.0
Cayey,Cayey,State/Province,Puerto Rico,79700,17550,9550,8800,1,4.0
Ceiba,Ceiba,State/Province,Puerto Rico,79700,17550,9550,8800,1,4.0
Ciales,Ciales,State/Province,Puerto Rico,79700,17550,9550,8800,1,4.0
Cidra,Cidra,State/Province,Puerto Rico,79700,17550,9550,8800,1,4.0
Coamo,Coamo,State/Province,Puerto Rico,79700,17550,9550,8800,1,4.0
Comerio,Comerio,State/Province,Puerto Rico,79700,17550,9550,8800,1,4.0
Corozal,Corozal,State/Province,Puerto Rico,79700,17550,9550,8800,1,4.0
Culebra,Culebra,State/Province,Puerto Rico,79700,17550,9550,8800,1,4.0
Dorado,Dorado,State/Province,Puerto Rico,79700,17550,9550,8800,1,4.0
Fajardo,Fajardo,State/Province,Puerto Rico,79700,17550,9550,8800,1,4.0
Florida,Florida,State/Province,Puerto Rico,79700,17550,9550,8800,1,4.0
Guanica,Guanica,State/Province,Puerto Rico,79700,17550,9550,8800,1,4.0
Guayama,Guayama,State/Province,Puerto Rico,79700,17550,9550,8800,1,4.0
Guayanilla,Guayanilla,State/Province,Puerto Rico,79700,17550,9550,8800,1,4.0
Guaynabo,Guaynabo,State/Province,Puerto Rico,79700,17550,9550,8800,1,4.0
Gurabo,Gurabo,State/Province,Puerto Rico,79700,17550,9550,8800,1,4.0
Hatillo,Hatillo,State/Province,Puerto Rico,79700,17550,9550,8800,1,4.0
Hormigueros,Hormigueros,State/Province,Puerto Rico,79700,17550,9550,8800,1,4.0
Humacao,Humacao,State/Province,Puerto Rico,79700,17550,9550,8800,1,4.0
Isabela,Isabela,State/Province,Puerto Rico,79700,17550,9550,8800,1,4.0
Jayuya,Jayuya,State/Province,Puerto Rico,79700,17550,9550,8800,1,4.0
Juana Diaz,Juana Diaz,State/Province,Puerto Rico,79700,17550,9550,8800,1,4.0
Juncos,Juncos,State/Province,Puerto Rico,79700,17550,9550,8800,1,4.0
Lajas,Lajas,State/Province,Puerto Rico,79700,17550,9550,8800,1,4.0
Lares,Lares,State/Province,Puerto Rico,79700,17550,9550,8800,1,4.0
Las Marias,Las Marias,State/Province,Puerto Rico,79700,17550,9550,8800,1,4.0
Las Piedras,Las Piedras,State/Province,Puerto Rico,79700,17550,9550,8800,1,4.0
Loiza,Loiza,State/Province,Puerto Rico,79700,17550,9550,8800,1,4.0
Luquillo,Luquillo,State/Province,Puerto Rico,79700,17550,9550,8800,1,4.0
Manati,Manati,State/Province,Puerto Rico,79700,17550,9550,8800,1,4.0
Maricao,Maricao,State/Province,Puerto Rico,79700,17550,9550,8800,1,4.0
Maunabo,Maunabo,State/Province,Puerto Rico,79700,17550,9550,8800,1,4.0
Mayaguez,Mayaguez,State/Province,Puerto Rico,79700,17550,9550,8800,1,4.0
Moca,Moca,State/Province,Puerto Rico,79700,17550,9550,8800,1,4.0
Morovis,Morovis,State/Province,Puerto Rico,79700,17550,9550,8800,1,4.0
Naguabo,Naguabo,State/Province,Puerto Rico,79700,17550,9550,8800,1,4.0
Naranjito,Naranjito,State/Province,Puerto Rico,79700,17550,9550,8800,1,4.0
Orocovis,Orocovis,State/Province,Puerto Rico,79700,17550,9550,8800,1,4.0
Patillas,Patillas,State/Province,Puerto Rico,79700,17550,9550,8800,1,4.0
Penuelas,Penuelas,State/Province,Puerto Rico,79700,17550,9550,8800,1,4.0
Ponce,Ponce,State/Province,Puerto Rico,79700,17550,9550,8800,1,4.0
Quebradillas,Quebradillas,State/Province,Puerto Rico,79700,17550,9550,8800,1,4.0
Rincon,Rincon,State/Province,Puerto Rico,79700,17550,9550,8800,1,4.0
Rio Grande,Rio Grande,State/Province,Puerto Rico,79700,17550,9550,8800,1,4.0
Sabana Grande,Sabana Grande,State/Province,Puerto Rico,79700,17550,9550,8800,1,4.0
Salinas,Salinas,State/Province,Puerto Rico,79700,17550,9550,8800,1,4.0
San German,San German,State/Province,Puerto Rico,79700,17550,9550,8800,1,4.0
San Juan,San Juan,State/Province,Puerto Rico,79700,17550,9550,8800,1,4.0
San Lorenzo,San Lorenzo,State/Province,Puerto Rico,79700,17550,9550,8800,1,4.0
San Sebastian,San Sebastian,State/Province,Puerto Rico,79700,17550,9550,8800,1,4.0
Santa Isabel,Santa Isabel,State/Province,Puerto Rico,79700,17550,9550,8800,1,4.0
Toa Alta,Toa Alta,State/Province,Puerto Rico,79700,17550,9550,8800,1,4.0
Toa Baja,Toa Baja,State/Province,Puerto Rico,79700,17550,9550,8800,1,4.0
Trujillo Alto,Trujillo Alto,State/Province,Puerto Rico,79700,17550,9550,8800,1,4.0
Utuado,Utuado,State/Province,Puerto Rico,79700,17550,9550,8800,1,4.0
Vega Alta,Vega Alta,State/Province,Puerto Rico,79700,17550,9550,8800,1,4.0
Vega Baja,Vega Baja,State/Province,Puerto Rico,79700,17550,9550,8800,1,4.0
Vieques,Vieques,State/Province,Puerto Rico,79700,17550,9550,8800,1,4.0
Villalba,Villalba,State/Province,Puerto Rico,79700,17550,9550,8800,1,4.0
Yabucoa,Yabucoa,State/Province,Puerto Rico,79700,17550,9550,8800,1,4.0
Yauco,Yauco,State/Province,Puerto Rico,79700,17550,9550,8800,1,4.0
Ad Dawḩah,Ad Dawḩah,Administrative Region,Qatar,26800,5900,3200,4400,1,4.0
Al Khawr wa adh Dhakhīrah,Al Khawr wa adh Dhakhīrah,Administrative Region,Qatar,26800,5900,3200,4400,1,4.0
Al Wakrah,Al Wakrah,Administrative Region,Qatar,26800,5900,3200,4400,1,4.0
Ar Rayyān,Ar Rayyān,Administrative Region,Qatar,26800,5900,3200,4400,1,4.0
Ash Shamāl,Ash Shamāl,Administrative Region,Qatar,26800,5900,3200,4400,1,4.0
Ash Shīḩānīyah,Ash Shīḩānīyah,Administrative Region,Qatar,26800,5900,3200,4400,1,4.0
Az̧ Z̧a‘āyin,Az̧ Z̧a‘āyin,Administrative Region,Qatar,26800,5900,3200,4400,1,4.0
Umm Şalāl,Umm Şalāl,Administrative Region,Qatar,26800,5900,3200,4400,1,4.0
The Pearl Qatar,Doha,Attraction,Qatar,28000,999999,999999,9000,0.4,4.6
Doha,Doha,Capital City,Qatar,35400,7800,4250,5800,2,4.4
Doha,Doha,City,Qatar,28000,999999,999999,9000,2,4.6
Qatar,Qatar,Country,Qatar,36900,8100,4450,6000,3,4.1
Souq Waqif,Doha,Market,Qatar,28000,999999,999999,9000,0.4,4.6
Museum of Islamic Art,Doha,Museum,Qatar,28000,999999,999999,9000,0.5,4.7
Ad Dawhah,Ad Dawhah,State/Province,Qatar,25800,5700,3100,4300,1,4.0
Al Ghuwayriyah,Al Ghuwayriyah,State/Province,Qatar,25800,5700,3100,4300,1,4.0
Al Jumayliyah,Al Jumayliyah,State/Province,Qatar,25800,5700,3100,4300,1,4.0
Al Khawr,Al Khawr,State/Province,Qatar,25800,5700,3100,4300,1,4.0
Al Wakrah,Al Wakrah,State/Province,Qatar,25800,5700,3100,4300,1,4.0
Ar Rayyan,Ar Rayyan,State/Province,Qatar,25800,5700,3100,4300,1,4.0
Jarayan al Batinah,Jarayan al Batinah,State/Province,Qatar,25800,5700,3100,4300,1,4.0
Madinat ash Shamal,Madinat ash Shamal,State/Province,Qatar,25800,5700,3100,4300,1,4.0
Umm Salal,Umm Salal,State/Province,Qatar,25800,5700,3100,4300,1,4.0
Aracinovo,Aracinovo,State/Province,Republic of Macedonia,65900,14500,7900,8400,1,4.0
Bac,Bac,State/Province,Republic of Macedonia,65900,14500,7900,8400,1,4.0
Belcista,Belcista,State/Province,Republic of Macedonia,65900,14500,7900,8400,1,4.0
Berovo,Berovo,State/Province,Republic of Macedonia,65900,14500,7900,8400,1,4.0
Bistrica,Bistrica,State/Province,Republic of Macedonia,65900,14500,7900,8400,1,4.0
Bitola,Bitola,State/Province,Republic of Macedonia,65900,14500,7900,8400,1,4.0
Blatec,Blatec,State/Province,Republic of Macedonia,65900,14500,7900,8400,1,4.0
Bogdanci,Bogdanci,State/Province,Republic of Macedonia,65900,14500,7900,8400,1,4.0
Bogomila,Bogomila,State/Province,Republic of Macedonia,65900,14500,7900,8400,1,4.0
Bogovinje,Bogovinje,State/Province,Republic of Macedonia,65900,14500,7900,8400,1,4.0
Bosilovo,Bosilovo,State/Province,Republic of Macedonia,65900,14500,7900,8400,1,4.0
Brvenica,Brvenica,State/Province,Republic of Macedonia,65900,14500,7900,8400,1,4.0
Cair (Skopje),Cair (Skopje),State/Province,Republic of Macedonia,65900,14500,7900,8400,1,4.0
Capari,Capari,State/Province,Republic of Macedonia,65900,14500,7900,8400,1,4.0
Caska,Caska,State/Province,Republic of Macedonia,65900,14500,7900,8400,1,4.0
Cegrane,Cegrane,State/Province,Republic of Macedonia,65900,14500,7900,8400,1,4.0
Centar (Skopje),Centar (Skopje),State/Province,Republic of Macedonia,65900,14500,7900,8400,1,4.0
Centar Zupa,Centar Zupa,State/Province,Republic of Macedonia,65900,14500,7900,8400,1,4.0
Cesinovo,Cesinovo,State/Province,Republic of Macedonia,65900,14500,7900,8400,1,4.0
Cucer-Sandevo,Cucer-Sandevo,State/Province,Republic of Macedonia,65900,14500,7900,8400,1,4.0
Debar,Debar,State/Province,Republic of Macedonia,65900,14500,7900,8400,1,4.0
Delcevo,Delcevo,State/Province,Republic of Macedonia,65900,14500,7900,8400,1,4.0
Delogozdi,Delogozdi,State/Province,Republic of Macedonia,65900,14500,7900,8400,1,4.0
Demir Hisar,Demir Hisar,State/Province,Republic of Macedonia,65900,14500,7900,8400,1,4.0
Demir Kapija,Demir Kapija,State/Province,Republic of Macedonia,65900,14500,7900,8400,1,4.0
Dobrusevo,Dobrusevo,State/Province,Republic of Macedonia,65900,14500,7900,8400,1,4.0
Dolna Banjica,Dolna Banjica,State/Province,Republic of Macedonia,65900,14500,7900,8400,1,4.0
Dolneni,Dolneni,State/Province,Republic of Macedonia,65900,14500,7900,8400,1,4.0
Dorce Petrov (Skopje),Dorce Petrov (Skopje),State/Province,Republic of Macedonia,65900,14500,7900,8400,1,4.0
Drugovo,Drugovo,State/Province,Republic of Macedonia,65900,14500,7900,8400,1,4.0
Dzepciste,Dzepciste,State/Province,Republic of Macedonia,65900,14500,7900,8400,1,4.0
Gazi Baba (Skopje),Gazi Baba (Skopje),State/Province,Republic of Macedonia,65900,14500,7900,8400,1,4.0
Gevgelija,Gevgelija,State/Province,Republic of Macedonia,65900,14500,7900,8400,1,4.0
Gostivar,Gostivar,State/Province,Republic of Macedonia,65900,14500,7900,8400,1,4.0
Gradsko,Gradsko,State/Province,Republic of Macedonia,65900,14500,7900,8400,1,4.0
Ilinden,Ilinden,State/Province,Republic of Macedonia,65900,14500,7900,8400,1,4.0
Izvor,Izvor,State/Province,Republic of Macedonia,65900,14500,7900,8400,1,4.0
Jegunovce,Jegunovce,State/Province,Republic of Macedonia,65900,14500,7900,8400,1,4.0
Kamenjane,Kamenjane,State/Province,Republic of Macedonia,65900,14500,7900,8400,1,4.0
Karbinci,Karbinci,State/Province,Republic of Macedonia,65900,14500,7900,8400,1,4.0
Karpos (Skopje),Karpos (Skopje),State/Province,Republic of Macedonia,65900,14500,7900,8400,1,4.0
Kavadarci,Kavadarci,State/Province,Republic of Macedonia,65900,14500,7900,8400,1,4.0
Kicevo,Kicevo,State/Province,Republic of Macedonia,65900,14500,7900,8400,1,4.0
Kisela Voda (Skopje),Kisela Voda (Skopje),State/Province,Republic of Macedonia,65900,14500,7900,8400,1,4.0
Klecevce,Klecevce,State/Province,Republic of Macedonia,65900,14500,7900,8400,1,4.0
Kocani,Kocani,State/Province,Republic of Macedonia,65900,14500,7900,8400,1,4.0
Konce,Konce,State/Province,Republic of Macedonia,65900,14500,7900,8400,1,4.0
Kondovo,Kondovo,State/Province,Republic of Macedonia,65900,14500,7900,8400,1,4.0
Konopiste,Konopiste,State/Province,Republic of Macedonia,65900,14500,7900,8400,1,4.0
Kosel,Kosel,State/Province,Republic of Macedonia,65900,14500,7900,8400,1,4.0
Kratovo,Kratovo,State/Province,Republic of Macedonia,65900,14500,7900,8400,1,4.0
Kriva Palanka,Kriva Palanka,State/Province,Republic of Macedonia,65900,14500,7900,8400,1,4.0
Krivogastani,Krivogastani,State/Province,Republic of Macedonia,65900,14500,7900,8400,1,4.0
Krusevo,Krusevo,State/Province,Republic of Macedonia,65900,14500,7900,8400,1,4.0
Kuklis,Kuklis,State/Province,Republic of Macedonia,65900,14500,7900,8400,1,4.0
Kukurecani,Kukurecani,State/Province,Republic of Macedonia,65900,14500,7900,8400,1,4.0
Kumanovo,Kumanovo,State/Province,Republic of Macedonia,65900,14500,7900,8400,1,4.0
Labunista,Labunista,State/Province,Republic of Macedonia,65900,14500,7900,8400,1,4.0
Lipkovo,Lipkovo,State/Province,Republic of Macedonia,65900,14500,7900,8400,1,4.0
Lozovo,Lozovo,State/Province,Republic of Macedonia,65900,14500,7900,8400,1,4.0
Lukovo,Lukovo,State/Province,Republic of Macedonia,65900,14500,7900,8400,1,4.0
Makedonska Kamenica,Makedonska Kamenica,State/Province,Republic of Macedonia,65900,14500,7900,8400,1,4.0
Makedonski Brod,Makedonski Brod,State/Province,Republic of Macedonia,65900,14500,7900,8400,1,4.0
Mavrovi Anovi,Mavrovi Anovi,State/Province,Republic of Macedonia,65900,14500,7900,8400,1,4.0
Meseista,Meseista,State/Province,Republic of Macedonia,65900,14500,7900,8400,1,4.0
Miravci,Miravci,State/Province,Republic of Macedonia,65900,14500,7900,8400,1,4.0
Mogila,Mogila,State/Province,Republic of Macedonia,65900,14500,7900,8400,1,4.0
Murtino,Murtino,State/Province,Republic of Macedonia,65900,14500,7900,8400,1,4.0
Negotino,Negotino,State/Province,Republic of Macedonia,65900,14500,7900,8400,1,4.0
Negotino-Poloska,Negotino-Poloska,State/Province,Republic of Macedonia,65900,14500,7900,8400,1,4.0
Novaci,Novaci,State/Province,Republic of Macedonia,65900,14500,7900,8400,1,4.0
Novo Selo,Novo Selo,State/Province,Republic of Macedonia,65900,14500,7900,8400,1,4.0
Oblesevo,Oblesevo,State/Province,Republic of Macedonia,65900,14500,7900,8400,1,4.0
Ohrid,Ohrid,State/Province,Republic of Macedonia,65900,14500,7900,8400,1,4.0
Orasac,Orasac,State/Province,Republic of Macedonia,65900,14500,7900,8400,1,4.0
Orizari,Orizari,State/Province,Republic of Macedonia,65900,14500,7900,8400,1,4.0
Oslomej,Oslomej,State/Province,Republic of Macedonia,65900,14500,7900,8400,1,4.0
Pehcevo,Pehcevo,State/Province,Republic of Macedonia,65900,14500,7900,8400,1,4.0
Petrovec,Petrovec,State/Province,Republic of Macedonia,65900,14500,7900,8400,1,4.0
Plasnia,Plasnia,State/Province,Republic of Macedonia,65900,14500,7900,8400,1,4.0
Podares,Podares,State/Province,Republic of Macedonia,65900,14500,7900,8400,1,4.0
Prilep,Prilep,State/Province,Republic of Macedonia,65900,14500,7900,8400,1,4.0
Probistip,Probistip,State/Province,Republic of Macedonia,65900,14500,7900,8400,1,4.0
Radovis,Radovis,State/Province,Republic of Macedonia,65900,14500,7900,8400,1,4.0
Rankovce,Rankovce,State/Province,Republic of Macedonia,65900,14500,7900,8400,1,4.0
Resen,Resen,State/Province,Republic of Macedonia,65900,14500,7900,8400,1,4.0
Rosoman,Rosoman,State/Province,Republic of Macedonia,65900,14500,7900,8400,1,4.0
Rostusa,Rostusa,State/Province,Republic of Macedonia,65900,14500,7900,8400,1,4.0
Samokov,Samokov,State/Province,Republic of Macedonia,65900,14500,7900,8400,1,4.0
Saraj,Saraj,State/Province,Republic of Macedonia,65900,14500,7900,8400,1,4.0
Sipkovica,Sipkovica,State/Province,Republic of Macedonia,65900,14500,7900,8400,1,4.0
Sopiste,Sopiste,State/Province,Republic of Macedonia,65900,14500,7900,8400,1,4.0
Sopotnika,Sopotnika,State/Province,Republic of Macedonia,65900,14500,7900,8400,1,4.0
Srbinovo,Srbinovo,State/Province,Republic of Macedonia,65900,14500,7900,8400,1,4.0
Star Dojran,Star Dojran,State/Province,Republic of Macedonia,65900,14500,7900,8400,1,4.0
Staravina,Staravina,State/Province,Republic of Macedonia,65900,14500,7900,8400,1,4.0
Staro Nagoricane,Staro Nagoricane,State/Province,Republic of Macedonia,65900,14500,7900,8400,1,4.0
Stip,Stip,State/Province,Republic of Macedonia,65900,14500,7900,8400,1,4.0
Struga,Struga,State/Province,Republic of Macedonia,65900,14500,7900,8400,1,4.0
Strumica,Strumica,State/Province,Republic of Macedonia,65900,14500,7900,8400,1,4.0
Studenicani,Studenicani,State/Province,Republic of Macedonia,65900,14500,7900,8400,1,4.0
Suto Orizari (Skopje),Suto Orizari (Skopje),State/Province,Republic of Macedonia,65900,14500,7900,8400,1,4.0
Sveti Nikole,Sveti Nikole,State/Province,Republic of Macedonia,65900,14500,7900,8400,1,4.0
Tearce,Tearce,State/Province,Republic of Macedonia,65900,14500,7900,8400,1,4.0
Tetovo,Tetovo,State/Province,Republic of Macedonia,65900,14500,7900,8400,1,4.0
Topolcani,Topolcani,State/Province,Republic of Macedonia,65900,14500,7900,8400,1,4.0
Valandovo,Valandovo,State/Province,Republic of Macedonia,65900,14500,7900,8400,1,4.0
Vasilevo,Vasilevo,State/Province,Republic of Macedonia,65900,14500,7900,8400,1,4.0
Veles,Veles,State/Province,Republic of Macedonia,65900,14500,7900,8400,1,4.0
Velesta,Velesta,State/Province,Republic of Macedonia,65900,14500,7900,8400,1,4.0
Vevcani,Vevcani,State/Province,Republic of Macedonia,65900,14500,7900,8400,1,4.0
Vinica,Vinica,State/Province,Republic of Macedonia,65900,14500,7900,8400,1,4.0
Vitoliste,Vitoliste,State/Province,Republic of Macedonia,65900,14500,7900,8400,1,4.0
Vranestica,Vranestica,State/Province,Republic of Macedonia,65900,14500,7900,8400,1,4.0
Vrapciste,Vrapciste,State/Province,Republic of Macedonia,65900,14500,7900,8400,1,4.0
Vratnica,Vratnica,State/Province,Republic of Macedonia,65900,14500,7900,8400,1,4.0
Vrutok,Vrutok,State/Province,Republic of Macedonia,65900,14500,7900,8400,1,4.0
Zajas,Zajas,State/Province,Republic of Macedonia,65900,14500,7900,8400,1,4.0
Zelenikovo,Zelenikovo,State/Province,Republic of Macedonia,65900,14500,7900,8400,1,4.0
Zileno,Zileno,State/Province,Republic of Macedonia,65900,14500,7900,8400,1,4.0
Zitose,Zitose,State/Province,Republic of Macedonia,65900,14500,7900,8400,1,4.0
Zletovo,Zletovo,State/Province,Republic of Macedonia,65900,14500,7900,8400,1,4.0
Zrnovci,Zrnovci,State/Province,Republic of Macedonia,65900,14500,7900,8400,1,4.0
Bandundu,Bandundu,State/Province,Republic of the Congo,52600,11550,6300,6400,1,4.0
Bas-Congo,Bas-Congo,State/Province,Republic of the Congo,52600,11550,6300,6400,1,4.0
Equateur,Equateur,State/Province,Republic of the Congo,52600,11550,6300,6400,1,4.0
Kasai-Occidental,Kasai-Occidental,State/Province,Republic of the Congo,52600,11550,6300,6400,1,4.0
Kasai-Oriental,Kasai-Oriental,State/Province,Republic of the Congo,52600,11550,6300,6400,1,4.0
Katanga,Katanga,State/Province,Republic of the Congo,52600,11550,6300,6400,1,4.0
Kinshasa,Kinshasa,State/Province,Republic of the Congo,52600,11550,6300,6400,1,4.0
Maniema,Maniema,State/Province,Republic of the Congo,52600,11550,6300,6400,1,4.0
Nord-Kivu,Nord-Kivu,State/Province,Republic of the Congo,52600,11550,6300,6400,1,4.0
Orientale,Orientale,State/Province,Republic of the Congo,52600,11550,6300,6400,1,4.0
Sud-Kivu,Sud-Kivu,State/Province,Republic of the Congo,52600,11550,6300,6400,1,4.0
Alba,Alba,Administrative Region,Romania,55500,12200,6650,6900,1,4.0
Arad,Arad,Administrative Region,Romania,55500,12200,6650,6900,1,4.0
Argeș,Argeș,Administrative Region,Romania,55500,12200,6650,6900,1,4.0
Bacău,Bacău,Administrative Region,Romania,55500,12200,6650,6900,1,4.0
Bihor,Bihor,Administrative Region,Romania,55500,12200,6650,6900,1,4.0
Bistrița-Năsăud,Bistrița-Năsăud,Administrative Region,Romania,55500,12200,6650,6900,1,4.0
Botoșani,Botoșani,Administrative Region,Romania,55500,12200,6650,6900,1,4.0
Brașov,Brașov,Administrative Region,Romania,55500,12200,6650,6900,1,4.0
Brăila,Brăila,Administrative Region,Romania,55500,12200,6650,6900,1,4.0
București,București,Administrative Region,Romania,55500,12200,6650,6900,1,4.0
Buzău,Buzău,Administrative Region,Romania,55500,12200,6650,6900,1,4.0
Caraș-Severin,Caraș-Severin,Administrative Region,Romania,55500,12200,6650,6900,1,4.0
Cluj,Cluj,Administrative Region,Romania,55500,12200,6650,6900,1,4.0
Constanța,Constanța,Administrative Region,Romania,55500,12200,6650,6900,1,4.0
Covasna,Covasna,Administrative Region,Romania,55500,12200,6650,6900,1,4.0
Călărași,Călărași,Administrative Region,Romania,55500,12200,6650,6900,1,4.0
Dolj,Dolj,Administrative Region,Romania,55500,12200,6650,6900,1,4.0
Dâmbovița,Dâmbovița,Administrative Region,Romania,55500,12200,6650,6900,1,4.0
Galați,Galați,Administrative Region,Romania,55500,12200,6650,6900,1,4.0
Giurgiu,Giurgiu,Administrative Region,Romania,55500,12200,6650,6900,1,4.0
Gorj,Gorj,Administrative Region,Romania,55500,12200,6650,6900,1,4.0
Harghita,Harghita,Administrative Region,Romania,55500,12200,6650,6900,1,4.0
Hunedoara,Hunedoara,Administrative Region,Romania,55500,12200,6650,6900,1,4.0
Ialomița,Ialomița,Administrative Region,Romania,55500,12200,6650,6900,1,4.0
Iași,Iași,Administrative Region,Romania,55500,12200,6650,6900,1,4.0
Ilfov,Ilfov,Administrative Region,Romania,55500,12200,6650,6900,1,4.0
Maramureș,Maramureș,Administrative Region,Romania,55500,12200,6650,6900,1,4.0
Mehedinți,Mehedinți,Administrative Region,Romania,55500,12200,6650,6900,1,4.0
Mureș,Mureș,Administrative Region,Romania,55500,12200,6650,6900,1,4.0
Neamț,Neamț,Administrative Region,Romania,55500,12200,6650,6900,1,4.0
Olt,Olt,Administrative Region,Romania,55500,12200,6650,6900,1,4.0
Prahova,Prahova,Administrative Region,Romania,55500,12200,6650,6900,1,4.0
Satu Mare,Satu Mare,Administrative Region,Romania,55500,12200,6650,6900,1,4.0
Sibiu,Sibiu,Administrative Region,Romania,55500,12200,6650,6900,1,4.0
Suceava,Suceava,Administrative Region,Romania,55500,12200,6650,6900,1,4.0
Sălaj,Sălaj,Administrative Region,Romania,55500,12200,6650,6900,1,4.0
Teleorman,Teleorman,Administrative Region,Romania,55500,12200,6650,6900,1,4.0
Timiș,Timiș,Administrative Region,Romania,55500,12200,6650,6900,1,4.0
Tulcea,Tulcea,Administrative Region,Romania,55500,12200,6650,6900,1,4.0
Vaslui,Vaslui,Administrative Region,Romania,55500,12200,6650,6900,1,4.0
Vrancea,Vrancea,Administrative Region,Romania,55500,12200,6650,6900,1,4.0
Vâlcea,Vâlcea,Administrative Region,Romania,55500,12200,6650,6900,1,4.0
Bucharest,Bucharest,Capital City,Romania,71100,15650,8550,8900,2,4.4
Romania,Romania,Country,Romania,72600,15950,8700,9100,3,4.1
Alba,Alba,State/Province,Romania,56300,12400,6750,7000,1,4.0
Arad,Arad,State/Province,Romania,56300,12400,6750,7000,1,4.0
Arges,Arges,State/Province,Romania,56300,12400,6750,7000,1,4.0
Bacau,Bacau,State/Province,Romania,56300,12400,6750,7000,1,4.0
Bihor,Bihor,State/Province,Romania,56300,12400,6750,7000,1,4.0
Bistrita-Nasaud,Bistrita-Nasaud,State/Province,Romania,56300,12400,6750,7000,1,4.0
Botosani,Botosani,State/Province,Romania,56300,12400,6750,7000,1,4.0
Braila,Braila,State/Province,Romania,56300,12400,6750,7000,1,4.0
Brasov,Brasov,State/Province,Romania,56300,12400,6750,7000,1,4.0
Bucuresti,Bucuresti,State/Province,Romania,56300,12400,6750,7000,1,4.0
Buzau,Buzau,State/Province,Romania,56300,12400,6750,7000,1,4.0
Calarasi,Calarasi,State/Province,Romania,56300,12400,6750,7000,1,4.0
Caras-Severin,Caras-Severin,State/Province,Romania,56300,12400,6750,7000,1,4.0
Cluj,Cluj,State/Province,Romania,56300,12400,6750,7000,1,4.0
Constanta,Constanta,State/Province,Romania,56300,12400,6750,7000,1,4.0
Covasna,Covasna,State/Province,Romania,56300,12400,6750,7000,1,4.0
Dimbovita,Dimbovita,State/Province,Romania,56300,12400,6750,7000,1,4.0
Dolj,Dolj,State/Province,Romania,56300,12400,6750,7000,1,4.0
Galati,Galati,State/Province,Romania,56300,12400,6750,7000,1,4.0
Giurgiu,Giurgiu,State/Province,Romania,56300,12400,6750,7000,1,4.0
Gorj,Gorj,State/Province,Romania,56300,12400,6750,7000,1,4.0
Harghita,Harghita,State/Province,Romania,56300,12400,6750,7000,1,4.0
Hunedoara,Hunedoara,State/Province,Romania,56300,12400,6750,7000,1,4.0
Ialomita,Ialomita,State/Province,Romania,56300,12400,6750,7000,1,4.0
Iasi,Iasi,State/Province,Romania,56300,12400,6750,7000,1,4.0
Maramures,Maramures,State/Province,Romania,56300,12400,6750,7000,1,4.0
Mehedinti,Mehedinti,State/Province,Romania,56300,12400,6750,7000,1,4.0
Mures,Mures,State/Province,Romania,56300,12400,6750,7000,1,4.0
Neamt,Neamt,State/Province,Romania,56300,12400,6750,7000,1,4.0
Olt,Olt,State/Province,Romania,56300,12400,6750,7000,1,4.0
Prahova,Prahova,State/Province,Romania,56300,12400,6750,7000,1,4.0
Salaj,Salaj,State/Province,Romania,56300,12400,6750,7000,1,4.0
Satu Mare,Satu Mare,State/Province,Romania,56300,12400,6750,7000,1,4.0
Sibiu,Sibiu,State/Province,Romania,56300,12400,6750,7000,1,4.0
Suceava,Suceava,State/Province,Romania,56300,12400,6750,7000,1,4.0
Teleorman,Teleorman,State/Province,Romania,56300,12400,6750,7000,1,4.0
Timis,Timis,State/Province,Romania,56300,12400,6750,7000,1,4.0
Tulcea,Tulcea,State/Province,Romania,56300,12400,6750,7000,1,4.0
Vaslui,Vaslui,State/Province,Romania,56300,12400,6750,7000,1,4.0
Vilcea,Vilcea,State/Province,Romania,56300,12400,6750,7000,1,4.0
Vrancea,Vrancea,State/Province,Romania,56300,12400,6750,7000,1,4.0
Adygeya (Maykop),Adygeya (Maykop),State/Province,Russia,58500,12850,7000,7300,1,4.0
Aginskiy Buryatskiy (Aginskoye),Aginskiy Buryatskiy (Aginskoye),State/Province,Russia,58500,12850,7000,7300,1,4.0
Altay (Gorno-Altaysk),Altay (Gorno-Altaysk),State/Province,Russia,58500,12850,7000,7300,1,4.0
Altayskiy (Barnaul),Altayskiy (Barnaul),State/Province,Russia,58500,12850,7000,7300,1,4.0
Amurskaya (Blagoveshchensk),Amurskaya (Blagoveshchensk),State/Province,Russia,58500,12850,7000,7300,1,4.0
Arkhangel'skaya,Arkhangel'skaya,State/Province,Russia,58500,12850,7000,7300,1,4.0
Astrakhanskaya,Astrakhanskaya,State/Province,Russia,58500,12850,7000,7300,1,4.0
Bashkortostan (Ufa),Bashkortostan (Ufa),State/Province,Russia,58500,12850,7000,7300,1,4.0
Belgorodskaya,Belgorodskaya,State/Province,Russia,58500,12850,7000,7300,1,4.0
Bryanskaya,Bryanskaya,State/Province,Russia,58500,12850,7000,7300,1,4.0
Buryatiya (Ulan-Ude),Buryatiya (Ulan-Ude),State/Province,Russia,58500,12850,7000,7300,1,4.0
Chechnya (Groznyy),Chechnya (Groznyy),State/Province,Russia,58500,12850,7000,7300,1,4.0
Chelyabinskaya,Chelyabinskaya,State/Province,Russia,58500,12850,7000,7300,1,4.0
Chitinskaya,Chitinskaya,State/Province,Russia,58500,12850,7000,7300,1,4.0
Chukotskiy (Anadyr'),Chukotskiy (Anadyr'),State/Province,Russia,58500,12850,7000,7300,1,4.0
Chuvashiya (Cheboksary),Chuvashiya (Cheboksary),State/Province,Russia,58500,12850,7000,7300,1,4.0
Dagestan (Makhachkala),Dagestan (Makhachkala),State/Province,Russia,58500,12850,7000,7300,1,4.0
Evenkiyskiy (Tura),Evenkiyskiy (Tura),State/Province,Russia,58500,12850,7000,7300,1,4.0
Ingushetiya (Nazran'),Ingushetiya (Nazran'),State/Province,Russia,58500,12850,7000,7300,1,4.0
Irkutskaya,Irkutskaya,State/Province,Russia,58500,12850,7000,7300,1,4.0
Ivanovskaya,Ivanovskaya,State/Province,Russia,58500,12850,7000,7300,1,4.0
Kabardino-Balkariya (Nal'chik),Kabardino-Balkariya (Nal'chik),State/Province,Russia,58500,12850,7000,7300,1,4.0
Kaliningradskaya,Kaliningradskaya,State/Province,Russia,58500,12850,7000,7300,1,4.0
Kalmykiya (Elista),Kalmykiya (Elista),State/Province,Russia,58500,12850,7000,7300,1,4.0
Kaluzhskaya,Kaluzhskaya,State/Province,Russia,58500,12850,7000,7300,1,4.0
Kamchatskaya (Petropavlovsk-Kamchatskiy),Kamchatskaya (Petropavlovsk-Kamchatskiy),State/Province,Russia,58500,12850,7000,7300,1,4.0
Karachayevo-Cherkesiya (Cherkessk),Karachayevo-Cherkesiya (Cherkessk),State/Province,Russia,58500,12850,7000,7300,1,4.0
Kareliya (Petrozavodsk),Kareliya (Petrozavodsk),State/Province,Russia,58500,12850,7000,7300,1,4.0
Kemerovskaya,Kemerovskaya,State/Province,Russia,58500,12850,7000,7300,1,4.0
Khabarovskiy,Khabarovskiy,State/Province,Russia,58500,12850,7000,7300,1,4.0
Khakasiya (Abakan),Khakasiya (Abakan),State/Province,Russia,58500,12850,7000,7300,1,4.0
Khanty-Mansiyskiy (Khanty-Mansiysk),Khanty-Mansiyskiy (Khanty-Mansiysk),State/Province,Russia,58500,12850,7000,7300,1,4.0
Kirovskaya,Kirovskaya,State/Province,Russia,58500,12850,7000,7300,1,4.0
Komi (Syktyvkar),Komi (Syktyvkar),State/Province,Russia,58500,12850,7000,7300,1,4.0
Komi-Permyatskiy (Kudymkar),Komi-Permyatskiy (Kudymkar),State/Province,Russia,58500,12850,7000,7300,1,4.0
Koryakskiy (Palana),Koryakskiy (Palana),State/Province,Russia,58500,12850,7000,7300,1,4.0
Kostromskaya,Kostromskaya,State/Province,Russia,58500,12850,7000,7300,1,4.0
Krasnodarskiy,Krasnodarskiy,State/Province,Russia,58500,12850,7000,7300,1,4.0
Krasnoyarskiy,Krasnoyarskiy,State/Province,Russia,58500,12850,7000,7300,1,4.0
Kurganskaya,Kurganskaya,State/Province,Russia,58500,12850,7000,7300,1,4.0
Kurskaya,Kurskaya,State/Province,Russia,58500,12850,7000,7300,1,4.0
Leningradskaya,Leningradskaya,State/Province,Russia,58500,12850,7000,7300,1,4.0
Lipetskaya,Lipetskaya,State/Province,Russia,58500,12850,7000,7300,1,4.0
Magadanskaya,Magadanskaya,State/Province,Russia,58500,12850,7000,7300,1,4.0
Mariy-El (Yoshkar-Ola),Mariy-El (Yoshkar-Ola),State/Province,Russia,58500,12850,7000,7300,1,4.0
Mordoviya (Saransk),Mordoviya (Saransk),State/Province,Russia,58500,12850,7000,7300,1,4.0
Moskovskaya,Moskovskaya,State/Province,Russia,58500,12850,7000,7300,1,4.0
Moskva (Moscow),Moskva (Moscow),State/Province,Russia,58500,12850,7000,7300,1,4.0
Murmanskaya,Murmanskaya,State/Province,Russia,58500,12850,7000,7300,1,4.0
Nenetskiy (Nar'yan-Mar),Nenetskiy (Nar'yan-Mar),State/Province,Russia,58500,12850,7000,7300,1,4.0
Nizhegorodskaya,Nizhegorodskaya,State/Province,Russia,58500,12850,7000,7300,1,4.0
Novgorodskaya,Novgorodskaya,State/Province,Russia,58500,12850,7000,7300,1,4.0
Novosibirskaya,Novosibirskaya,State/Province,Russia,58500,12850,7000,7300,1,4.0
Omskaya,Omskaya,State/Province,Russia,58500,12850,7000,7300,1,4.0
Orenburgskaya,Orenburgskaya,State/Province,Russia,58500,12850,7000,7300,1,4.0
Orlovskaya (Orel),Orlovskaya (Orel),State/Province,Russia,58500,12850,7000,7300,1,4.0
Penzenskaya,Penzenskaya,State/Province,Russia,58500,12850,7000,7300,1,4.0
Permskaya,Permskaya,State/Province,Russia,58500,12850,7000,7300,1,4.0
Primorskiy (Vladivostok),Primorskiy (Vladivostok),State/Province,Russia,58500,12850,7000,7300,1,4.0
Pskovskaya,Pskovskaya,State/Province,Russia,58500,12850,7000,7300,1,4.0
Rostovskaya,Rostovskaya,State/Province,Russia,58500,12850,7000,7300,1,4.0
Ryazanskaya,Ryazanskaya,State/Province,Russia,58500,12850,7000,7300,1,4.0
Sakha (Yakutsk),Sakha (Yakutsk),State/Province,Russia,58500,12850,7000,7300,1,4.0
Sakhalinskaya (Yuzhno-Sakhalinsk),Sakhalinskaya (Yuzhno-Sakhalinsk),State/Province,Russia,58500,12850,7000,7300,1,4.0
Samarskaya,Samarskaya,State/Province,Russia,58500,12850,7000,7300,1,4.0
Sankt-Peterburg (Saint Petersburg),Sankt-Peterburg (Saint Petersburg),State/Province,Russia,58500,12850,7000,7300,1,4.0
Saratovskaya,Saratovskaya,State/Province,Russia,58500,12850,7000,7300,1,4.0
Severnaya Osetiya-Alaniya [North Ossetia] (Vladikavkaz),Severnaya Osetiya-Alaniya [North Ossetia] (Vladikavkaz),State/Province,Russia,58500,12850,7000,7300,1,4.0
Smolenskaya,Smolenskaya,State/Province,Russia,58500,12850,7000,7300,1,4.0
Stavropol'skiy,Stavropol'skiy,State/Province,Russia,58500,12850,7000,7300,1,4.0
Sverdlovskaya (Yekaterinburg),Sverdlovskaya (Yekaterinburg),State/Province,Russia,58500,12850,7000,7300,1,4.0
Tambovskaya,Tambovskaya,State/Province,Russia,58500,12850,7000,7300,1,4.0
Tatarstan (Kazan'),Tatarstan (Kazan'),State/Province,Russia,58500,12850,7000,7300,1,4.0
Taymyrskiy (Dudinka),Taymyrskiy (Dudinka),State/Province,Russia,58500,12850,7000,7300,1,4.0
Tomskaya,Tomskaya,State/Province,Russia,58500,12850,7000,7300,1,4.0
Tul'skaya,Tul'skaya,State/Province,Russia,58500,12850,7000,7300,1,4.0
Tverskaya,Tverskaya,State/Province,Russia,58500,12850,7000,7300,1,4.0
Tyumenskaya,Tyumenskaya,State/Province,Russia,58500,12850,7000,7300,1,4.0
Tyva (Kyzyl),Tyva (Kyzyl),State/Province,Russia,58500,12850,7000,7300,1,4.0
Udmurtiya (Izhevsk),Udmurtiya (Izhevsk),State/Province,Russia,58500,12850,7000,7300,1,4.0
Ul'yanovskaya,Ul'yanovskaya,State/Province,Russia,58500,12850,7000,7300,1,4.0
Ust'-Ordynskiy Buryatskiy (Ust'-Ordynskiy),Ust'-Ordynskiy Buryatskiy (Ust'-Ordynskiy),State/Province,Russia,58500,12850,7000,7300,1,4.0
Vladimirskaya,Vladimirskaya,State/Province,Russia,58500,12850,7000,7300,1,4.0
Volgogradskaya,Volgogradskaya,State/Province,Russia,58500,12850,7000,7300,1,4.0
Vologodskaya,Vologodskaya,State/Province,Russia,58500,12850,7000,7300,1,4.0
Voronezhskaya,Voronezhskaya,State/Province,Russia,58500,12850,7000,7300,1,4.0
Yamalo-Nenetskiy (Salekhard),Yamalo-Nenetskiy (Salekhard),State/Province,Russia,58500,12850,7000,7300,1,4.0
Yaroslavskaya,Yaroslavskaya,State/Province,Russia,58500,12850,7000,7300,1,4.0
Yevreyskaya,Yevreyskaya,State/Province,Russia,58500,12850,7000,7300,1,4.0
Amurskaja oblast',Amurskaja oblast',Administrative Region,Russian Federation,54000,11900,6500,6700,1,4.0
Arhangel'skaja oblast',Arhangel'skaja oblast',Administrative Region,Russian Federation,54000,11900,6500,6700,1,4.0
Astrahanskaja oblast',Astrahanskaja oblast',Administrative Region,Russian Federation,54000,11900,6500,6700,1,4.0
Belgorodskaja oblast',Belgorodskaja oblast',Administrative Region,Russian Federation,54000,11900,6500,6700,1,4.0
Brjanskaja oblast',Brjanskaja oblast',Administrative Region,Russian Federation,54000,11900,6500,6700,1,4.0
Chelyabinskaya oblast',Chelyabinskaya oblast',Administrative Region,Russian Federation,54000,11900,6500,6700,1,4.0
Chukotskiy avtonomnyy okrug,Chukotskiy avtonomnyy okrug,Administrative Region,Russian Federation,54000,11900,6500,6700,1,4.0
Evrejskaja avtonomnaja oblast',Evrejskaja avtonomnaja oblast',Administrative Region,Russian Federation,54000,11900,6500,6700,1,4.0
Hanty-Mansijskij avtonomnyj okrug,Hanty-Mansijskij avtonomnyj okrug,Administrative Region,Russian Federation,54000,11900,6500,6700,1,4.0
Irkutskaja oblast',Irkutskaja oblast',Administrative Region,Russian Federation,54000,11900,6500,6700,1,4.0
Ivanovskaja oblast',Ivanovskaja oblast',Administrative Region,Russian Federation,54000,11900,6500,6700,1,4.0
Jamalo-Neneckij avtonomnyj okrug,Jamalo-Neneckij avtonomnyj okrug,Administrative Region,Russian Federation,54000,11900,6500,6700,1,4.0
Jaroslavskaja oblast',Jaroslavskaja oblast',Administrative Region,Russian Federation,54000,11900,6500,6700,1,4.0
Kaliningradskaja oblast',Kaliningradskaja oblast',Administrative Region,Russian Federation,54000,11900,6500,6700,1,4.0
Kaluzhskaya oblast',Kaluzhskaya oblast',Administrative Region,Russian Federation,54000,11900,6500,6700,1,4.0
Kemerovskaja oblast',Kemerovskaja oblast',Administrative Region,Russian Federation,54000,11900,6500,6700,1,4.0
Kirovskaja oblast',Kirovskaja oblast',Administrative Region,Russian Federation,54000,11900,6500,6700,1,4.0
Kostromskaja oblast',Kostromskaja oblast',Administrative Region,Russian Federation,54000,11900,6500,6700,1,4.0
Kurganskaja oblast',Kurganskaja oblast',Administrative Region,Russian Federation,54000,11900,6500,6700,1,4.0
Kurskaja oblast',Kurskaja oblast',Administrative Region,Russian Federation,54000,11900,6500,6700,1,4.0
Leningradskaja oblast',Leningradskaja oblast',Administrative Region,Russian Federation,54000,11900,6500,6700,1,4.0
Lipeckaja oblast',Lipeckaja oblast',Administrative Region,Russian Federation,54000,11900,6500,6700,1,4.0
Magadanskaja oblast',Magadanskaja oblast',Administrative Region,Russian Federation,54000,11900,6500,6700,1,4.0
Moskovskaja oblast',Moskovskaja oblast',Administrative Region,Russian Federation,54000,11900,6500,6700,1,4.0
Murmanskaja oblast',Murmanskaja oblast',Administrative Region,Russian Federation,54000,11900,6500,6700,1,4.0
Neneckij avtonomnyj okrug,Neneckij avtonomnyj okrug,Administrative Region,Russian Federation,54000,11900,6500,6700,1,4.0
Nizhegorodskaya oblast',Nizhegorodskaya oblast',Administrative Region,Russian Federation,54000,11900,6500,6700,1,4.0
Novgorodskaja oblast',Novgorodskaja oblast',Administrative Region,Russian Federation,54000,11900,6500,6700,1,4.0
Novosibirskaja oblast',Novosibirskaja oblast',Administrative Region,Russian Federation,54000,11900,6500,6700,1,4.0
Omskaja oblast',Omskaja oblast',Administrative Region,Russian Federation,54000,11900,6500,6700,1,4.0
Orenburgskaja oblast',Orenburgskaja oblast',Administrative Region,Russian Federation,54000,11900,6500,6700,1,4.0
Orlovskaja oblast',Orlovskaja oblast',Administrative Region,Russian Federation,54000,11900,6500,6700,1,4.0
Penzenskaja oblast',Penzenskaja oblast',Administrative Region,Russian Federation,54000,11900,6500,6700,1,4.0
Pskovskaja oblast',Pskovskaja oblast',Administrative Region,Russian Federation,54000,11900,6500,6700,1,4.0
Rjazanskaja oblast',Rjazanskaja oblast',Administrative Region,Russian Federation,54000,11900,6500,6700,1,4.0
Rostovskaja oblast',Rostovskaja oblast',Administrative Region,Russian Federation,54000,11900,6500,6700,1,4.0
Sahalinskaja oblast',Sahalinskaja oblast',Administrative Region,Russian Federation,54000,11900,6500,6700,1,4.0
Samarskaja oblast',Samarskaja oblast',Administrative Region,Russian Federation,54000,11900,6500,6700,1,4.0
Saratovskaja oblast',Saratovskaja oblast',Administrative Region,Russian Federation,54000,11900,6500,6700,1,4.0
Smolenskaja oblast',Smolenskaja oblast',Administrative Region,Russian Federation,54000,11900,6500,6700,1,4.0
Sverdlovskaja oblast',Sverdlovskaja oblast',Administrative Region,Russian Federation,54000,11900,6500,6700,1,4.0
Tambovskaja oblast',Tambovskaja oblast',Administrative Region,Russian Federation,54000,11900,6500,6700,1,4.0
Tjumenskaja oblast',Tjumenskaja oblast',Administrative Region,Russian Federation,54000,11900,6500,6700,1,4.0
Tomskaja oblast',Tomskaja oblast',Administrative Region,Russian Federation,54000,11900,6500,6700,1,4.0
Tul'skaja oblast',Tul'skaja oblast',Administrative Region,Russian Federation,54000,11900,6500,6700,1,4.0
Tverskaja oblast',Tverskaja oblast',Administrative Region,Russian Federation,54000,11900,6500,6700,1,4.0
Ul'janovskaja oblast',Ul'janovskaja oblast',Administrative Region,Russian Federation,54000,11900,6500,6700,1,4.0
Vladimirskaja oblast',Vladimirskaja oblast',Administrative Region,Russian Federation,54000,11900,6500,6700,1,4.0
Volgogradskaja oblast',Volgogradskaja oblast',Administrative Region,Russian Federation,54000,11900,6500,6700,1,4.0
Vologodskaja oblast',Vologodskaja oblast',Administrative Region,Russian Federation,54000,11900,6500,6700,1,4.0
Voronezhskaya oblast',Voronezhskaya oblast',Administrative Region,Russian Federation,54000,11900,6500,6700,1,4.0
Moscow,Moscow,Capital City,Russian Federation,69600,15300,8350,8700,2,4.4
Russian Federation,Russian Federation,Country,Russian Federation,71100,15650,8550,8900,3,4.1
Altajskij kraj,Altajskij kraj,Island/Territory,Russian Federation,84400,18550,10150,10500,1,4.0
Habarovskij kraj,Habarovskij kraj,Island/Territory,Russian Federation,84400,18550,10150,10500,1,4.0
Kamchatskiy kray,Kamchatskiy kray,Island/Territory,Russian Federation,84400,18550,10150,10500,1,4.0
Krasnodarskij kraj,Krasnodarskij kraj,Island/Territory,Russian Federation,84400,18550,10150,10500,1,4.0
Krasnojarskij kraj,Krasnojarskij kraj,Island/Territory,Russian Federation,84400,18550,10150,10500,1,4.0
Permskij kraj,Permskij kraj,Island/Territory,Russian Federation,84400,18550,10150,10500,1,4.0
Primorskij kraj,Primorskij kraj,Island/Territory,Russian Federation,84400,18550,10150,10500,1,4.0
Stavropol'skij kraj,Stavropol'skij kraj,Island/Territory,Russian Federation,84400,18550,10150,10500,1,4.0
Zabajkal'skij kraj,Zabajkal'skij kraj,Island/Territory,Russian Federation,84400,18550,10150,10500,1,4.0
"Adygeja, Respublika","Adygeja, Respublika",State/Province,Russian Federation,66100,14550,7950,8400,1,4.0
"Altaj, Respublika","Altaj, Respublika",State/Province,Russian Federation,66100,14550,7950,8400,1,4.0
"Bashkortostan, Respublika","Bashkortostan, Respublika",State/Province,Russian Federation,66100,14550,7950,8400,1,4.0
"Burjatija, Respublika","Burjatija, Respublika",State/Province,Russian Federation,66100,14550,7950,8400,1,4.0
Chechenskaya Respublika,Chechenskaya Respublika,State/Province,Russian Federation,66100,14550,7950,8400,1,4.0
Chuvashskaya Respublika,Chuvashskaya Respublika,State/Province,Russian Federation,66100,14550,7950,8400,1,4.0
"Dagestan, Respublika","Dagestan, Respublika",State/Province,Russian Federation,66100,14550,7950,8400,1,4.0
"Hakasija, Respublika","Hakasija, Respublika",State/Province,Russian Federation,66100,14550,7950,8400,1,4.0
"Ingushetiya, Respublika","Ingushetiya, Respublika",State/Province,Russian Federation,66100,14550,7950,8400,1,4.0
Kabardino-Balkarskaja Respublika,Kabardino-Balkarskaja Respublika,State/Province,Russian Federation,66100,14550,7950,8400,1,4.0
"Kalmykija, Respublika","Kalmykija, Respublika",State/Province,Russian Federation,66100,14550,7950,8400,1,4.0
Karachayevo-Cherkesskaya Respublika,Karachayevo-Cherkesskaya Respublika,State/Province,Russian Federation,66100,14550,7950,8400,1,4.0
"Karelija, Respublika","Karelija, Respublika",State/Province,Russian Federation,66100,14550,7950,8400,1,4.0
"Komi, Respublika","Komi, Respublika",State/Province,Russian Federation,66100,14550,7950,8400,1,4.0
"Marij Èl, Respublika","Marij Èl, Respublika",State/Province,Russian Federation,66100,14550,7950,8400,1,4.0
"Mordovija, Respublika","Mordovija, Respublika",State/Province,Russian Federation,66100,14550,7950,8400,1,4.0
Moskva,Moskva,State/Province,Russian Federation,66100,14550,7950,8400,1,4.0
"Saha, Respublika","Saha, Respublika",State/Province,Russian Federation,66100,14550,7950,8400,1,4.0
Sankt-Peterburg,Sankt-Peterburg,State/Province,Russian Federation,66100,14550,7950,8400,1,4.0
"Severnaja Osetija, Respublika","Severnaja Osetija, Respublika",State/Province,Russian Federation,66100,14550,7950,8400,1,4.0
"Tatarstan, Respublika","Tatarstan, Respublika",State/Province,Russian Federation,66100,14550,7950,8400,1,4.0
"Tyva, Respublika","Tyva, Respublika",State/Province,Russian Federation,66100,14550,7950,8400,1,4.0
Udmurtskaja Respublika,Udmurtskaja Respublika,State/Province,Russian Federation,66100,14550,7950,8400,1,4.0
Kigali,Kigali,Capital City,Rwanda,60400,13300,7250,7300,2,4.4
Rwanda,Rwanda,Country,Rwanda,61900,13600,7450,7500,3,4.1
Butare,Butare,State/Province,Rwanda,47100,10350,5650,5600,1,4.0
Byumba,Byumba,State/Province,Rwanda,47100,10350,5650,5600,1,4.0
City of Kigali,City of Kigali,State/Province,Rwanda,47100,10350,5650,5600,1,4.0
Cyangugu,Cyangugu,State/Province,Rwanda,47100,10350,5650,5600,1,4.0
Eastern,Eastern,State/Province,Rwanda,47100,10350,5650,5600,1,4.0
Gikongoro,Gikongoro,State/Province,Rwanda,47100,10350,5650,5600,1,4.0
Gisenyi,Gisenyi,State/Province,Rwanda,47100,10350,5650,5600,1,4.0
Gitarama,Gitarama,State/Province,Rwanda,47100,10350,5650,5600,1,4.0
Kibungo,Kibungo,State/Province,Rwanda,47100,10350,5650,5600,1,4.0
Kibuye,Kibuye,State/Province,Rwanda,47100,10350,5650,5600,1,4.0
Kigali Rurale,Kigali Rurale,State/Province,Rwanda,47100,10350,5650,5600,1,4.0
Kigali-ville,Kigali-ville,State/Province,Rwanda,47100,10350,5650,5600,1,4.0
Northern,Northern,State/Province,Rwanda,47100,10350,5650,5600,1,4.0
Ruhengeri,Ruhengeri,State/Province,Rwanda,47100,10350,5650,5600,1,4.0
Southern,Southern,State/Province,Rwanda,47100,10350,5650,5600,1,4.0
Umutara,Umutara,State/Province,Rwanda,47100,10350,5650,5600,1,4.0
Western,Western,State/Province,Rwanda,47100,10350,5650,5600,1,4.0
Saint-Denis,Saint-Denis,Capital City,Réunion,56200,12350,6750,6700,2,4.4
Réunion,Réunion,Country,Réunion,57700,12700,6900,6900,3,4.1
Reunion,Reunion,State/Province,Réunion,54200,11900,6500,6600,1,4.0
Saint Barthélemy,Saint Barthélemy,Country,Saint Barthélemy,67700,14900,8100,7200,3,4.1
Ascension,Ascension,State/Province,Saint Helena,50100,11000,6000,6000,1,4.0
Saint Helena,Saint Helena,State/Province,Saint Helena,50100,11000,6000,6000,1,4.0
Tristan da Cunha,Tristan da Cunha,State/Province,Saint Helena,50100,11000,6000,6000,1,4.0
Jamestown,Jamestown,Capital City,"Saint Helena, Ascension and Tristan da Cunha",65600,14450,7850,6800,2,4.4
"Saint Helena, Ascension and Tristan da Cunha","Saint Helena, Ascension and Tristan da Cunha",Country,"Saint Helena, Ascension and Tristan da Cunha",67100,14750,8050,7100,3,4.1
Ascension,Ascension,State/Province,"Saint Helena, Ascension and Tristan da Cunha",51600,11350,6200,5200,1,4.0
Saint Helena,Saint Helena,State/Province,"Saint Helena, Ascension and Tristan da Cunha",51600,11350,6200,5200,1,4.0
Tristan da Cunha,Tristan da Cunha,State/Province,"Saint Helena, Ascension and Tristan da Cunha",51600,11350,6200,5200,1,4.0
Christ Church Nichola Town,Christ Church Nichola Town,Administrative Region,Saint Kitts and Nevis,76800,16900,9200,8500,1,4.0
Saint Anne Sandy Point,Saint Anne Sandy Point,Administrative Region,Saint Kitts and Nevis,76800,16900,9200,8500,1,4.0
Saint George Basseterre,Saint George Basseterre,Administrative Region,Saint Kitts and Nevis,76800,16900,9200,8500,1,4.0
Saint George Gingerland,Saint George Gingerland,Administrative Region,Saint Kitts and Nevis,76800,16900,9200,8500,1,4.0
Saint James Windward,Saint James Windward,Administrative Region,Saint Kitts and Nevis,76800,16900,9200,8500,1,4.0
Saint John Capisterre,Saint John Capisterre,Administrative Region,Saint Kitts and Nevis,76800,16900,9200,8500,1,4.0
Saint John Figtree,Saint John Figtree,Administrative Region,Saint Kitts and Nevis,76800,16900,9200,8500,1,4.0
Saint Mary Cayon,Saint Mary Cayon,Administrative Region,Saint Kitts and Nevis,76800,16900,9200,8500,1,4.0
Saint Paul Capisterre,Saint Paul Capisterre,Administrative Region,Saint Kitts and Nevis,76800,16900,9200,8500,1,4.0
Saint Paul Charlestown,Saint Paul Charlestown,Administrative Region,Saint Kitts and Nevis,76800,16900,9200,8500,1,4.0
Saint Peter Basseterre,Saint Peter Basseterre,Administrative Region,Saint Kitts and Nevis,76800,16900,9200,8500,1,4.0
Saint Thomas Lowland,Saint Thomas Lowland,Administrative Region,Saint Kitts and Nevis,76800,16900,9200,8500,1,4.0
Saint Thomas Middle Island,Saint Thomas Middle Island,Administrative Region,Saint Kitts and Nevis,76800,16900,9200,8500,1,4.0
Trinity Palmetto Point,Trinity Palmetto Point,Administrative Region,Saint Kitts and Nevis,76800,16900,9200,8500,1,4.0
Basseterre,Basseterre,Capital City,Saint Kitts and Nevis,85100,18700,10200,9000,2,4.4
Saint Kitts and Nevis,Saint Kitts and Nevis,Country,Saint Kitts and Nevis,86600,19050,10400,9200,3,4.1
Christ Church Nichola Town,Christ Church Nichola Town,State/Province,Saint Kitts and Nevis,78600,17300,9450,8600,1,4.0
Nevis,Nevis,State/Province,Saint Kitts and Nevis,78600,17300,9450,8600,1,4.0
Saint Anne Sandy Point,Saint Anne Sandy Point,State/Province,Saint Kitts and Nevis,78600,17300,9450,8600,1,4.0
Saint George Basseterre,Saint George Basseterre,State/Province,Saint Kitts and Nevis,78600,17300,9450,8600,1,4.0
Saint George Gingerland,Saint George Gingerland,State/Province,Saint Kitts and Nevis,78600,17300,9450,8600,1,4.0
Saint James Windward,Saint James Windward,State/Province,Saint Kitts and Nevis,78600,17300,9450,8600,1,4.0
Saint John Capisterre,Saint John Capisterre,State/Province,Saint Kitts and Nevis,78600,17300,9450,8600,1,4.0
Saint John Figtree,Saint John Figtree,State/Province,Saint Kitts and Nevis,78600,17300,9450,8600,1,4.0
Saint Kitts,Saint Kitts,State/Province,Saint Kitts and Nevis,78600,17300,9450,8600,1,4.0
Saint Mary Cayon,Saint Mary Cayon,State/Province,Saint Kitts and Nevis,78600,17300,9450,8600,1,4.0
Saint Paul Capisterre,Saint Paul Capisterre,State/Province,Saint Kitts and Nevis,78600,17300,9450,8600,1,4.0
Saint Paul Charlestown,Saint Paul Charlestown,State/Province,Saint Kitts and Nevis,78600,17300,9450,8600,1,4.0
Saint Peter Basseterre,Saint Peter Basseterre,State/Province,Saint Kitts and Nevis,78600,17300,9450,8600,1,4.0
Saint Thomas Lowland,Saint Thomas Lowland,State/Province,Saint Kitts and Nevis,78600,17300,9450,8600,1,4.0
Saint Thomas Middle Island,Saint Thomas Middle Island,State/Province,Saint Kitts and Nevis,78600,17300,9450,8600,1,4.0
Trinity Palmetto Point,Trinity Palmetto Point,State/Province,Saint Kitts and Nevis,78600,17300,9450,8600,1,4.0
Anse la Raye,Anse la Raye,Administrative Region,Saint Lucia,74400,16350,8950,8200,1,4.0
Canaries,Canaries,Administrative Region,Saint Lucia,74400,16350,8950,8200,1,4.0
Castries,Castries,Administrative Region,Saint Lucia,74400,16350,8950,8200,1,4.0
Choiseul,Choiseul,Administrative Region,Saint Lucia,74400,16350,8950,8200,1,4.0
Dennery,Dennery,Administrative Region,Saint Lucia,74400,16350,8950,8200,1,4.0
Gros Islet,Gros Islet,Administrative Region,Saint Lucia,74400,16350,8950,8200,1,4.0
Laborie,Laborie,Administrative Region,Saint Lucia,74400,16350,8950,8200,1,4.0
Micoud,Micoud,Administrative Region,Saint Lucia,74400,16350,8950,8200,1,4.0
Soufrière,Soufrière,Administrative Region,Saint Lucia,74400,16350,8950,8200,1,4.0
Vieux Fort,Vieux Fort,Administrative Region,Saint Lucia,74400,16350,8950,8200,1,4.0
Castries,Castries,Capital City,Saint Lucia,94000,20700,11300,10400,2,4.4
Saint Lucia,Saint Lucia,Country,Saint Lucia,95500,21000,11450,10600,3,4.1
Anse-la-Raye,Anse-la-Raye,State/Province,Saint Lucia,76200,16750,9150,8200,1,4.0
Castries,Castries,State/Province,Saint Lucia,76200,16750,9150,8200,1,4.0
Choiseul,Choiseul,State/Province,Saint Lucia,76200,16750,9150,8200,1,4.0
Dauphin,Dauphin,State/Province,Saint Lucia,76200,16750,9150,8200,1,4.0
Dennery,Dennery,State/Province,Saint Lucia,76200,16750,9150,8200,1,4.0
Gros Islet,Gros Islet,State/Province,Saint Lucia,76200,16750,9150,8200,1,4.0
Laborie,Laborie,State/Province,Saint Lucia,76200,16750,9150,8200,1,4.0
Micoud,Micoud,State/Province,Saint Lucia,76200,16750,9150,8200,1,4.0
Praslin,Praslin,State/Province,Saint Lucia,76200,16750,9150,8200,1,4.0
Soufriere,Soufriere,State/Province,Saint Lucia,76200,16750,9150,8200,1,4.0
Vieux Fort,Vieux Fort,State/Province,Saint Lucia,76200,16750,9150,8200,1,4.0
Saint Martin (French part),Saint Martin (French part),Country,Saint Martin (French part),60000,13200,7200,6000,3,4.1
Saint-Pierre,Saint-Pierre,Capital City,Saint Pierre and Miquelon,86600,19050,10400,9200,2,4.4
Saint Pierre and Miquelon,Saint Pierre and Miquelon,Country,Saint Pierre and Miquelon,88100,19400,10550,9500,3,4.1
Miquelon,Miquelon,State/Province,Saint Pierre and Miquelon,80000,17600,9600,8800,1,4.0
Saint Pierre,Saint Pierre,State/Province,Saint Pierre and Miquelon,80000,17600,9600,8800,1,4.0
Charlotte,Charlotte,Administrative Region,Saint Vincent and the Grenadines,72300,15900,8700,7800,1,4.0
Grenadines,Grenadines,Administrative Region,Saint Vincent and the Grenadines,72300,15900,8700,7800,1,4.0
Saint Andrew,Saint Andrew,Administrative Region,Saint Vincent and the Grenadines,72300,15900,8700,7800,1,4.0
Saint David,Saint David,Administrative Region,Saint Vincent and the Grenadines,72300,15900,8700,7800,1,4.0
Saint George,Saint George,Administrative Region,Saint Vincent and the Grenadines,72300,15900,8700,7800,1,4.0
Saint Patrick,Saint Patrick,Administrative Region,Saint Vincent and the Grenadines,72300,15900,8700,7800,1,4.0
Kingstown,Kingstown,Capital City,Saint Vincent and the Grenadines,91900,20200,11050,10000,2,4.4
Saint Vincent and the Grenadines,Saint Vincent and the Grenadines,Country,Saint Vincent and the Grenadines,93400,20550,11200,10300,3,4.1
Charlotte,Charlotte,State/Province,Saint Vincent and the Grenadines,74100,16300,8900,7900,1,4.0
Grenadines,Grenadines,State/Province,Saint Vincent and the Grenadines,74100,16300,8900,7900,1,4.0
Saint Andrew,Saint Andrew,State/Province,Saint Vincent and the Grenadines,74100,16300,8900,7900,1,4.0
Saint David,Saint David,State/Province,Saint Vincent and the Grenadines,74100,16300,8900,7900,1,4.0
Saint George,Saint George,State/Province,Saint Vincent and the Grenadines,74100,16300,8900,7900,1,4.0
Saint Patrick,Saint Patrick,State/Province,Saint Vincent and the Grenadines,74100,16300,8900,7900,1,4.0
A'ana,A'ana,Administrative Region,Samoa,73900,16250,8850,7900,1,4.0
Aiga-i-le-Tai,Aiga-i-le-Tai,Administrative Region,Samoa,73900,16250,8850,7900,1,4.0
Atua,Atua,Administrative Region,Samoa,73900,16250,8850,7900,1,4.0
Fa'asaleleaga,Fa'asaleleaga,Administrative Region,Samoa,73900,16250,8850,7900,1,4.0
Gaga'emauga,Gaga'emauga,Administrative Region,Samoa,73900,16250,8850,7900,1,4.0
Gagaifomauga,Gagaifomauga,Administrative Region,Samoa,73900,16250,8850,7900,1,4.0
Palauli,Palauli,Administrative Region,Samoa,73900,16250,8850,7900,1,4.0
Satupa'itea,Satupa'itea,Administrative Region,Samoa,73900,16250,8850,7900,1,4.0
Tuamasaga,Tuamasaga,Administrative Region,Samoa,73900,16250,8850,7900,1,4.0
Va'a-o-Fonoti,Va'a-o-Fonoti,Administrative Region,Samoa,73900,16250,8850,7900,1,4.0
Vaisigano,Vaisigano,Administrative Region,Samoa,73900,16250,8850,7900,1,4.0
Apia,Apia,Capital City,Samoa,94500,20800,11350,10200,2,4.4
Samoa,Samoa,Country,Samoa,96000,21100,11500,10400,3,4.1
A'ana,A'ana,State/Province,Samoa,87200,19200,10450,9700,1,4.0
Aiga-i-le-Tai,Aiga-i-le-Tai,State/Province,Samoa,87200,19200,10450,9700,1,4.0
Atua,Atua,State/Province,Samoa,87200,19200,10450,9700,1,4.0
Fa'asaleleaga,Fa'asaleleaga,State/Province,Samoa,87200,19200,10450,9700,1,4.0
Gaga'emauga,Gaga'emauga,State/Province,Samoa,87200,19200,10450,9700,1,4.0
Gagaifomauga,Gagaifomauga,State/Province,Samoa,87200,19200,10450,9700,1,4.0
Palauli,Palauli,State/Province,Samoa,87200,19200,10450,9700,1,4.0
Satupa'itea,Satupa'itea,State/Province,Samoa,87200,19200,10450,9700,1,4.0
Tuamasaga,Tuamasaga,State/Province,Samoa,87200,19200,10450,9700,1,4.0
Va'a-o-Fonoti,Va'a-o-Fonoti,State/Province,Samoa,87200,19200,10450,9700,1,4.0
Vaisigano,Vaisigano,State/Province,Samoa,87200,19200,10450,9700,1,4.0
Acquaviva,Acquaviva,Administrative Region,San Marino,58300,12850,7000,7400,1,4.0
Borgo Maggiore,Borgo Maggiore,Administrative Region,San Marino,58300,12850,7000,7400,1,4.0
Chiesanuova,Chiesanuova,Administrative Region,San Marino,58300,12850,7000,7400,1,4.0
Città di San Marino,Città di San Marino,Administrative Region,San Marino,58300,12850,7000,7400,1,4.0
Domagnano,Domagnano,Administrative Region,San Marino,58300,12850,7000,7400,1,4.0
Faetano,Faetano,Administrative Region,San Marino,58300,12850,7000,7400,1,4.0
Fiorentino,Fiorentino,Administrative Region,San Marino,58300,12850,7000,7400,1,4.0
Montegiardino,Montegiardino,Administrative Region,San Marino,58300,12850,7000,7400,1,4.0
Serravalle,Serravalle,Administrative Region,San Marino,58300,12850,7000,7400,1,4.0
City of San Marino,City of San Marino,Capital City,San Marino,73900,16250,8850,9300,2,4.4
San Marino,San Marino,Country,San Marino,75400,16600,9050,9600,3,4.1
Acquaviva,Acquaviva,State/Province,San Marino,59100,13000,7100,7400,1,4.0
Borgo Maggiore,Borgo Maggiore,State/Province,San Marino,59100,13000,7100,7400,1,4.0
Chiesanuova,Chiesanuova,State/Province,San Marino,59100,13000,7100,7400,1,4.0
Domagnano,Domagnano,State/Province,San Marino,59100,13000,7100,7400,1,4.0
Faetano,Faetano,State/Province,San Marino,59100,13000,7100,7400,1,4.0
Fiorentino,Fiorentino,State/Province,San Marino,59100,13000,7100,7400,1,4.0
Monte Giardino,Monte Giardino,State/Province,San Marino,59100,13000,7100,7400,1,4.0
San Marino,San Marino,State/Province,San Marino,59100,13000,7100,7400,1,4.0
Serravalle,Serravalle,State/Province,San Marino,59100,13000,7100,7400,1,4.0
Cantagalo,Cantagalo,Administrative Region,Sao Tome and Principe,53100,11700,6350,5600,1,4.0
Caué,Caué,Administrative Region,Sao Tome and Principe,53100,11700,6350,5600,1,4.0
Lembá,Lembá,Administrative Region,Sao Tome and Principe,53100,11700,6350,5600,1,4.0
Lobata,Lobata,Administrative Region,Sao Tome and Principe,53100,11700,6350,5600,1,4.0
Mé-Zóchi,Mé-Zóchi,Administrative Region,Sao Tome and Principe,53100,11700,6350,5600,1,4.0
Príncipe,Príncipe,Administrative Region,Sao Tome and Principe,53100,11700,6350,5600,1,4.0
Água Grande,Água Grande,Administrative Region,Sao Tome and Principe,53100,11700,6350,5600,1,4.0
São Tomé,São Tomé,Capital City,Sao Tome and Principe,67700,14900,8100,7200,2,4.4
Sao Tome and Principe,Sao Tome and Principe,Country,Sao Tome and Principe,69200,15200,8300,7400,3,4.1
'Asīr,'Asīr,Administrative Region,Saudi Arabia,27400,6050,3300,4500,1,4.0
Al Bāḩah,Al Bāḩah,Administrative Region,Saudi Arabia,27400,6050,3300,4500,1,4.0
Al Jawf,Al Jawf,Administrative Region,Saudi Arabia,27400,6050,3300,4500,1,4.0
Al Madīnah al Munawwarah,Al Madīnah al Munawwarah,Administrative Region,Saudi Arabia,27400,6050,3300,4500,1,4.0
Al Qaşīm,Al Qaşīm,Administrative Region,Saudi Arabia,27400,6050,3300,4500,1,4.0
Al Ḩudūd ash Shamālīyah,Al Ḩudūd ash Shamālīyah,Administrative Region,Saudi Arabia,27400,6050,3300,4500,1,4.0
Ar Riyāḑ,Ar Riyāḑ,Administrative Region,Saudi Arabia,27400,6050,3300,4500,1,4.0
Ash Sharqīyah,Ash Sharqīyah,Administrative Region,Saudi Arabia,27400,6050,3300,4500,1,4.0
Jāzān,Jāzān,Administrative Region,Saudi Arabia,27400,6050,3300,4500,1,4.0
Makkah al Mukarramah,Makkah al Mukarramah,Administrative Region,Saudi Arabia,27400,6050,3300,4500,1,4.0
Najrān,Najrān,Administrative Region,Saudi Arabia,27400,6050,3300,4500,1,4.0
Tabūk,Tabūk,Administrative Region,Saudi Arabia,27400,6050,3300,4500,1,4.0
Ḩā'il,Ḩā'il,Administrative Region,Saudi Arabia,27400,6050,3300,4500,1,4.0
Riyadh,Riyadh,Capital City,Saudi Arabia,36000,7900,4300,5900,2,4.4
Saudi Arabia,Saudi Arabia,Country,Saudi Arabia,37500,8250,4500,6100,3,4.1
'Asir,'Asir,State/Province,Saudi Arabia,26400,5800,3150,4400,1,4.0
Al Bahah,Al Bahah,State/Province,Saudi Arabia,26400,5800,3150,4400,1,4.0
Al Hudud ash Shamaliyah,Al Hudud ash Shamaliyah,State/Province,Saudi Arabia,26400,5800,3150,4400,1,4.0
Al Jawf,Al Jawf,State/Province,Saudi Arabia,26400,5800,3150,4400,1,4.0
Al Madinah,Al Madinah,State/Province,Saudi Arabia,26400,5800,3150,4400,1,4.0
Al Qasim,Al Qasim,State/Province,Saudi Arabia,26400,5800,3150,4400,1,4.0
Ar Riyad,Ar Riyad,State/Province,Saudi Arabia,26400,5800,3150,4400,1,4.0
Ash Sharqiyah (Eastern Province),Ash Sharqiyah (Eastern Province),State/Province,Saudi Arabia,26400,5800,3150,4400,1,4.0
Ha'il,Ha'il,State/Province,Saudi Arabia,26400,5800,3150,4400,1,4.0
Jizan,Jizan,State/Province,Saudi Arabia,26400,5800,3150,4400,1,4.0
Makkah,Makkah,State/Province,Saudi Arabia,26400,5800,3150,4400,1,4.0
Najran,Najran,State/Province,Saudi Arabia,26400,5800,3150,4400,1,4.0
Tabuk,Tabuk,State/Province,Saudi Arabia,26400,5800,3150,4400,1,4.0
Aberdeen City,Aberdeen City,State/Province,Scotland,53500,11750,6400,5500,1,4.0
Aberdeenshire,Aberdeenshire,State/Province,Scotland,53500,11750,6400,5500,1,4.0
Angus,Angus,State/Province,Scotland,53500,11750,6400,5500,1,4.0
Argyll and Bute,Argyll and Bute,State/Province,Scotland,53500,11750,6400,5500,1,4.0
City of Edinburgh,City of Edinburgh,State/Province,Scotland,53500,11750,6400,5500,1,4.0
Clackmannanshire,Clackmannanshire,State/Province,Scotland,53500,11750,6400,5500,1,4.0
Dumfries and Galloway,Dumfries and Galloway,State/Province,Scotland,53500,11750,6400,5500,1,4.0
Dundee City,Dundee City,State/Province,Scotland,53500,11750,6400,5500,1,4.0
East Ayrshire,East Ayrshire,State/Province,Scotland,53500,11750,6400,5500,1,4.0
East Dunbartonshire,East Dunbartonshire,State/Province,Scotland,53500,11750,6400,5500,1,4.0
East Lothian,East Lothian,State/Province,Scotland,53500,11750,6400,5500,1,4.0
East Renfrewshire,East Renfrewshire,State/Province,Scotland,53500,11750,6400,5500,1,4.0
Eilean Siar (Western Isles),Eilean Siar (Western Isles),State/Province,Scotland,53500,11750,6400,5500,1,4.0
Falkirk,Falkirk,State/Province,Scotland,53500,11750,6400,5500,1,4.0
Fife,Fife,State/Province,Scotland,53500,11750,6400,5500,1,4.0
Glasgow City,Glasgow City,State/Province,Scotland,53500,11750,6400,5500,1,4.0
Highland,Highland,State/Province,Scotland,53500,11750,6400,5500,1,4.0
Inverclyde,Inverclyde,State/Province,Scotland,53500,11750,6400,5500,1,4.0
Midlothian,Midlothian,State/Province,Scotland,53500,11750,6400,5500,1,4.0
Moray,Moray,State/Province,Scotland,53500,11750,6400,5500,1,4.0
North Ayrshire,North Ayrshire,State/Province,Scotland,53500,11750,6400,5500,1,4.0
North Lanarkshire,North Lanarkshire,State/Province,Scotland,53500,11750,6400,5500,1,4.0
Orkney Islands,Orkney Islands,State/Province,Scotland,53500,11750,6400,5500,1,4.0
Perth and Kinross,Perth and Kinross,State/Province,Scotland,53500,11750,6400,5500,1,4.0
Renfrewshire,Renfrewshire,State/Province,Scotland,53500,11750,6400,5500,1,4.0
Shetland Islands,Shetland Islands,State/Province,Scotland,53500,11750,6400,5500,1,4.0
South Ayrshire,South Ayrshire,State/Province,Scotland,53500,11750,6400,5500,1,4.0
South Lanarkshire,South Lanarkshire,State/Province,Scotland,53500,11750,6400,5500,1,4.0
Stirling,Stirling,State/Province,Scotland,53500,11750,6400,5500,1,4.0
The Scottish Borders,The Scottish Borders,State/Province,Scotland,53500,11750,6400,5500,1,4.0
West Dunbartonshire,West Dunbartonshire,State/Province,Scotland,53500,11750,6400,5500,1,4.0
West Lothian,West Lothian,State/Province,Scotland,53500,11750,6400,5500,1,4.0
Dakar,Dakar,Administrative Region,Senegal,46600,10250,5600,5600,1,4.0
Diourbel,Diourbel,Administrative Region,Senegal,46600,10250,5600,5600,1,4.0
Fatick,Fatick,Administrative Region,Senegal,46600,10250,5600,5600,1,4.0
Kaffrine,Kaffrine,Administrative Region,Senegal,46600,10250,5600,5600,1,4.0
Kaolack,Kaolack,Administrative Region,Senegal,46600,10250,5600,5600,1,4.0
Kolda,Kolda,Administrative Region,Senegal,46600,10250,5600,5600,1,4.0
Kédougou,Kédougou,Administrative Region,Senegal,46600,10250,5600,5600,1,4.0
Louga,Louga,Administrative Region,Senegal,46600,10250,5600,5600,1,4.0
Matam,Matam,Administrative Region,Senegal,46600,10250,5600,5600,1,4.0
Saint-Louis,Saint-Louis,Administrative Region,Senegal,46600,10250,5600,5600,1,4.0
Sédhiou,Sédhiou,Administrative Region,Senegal,46600,10250,5600,5600,1,4.0
Tambacounda,Tambacounda,Administrative Region,Senegal,46600,10250,5600,5600,1,4.0
Thiès,Thiès,Administrative Region,Senegal,46600,10250,5600,5600,1,4.0
Ziguinchor,Ziguinchor,Administrative Region,Senegal,46600,10250,5600,5600,1,4.0
Dakar,Dakar,Capital City,Senegal,60200,13250,7200,7300,2,4.4
Senegal,Senegal,Country,Senegal,61700,13550,7400,7500,3,4.1
Dakar,Dakar,State/Province,Senegal,46900,10300,5650,5500,1,4.0
Diourbel,Diourbel,State/Province,Senegal,46900,10300,5650,5500,1,4.0
Fatick,Fatick,State/Province,Senegal,46900,10300,5650,5500,1,4.0
Kaolack,Kaolack,State/Province,Senegal,46900,10300,5650,5500,1,4.0
Kolda,Kolda,State/Province,Senegal,46900,10300,5650,5500,1,4.0
Louga,Louga,State/Province,Senegal,46900,10300,5650,5500,1,4.0
Saint-Louis,Saint-Louis,State/Province,Senegal,46900,10300,5650,5500,1,4.0
Tambacounda,Tambacounda,State/Province,Senegal,46900,10300,5650,5500,1,4.0
Thies,Thies,State/Province,Senegal,46900,10300,5650,5500,1,4.0
Ziguinchor,Ziguinchor,State/Province,Senegal,46900,10300,5650,5500,1,4.0
Borski okrug,Borski okrug,Administrative Region,Serbia,54000,11900,6500,6700,1,4.0
Braničevski okrug,Braničevski okrug,Administrative Region,Serbia,54000,11900,6500,6700,1,4.0
Jablanički okrug,Jablanički okrug,Administrative Region,Serbia,54000,11900,6500,6700,1,4.0
Južnobanatski okrug,Južnobanatski okrug,Administrative Region,Serbia,54000,11900,6500,6700,1,4.0
Južnobački okrug,Južnobački okrug,Administrative Region,Serbia,54000,11900,6500,6700,1,4.0
Kolubarski okrug,Kolubarski okrug,Administrative Region,Serbia,54000,11900,6500,6700,1,4.0
Kosovski okrug,Kosovski okrug,Administrative Region,Serbia,54000,11900,6500,6700,1,4.0
Kosovsko-Mitrovački okrug,Kosovsko-Mitrovački okrug,Administrative Region,Serbia,54000,11900,6500,6700,1,4.0
Kosovsko-Pomoravski okrug,Kosovsko-Pomoravski okrug,Administrative Region,Serbia,54000,11900,6500,6700,1,4.0
Mačvanski okrug,Mačvanski okrug,Administrative Region,Serbia,54000,11900,6500,6700,1,4.0
Moravički okrug,Moravički okrug,Administrative Region,Serbia,54000,11900,6500,6700,1,4.0
Nišavski okrug,Nišavski okrug,Administrative Region,Serbia,54000,11900,6500,6700,1,4.0
Pećki okrug,Pećki okrug,Administrative Region,Serbia,54000,11900,6500,6700,1,4.0
Pirotski okrug,Pirotski okrug,Administrative Region,Serbia,54000,11900,6500,6700,1,4.0
Podunavski okrug,Podunavski okrug,Administrative Region,Serbia,54000,11900,6500,6700,1,4.0
Pomoravski okrug,Pomoravski okrug,Administrative Region,Serbia,54000,11900,6500,6700,1,4.0
Prizrenski okrug,Prizrenski okrug,Administrative Region,Serbia,54000,11900,6500,6700,1,4.0
Pčinjski okrug,Pčinjski okrug,Administrative Region,Serbia,54000,11900,6500,6700,1,4.0
Rasinski okrug,Rasinski okrug,Administrative Region,Serbia,54000,11900,6500,6700,1,4.0
Raški okrug,Raški okrug,Administrative Region,Serbia,54000,11900,6500,6700,1,4.0
Severnobanatski okrug,Severnobanatski okrug,Administrative Region,Serbia,54000,11900,6500,6700,1,4.0
Severnobački okrug,Severnobački okrug,Administrative Region,Serbia,54000,11900,6500,6700,1,4.0
Srednjebanatski okrug,Srednjebanatski okrug,Administrative Region,Serbia,54000,11900,6500,6700,1,4.0
Sremski okrug,Sremski okrug,Administrative Region,Serbia,54000,11900,6500,6700,1,4.0
Toplički okrug,Toplički okrug,Administrative Region,Serbia,54000,11900,6500,6700,1,4.0
Zaječarski okrug,Zaječarski okrug,Administrative Region,Serbia,54000,11900,6500,6700,1,4.0
Zapadnobački okrug,Zapadnobački okrug,Administrative Region,Serbia,54000,11900,6500,6700,1,4.0
Zlatiborski okrug,Zlatiborski okrug,Administrative Region,Serbia,54000,11900,6500,6700,1,4.0
Šumadijski okrug,Šumadijski okrug,Administrative Region,Serbia,54000,11900,6500,6700,1,4.0
Belgrade,Belgrade,Capital City,Serbia,69600,15300,8350,8700,2,4.4
Serbia,Serbia,Country,Serbia,71100,15650,8550,8900,3,4.1
Beograd,Beograd,State/Province,Serbia,66100,14550,7950,8400,1,4.0
Bor,Bor,State/Province,Serbia,66100,14550,7950,8400,1,4.0
Braničevo,Braničevo,State/Province,Serbia,66100,14550,7950,8400,1,4.0
Central Banat,Central Banat,State/Province,Serbia,66100,14550,7950,8400,1,4.0
Jablanica,Jablanica,State/Province,Serbia,66100,14550,7950,8400,1,4.0
Kolubara,Kolubara,State/Province,Serbia,66100,14550,7950,8400,1,4.0
Kosovo,Kosovo,State/Province,Serbia,66100,14550,7950,8400,1,4.0
Kosovo-Metohija,Kosovo-Metohija,State/Province,Serbia,66100,14550,7950,8400,1,4.0
Kosovo-Pomoravlje,Kosovo-Pomoravlje,State/Province,Serbia,66100,14550,7950,8400,1,4.0
Kosovska Mitrovica,Kosovska Mitrovica,State/Province,Serbia,66100,14550,7950,8400,1,4.0
Mačva,Mačva,State/Province,Serbia,66100,14550,7950,8400,1,4.0
Moravica,Moravica,State/Province,Serbia,66100,14550,7950,8400,1,4.0
Nišava,Nišava,State/Province,Serbia,66100,14550,7950,8400,1,4.0
North Banat,North Banat,State/Province,Serbia,66100,14550,7950,8400,1,4.0
North Bačka,North Bačka,State/Province,Serbia,66100,14550,7950,8400,1,4.0
Peć,Peć,State/Province,Serbia,66100,14550,7950,8400,1,4.0
Pirot,Pirot,State/Province,Serbia,66100,14550,7950,8400,1,4.0
Podunavlje,Podunavlje,State/Province,Serbia,66100,14550,7950,8400,1,4.0
Pomoravlje,Pomoravlje,State/Province,Serbia,66100,14550,7950,8400,1,4.0
Prizren,Prizren,State/Province,Serbia,66100,14550,7950,8400,1,4.0
Pčinja,Pčinja,State/Province,Serbia,66100,14550,7950,8400,1,4.0
Rasina,Rasina,State/Province,Serbia,66100,14550,7950,8400,1,4.0
Raška,Raška,State/Province,Serbia,66100,14550,7950,8400,1,4.0
South Banat,South Banat,State/Province,Serbia,66100,14550,7950,8400,1,4.0
South Bačka,South Bačka,State/Province,Serbia,66100,14550,7950,8400,1,4.0
Srem,Srem,State/Province,Serbia,66100,14550,7950,8400,1,4.0
Toplica,Toplica,State/Province,Serbia,66100,14550,7950,8400,1,4.0
Vojvodina,Vojvodina,State/Province,Serbia,66100,14550,7950,8400,1,4.0
West Bačka,West Bačka,State/Province,Serbia,66100,14550,7950,8400,1,4.0
Zaječar,Zaječar,State/Province,Serbia,66100,14550,7950,8400,1,4.0
Zlatibor,Zlatibor,State/Province,Serbia,66100,14550,7950,8400,1,4.0
Šumadija,Šumadija,State/Province,Serbia,66100,14550,7950,8400,1,4.0
Anse aux Pins,Anse aux Pins,Administrative Region,Seychelles,50900,11200,6100,6200,1,4.0
Anse Boileau,Anse Boileau,Administrative Region,Seychelles,50900,11200,6100,6200,1,4.0
Anse Etoile,Anse Etoile,Administrative Region,Seychelles,50900,11200,6100,6200,1,4.0
Anse Royale,Anse Royale,Administrative Region,Seychelles,50900,11200,6100,6200,1,4.0
Au Cap,Au Cap,Administrative Region,Seychelles,50900,11200,6100,6200,1,4.0
Baie Lazare,Baie Lazare,Administrative Region,Seychelles,50900,11200,6100,6200,1,4.0
Baie Sainte Anne,Baie Sainte Anne,Administrative Region,Seychelles,50900,11200,6100,6200,1,4.0
Beau Vallon,Beau Vallon,Administrative Region,Seychelles,50900,11200,6100,6200,1,4.0
Bel Air,Bel Air,Administrative Region,Seychelles,50900,11200,6100,6200,1,4.0
Bel Ombre,Bel Ombre,Administrative Region,Seychelles,50900,11200,6100,6200,1,4.0
Cascade,Cascade,Administrative Region,Seychelles,50900,11200,6100,6200,1,4.0
English River,English River,Administrative Region,Seychelles,50900,11200,6100,6200,1,4.0
Glacis,Glacis,Administrative Region,Seychelles,50900,11200,6100,6200,1,4.0
Grand Anse Mahe,Grand Anse Mahe,Administrative Region,Seychelles,50900,11200,6100,6200,1,4.0
Grand Anse Praslin,Grand Anse Praslin,Administrative Region,Seychelles,50900,11200,6100,6200,1,4.0
Ile Perseverance I,Ile Perseverance I,Administrative Region,Seychelles,50900,11200,6100,6200,1,4.0
Ile Perseverance II,Ile Perseverance II,Administrative Region,Seychelles,50900,11200,6100,6200,1,4.0
La Digue,La Digue,Administrative Region,Seychelles,50900,11200,6100,6200,1,4.0
Les Mamelles,Les Mamelles,Administrative Region,Seychelles,50900,11200,6100,6200,1,4.0
Mont Buxton,Mont Buxton,Administrative Region,Seychelles,50900,11200,6100,6200,1,4.0
Mont Fleuri,Mont Fleuri,Administrative Region,Seychelles,50900,11200,6100,6200,1,4.0
Plaisance,Plaisance,Administrative Region,Seychelles,50900,11200,6100,6200,1,4.0
Pointe Larue,Pointe Larue,Administrative Region,Seychelles,50900,11200,6100,6200,1,4.0
Port Glaud,Port Glaud,Administrative Region,Seychelles,50900,11200,6100,6200,1,4.0
Roche Caiman,Roche Caiman,Administrative Region,Seychelles,50900,11200,6100,6200,1,4.0
Saint Louis,Saint Louis,Administrative Region,Seychelles,50900,11200,6100,6200,1,4.0
Takamaka,Takamaka,Administrative Region,Seychelles,50900,11200,6100,6200,1,4.0
Victoria,Victoria,Capital City,Seychelles,64500,14200,7750,7900,2,4.4
Seychelles,Seychelles,Country,Seychelles,66000,14500,7900,8100,3,4.1
Anse aux Pins,Anse aux Pins,State/Province,Seychelles,51200,11250,6150,6200,1,4.0
Anse Boileau,Anse Boileau,State/Province,Seychelles,51200,11250,6150,6200,1,4.0
Anse Etoile,Anse Etoile,State/Province,Seychelles,51200,11250,6150,6200,1,4.0
Anse Louis,Anse Louis,State/Province,Seychelles,51200,11250,6150,6200,1,4.0
Anse Royale,Anse Royale,State/Province,Seychelles,51200,11250,6150,6200,1,4.0
Baie Lazare,Baie Lazare,State/Province,Seychelles,51200,11250,6150,6200,1,4.0
Baie Sainte Anne,Baie Sainte Anne,State/Province,Seychelles,51200,11250,6150,6200,1,4.0
Beau Vallon,Beau Vallon,State/Province,Seychelles,51200,11250,6150,6200,1,4.0
Bel Air,Bel Air,State/Province,Seychelles,51200,11250,6150,6200,1,4.0
Bel Ombre,Bel Ombre,State/Province,Seychelles,51200,11250,6150,6200,1,4.0
Cascade,Cascade,State/Province,Seychelles,51200,11250,6150,6200,1,4.0
Glacis,Glacis,State/Province,Seychelles,51200,11250,6150,6200,1,4.0
Grand' Anse (on Mahe),Grand' Anse (on Mahe),State/Province,Seychelles,51200,11250,6150,6200,1,4.0
Grand' Anse (on Praslin),Grand' Anse (on Praslin),State/Province,Seychelles,51200,11250,6150,6200,1,4.0
La Digue,La Digue,State/Province,Seychelles,51200,11250,6150,6200,1,4.0
La Riviere Anglaise,La Riviere Anglaise,State/Province,Seychelles,51200,11250,6150,6200,1,4.0
Mont Buxton,Mont Buxton,State/Province,Seychelles,51200,11250,6150,6200,1,4.0
Mont Fleuri,Mont Fleuri,State/Province,Seychelles,51200,11250,6150,6200,1,4.0
Plaisance,Plaisance,State/Province,Seychelles,51200,11250,6150,6200,1,4.0
Pointe La Rue,Pointe La Rue,State/Province,Seychelles,51200,11250,6150,6200,1,4.0
Port Glaud,Port Glaud,State/Province,Seychelles,51200,11250,6150,6200,1,4.0
Saint Louis,Saint Louis,State/Province,Seychelles,51200,11250,6150,6200,1,4.0
Takamaka,Takamaka,State/Province,Seychelles,51200,11250,6150,6200,1,4.0
Freetown,Freetown,Capital City,Sierra Leone,64900,14300,7800,8000,2,4.4
Sierra Leone,Sierra Leone,Country,Sierra Leone,55100,12100,6600,6500,3,4.1
Eastern,Eastern,State/Province,Sierra Leone,51600,11350,6200,6300,1,4.0
North Western,North Western,State/Province,Sierra Leone,51600,11350,6200,6300,1,4.0
Northern,Northern,State/Province,Sierra Leone,51600,11350,6200,6300,1,4.0
Southern,Southern,State/Province,Sierra Leone,51600,11350,6200,6300,1,4.0
Western,Western,State/Province,Sierra Leone,51600,11350,6200,6300,1,4.0
Western Area (Freetown),Western Area (Freetown),State/Province,Sierra Leone,51600,11350,6200,6300,1,4.0
Central Singapore,Central Singapore,Administrative Region,Singapore,30300,6650,3650,5000,1,4.0
North East,North East,Administrative Region,Singapore,30300,6650,3650,5000,1,4.0
North West,North West,Administrative Region,Singapore,30300,6650,3650,5000,1,4.0
South East,South East,Administrative Region,Singapore,30300,6650,3650,5000,1,4.0
South West,South West,Administrative Region,Singapore,30300,6650,3650,5000,1,4.0
Singapore,Singapore,Capital City,Singapore,38900,8550,4650,6300,2,4.4
Singapore,Singapore,City,Singapore,40000,999999,999999,12000,3,4.8
Singapore,Singapore,Country,Singapore,40400,8900,4850,6600,3,4.1
Gardens by the Bay,Singapore,Landmark,Singapore,38200,8400,4600,6300,1,4.7
Marina Bay Sands,Singapore,Landmark,Singapore,40000,999999,999999,25000,0.3,4.8
Sentosa Island,Singapore,Leisure,Singapore,40000,999999,999999,15000,0.8,4.7
Gardens by the Bay,Singapore,Nature,Singapore,40000,999999,999999,12000,0.4,4.9
Singapore,Singapore,State/Province,Singapore,29300,6450,3500,4800,1,4.0
Sint Maarten (Dutch part),Sint Maarten (Dutch part),Country,Sint Maarten (Dutch part),60200,13250,7200,6000,3,4.1
Banskobystrický kraj,Banskobystrický kraj,Administrative Region,Slovakia,57200,12600,6850,7200,1,4.0
Bratislavský kraj,Bratislavský kraj,Administrative Region,Slovakia,57200,12600,6850,7200,1,4.0
Košický kraj,Košický kraj,Administrative Region,Slovakia,57200,12600,6850,7200,1,4.0
Nitriansky kraj,Nitriansky kraj,Administrative Region,Slovakia,57200,12600,6850,7200,1,4.0
Prešovský kraj,Prešovský kraj,Administrative Region,Slovakia,57200,12600,6850,7200,1,4.0
Trenčiansky kraj,Trenčiansky kraj,Administrative Region,Slovakia,57200,12600,6850,7200,1,4.0
Trnavský kraj,Trnavský kraj,Administrative Region,Slovakia,57200,12600,6850,7200,1,4.0
Žilinský kraj,Žilinský kraj,Administrative Region,Slovakia,57200,12600,6850,7200,1,4.0
Bratislava,Bratislava,Capital City,Slovakia,72800,16000,8750,9200,2,4.4
Slovakia,Slovakia,Country,Slovakia,74300,16350,8900,9400,3,4.1
Banskobystricky,Banskobystricky,State/Province,Slovakia,58000,12750,6950,7200,1,4.0
Bratislavsky,Bratislavsky,State/Province,Slovakia,58000,12750,6950,7200,1,4.0
Kosicky,Kosicky,State/Province,Slovakia,58000,12750,6950,7200,1,4.0
Nitriansky,Nitriansky,State/Province,Slovakia,58000,12750,6950,7200,1,4.0
Presovsky,Presovsky,State/Province,Slovakia,58000,12750,6950,7200,1,4.0
Trenciansky,Trenciansky,State/Province,Slovakia,58000,12750,6950,7200,1,4.0
Trnavsky,Trnavsky,State/Province,Slovakia,58000,12750,6950,7200,1,4.0
Zilinsky,Zilinsky,State/Province,Slovakia,58000,12750,6950,7200,1,4.0
Ajdovščina,Ajdovščina,Administrative Region,Slovenia,58000,12750,6950,7300,1,4.0
Ankaran,Ankaran,Administrative Region,Slovenia,58000,12750,6950,7300,1,4.0
Apače,Apače,Administrative Region,Slovenia,58000,12750,6950,7300,1,4.0
Beltinci,Beltinci,Administrative Region,Slovenia,58000,12750,6950,7300,1,4.0
Benedikt,Benedikt,Administrative Region,Slovenia,58000,12750,6950,7300,1,4.0
Bistrica ob Sotli,Bistrica ob Sotli,Administrative Region,Slovenia,58000,12750,6950,7300,1,4.0
Bled,Bled,Administrative Region,Slovenia,58000,12750,6950,7300,1,4.0
Bloke,Bloke,Administrative Region,Slovenia,58000,12750,6950,7300,1,4.0
Bohinj,Bohinj,Administrative Region,Slovenia,58000,12750,6950,7300,1,4.0
Borovnica,Borovnica,Administrative Region,Slovenia,58000,12750,6950,7300,1,4.0
Bovec,Bovec,Administrative Region,Slovenia,58000,12750,6950,7300,1,4.0
Braslovče,Braslovče,Administrative Region,Slovenia,58000,12750,6950,7300,1,4.0
Brda,Brda,Administrative Region,Slovenia,58000,12750,6950,7300,1,4.0
Brezovica,Brezovica,Administrative Region,Slovenia,58000,12750,6950,7300,1,4.0
Brežice,Brežice,Administrative Region,Slovenia,58000,12750,6950,7300,1,4.0
Cankova,Cankova,Administrative Region,Slovenia,58000,12750,6950,7300,1,4.0
Celje,Celje,Administrative Region,Slovenia,58000,12750,6950,7300,1,4.0
Cerklje na Gorenjskem,Cerklje na Gorenjskem,Administrative Region,Slovenia,58000,12750,6950,7300,1,4.0
Cerknica,Cerknica,Administrative Region,Slovenia,58000,12750,6950,7300,1,4.0
Cerkno,Cerkno,Administrative Region,Slovenia,58000,12750,6950,7300,1,4.0
Cerkvenjak,Cerkvenjak,Administrative Region,Slovenia,58000,12750,6950,7300,1,4.0
Cirkulane,Cirkulane,Administrative Region,Slovenia,58000,12750,6950,7300,1,4.0
Destrnik,Destrnik,Administrative Region,Slovenia,58000,12750,6950,7300,1,4.0
Divača,Divača,Administrative Region,Slovenia,58000,12750,6950,7300,1,4.0
Dobje,Dobje,Administrative Region,Slovenia,58000,12750,6950,7300,1,4.0
Dobrepolje,Dobrepolje,Administrative Region,Slovenia,58000,12750,6950,7300,1,4.0
Dobrna,Dobrna,Administrative Region,Slovenia,58000,12750,6950,7300,1,4.0
Dobrova-Polhov Gradec,Dobrova-Polhov Gradec,Administrative Region,Slovenia,58000,12750,6950,7300,1,4.0
Dobrovnik,Dobrovnik,Administrative Region,Slovenia,58000,12750,6950,7300,1,4.0
Dol pri Ljubljani,Dol pri Ljubljani,Administrative Region,Slovenia,58000,12750,6950,7300,1,4.0
Dolenjske Toplice,Dolenjske Toplice,Administrative Region,Slovenia,58000,12750,6950,7300,1,4.0
Domžale,Domžale,Administrative Region,Slovenia,58000,12750,6950,7300,1,4.0
Dornava,Dornava,Administrative Region,Slovenia,58000,12750,6950,7300,1,4.0
Dravograd,Dravograd,Administrative Region,Slovenia,58000,12750,6950,7300,1,4.0
Duplek,Duplek,Administrative Region,Slovenia,58000,12750,6950,7300,1,4.0
Gorenja vas-Poljane,Gorenja vas-Poljane,Administrative Region,Slovenia,58000,12750,6950,7300,1,4.0
Gorišnica,Gorišnica,Administrative Region,Slovenia,58000,12750,6950,7300,1,4.0
Gorje,Gorje,Administrative Region,Slovenia,58000,12750,6950,7300,1,4.0
Gornja Radgona,Gornja Radgona,Administrative Region,Slovenia,58000,12750,6950,7300,1,4.0
Gornji Grad,Gornji Grad,Administrative Region,Slovenia,58000,12750,6950,7300,1,4.0
Gornji Petrovci,Gornji Petrovci,Administrative Region,Slovenia,58000,12750,6950,7300,1,4.0
Grad,Grad,Administrative Region,Slovenia,58000,12750,6950,7300,1,4.0
Grosuplje,Grosuplje,Administrative Region,Slovenia,58000,12750,6950,7300,1,4.0
Hajdina,Hajdina,Administrative Region,Slovenia,58000,12750,6950,7300,1,4.0
Hodoš,Hodoš,Administrative Region,Slovenia,58000,12750,6950,7300,1,4.0
Horjul,Horjul,Administrative Region,Slovenia,58000,12750,6950,7300,1,4.0
Hoče-Slivnica,Hoče-Slivnica,Administrative Region,Slovenia,58000,12750,6950,7300,1,4.0
Hrastnik,Hrastnik,Administrative Region,Slovenia,58000,12750,6950,7300,1,4.0
Hrpelje-Kozina,Hrpelje-Kozina,Administrative Region,Slovenia,58000,12750,6950,7300,1,4.0
Idrija,Idrija,Administrative Region,Slovenia,58000,12750,6950,7300,1,4.0
Ig,Ig,Administrative Region,Slovenia,58000,12750,6950,7300,1,4.0
Ilirska Bistrica,Ilirska Bistrica,Administrative Region,Slovenia,58000,12750,6950,7300,1,4.0
Ivančna Gorica,Ivančna Gorica,Administrative Region,Slovenia,58000,12750,6950,7300,1,4.0
Izola,Izola,Administrative Region,Slovenia,58000,12750,6950,7300,1,4.0
Jesenice,Jesenice,Administrative Region,Slovenia,58000,12750,6950,7300,1,4.0
Jezersko,Jezersko,Administrative Region,Slovenia,58000,12750,6950,7300,1,4.0
Juršinci,Juršinci,Administrative Region,Slovenia,58000,12750,6950,7300,1,4.0
Kamnik,Kamnik,Administrative Region,Slovenia,58000,12750,6950,7300,1,4.0
Kanal ob Soči,Kanal ob Soči,Administrative Region,Slovenia,58000,12750,6950,7300,1,4.0
Kidričevo,Kidričevo,Administrative Region,Slovenia,58000,12750,6950,7300,1,4.0
Kobarid,Kobarid,Administrative Region,Slovenia,58000,12750,6950,7300,1,4.0
Kobilje,Kobilje,Administrative Region,Slovenia,58000,12750,6950,7300,1,4.0
Komen,Komen,Administrative Region,Slovenia,58000,12750,6950,7300,1,4.0
Komenda,Komenda,Administrative Region,Slovenia,58000,12750,6950,7300,1,4.0
Koper,Koper,Administrative Region,Slovenia,58000,12750,6950,7300,1,4.0
Kostanjevica na Krki,Kostanjevica na Krki,Administrative Region,Slovenia,58000,12750,6950,7300,1,4.0
Kostel,Kostel,Administrative Region,Slovenia,58000,12750,6950,7300,1,4.0
Kozje,Kozje,Administrative Region,Slovenia,58000,12750,6950,7300,1,4.0
Kočevje,Kočevje,Administrative Region,Slovenia,58000,12750,6950,7300,1,4.0
Kranj,Kranj,Administrative Region,Slovenia,58000,12750,6950,7300,1,4.0
Kranjska Gora,Kranjska Gora,Administrative Region,Slovenia,58000,12750,6950,7300,1,4.0
Križevci,Križevci,Administrative Region,Slovenia,58000,12750,6950,7300,1,4.0
Krško,Krško,Administrative Region,Slovenia,58000,12750,6950,7300,1,4.0
Kungota,Kungota,Administrative Region,Slovenia,58000,12750,6950,7300,1,4.0
Kuzma,Kuzma,Administrative Region,Slovenia,58000,12750,6950,7300,1,4.0
Laško,Laško,Administrative Region,Slovenia,58000,12750,6950,7300,1,4.0
Lenart,Lenart,Administrative Region,Slovenia,58000,12750,6950,7300,1,4.0
Lendava,Lendava,Administrative Region,Slovenia,58000,12750,6950,7300,1,4.0
Litija,Litija,Administrative Region,Slovenia,58000,12750,6950,7300,1,4.0
Ljubljana,Ljubljana,Administrative Region,Slovenia,58000,12750,6950,7300,1,4.0
Ljubno,Ljubno,Administrative Region,Slovenia,58000,12750,6950,7300,1,4.0
Ljutomer,Ljutomer,Administrative Region,Slovenia,58000,12750,6950,7300,1,4.0
Log-Dragomer,Log-Dragomer,Administrative Region,Slovenia,58000,12750,6950,7300,1,4.0
Logatec,Logatec,Administrative Region,Slovenia,58000,12750,6950,7300,1,4.0
Lovrenc na Pohorju,Lovrenc na Pohorju,Administrative Region,Slovenia,58000,12750,6950,7300,1,4.0
Loška dolina,Loška dolina,Administrative Region,Slovenia,58000,12750,6950,7300,1,4.0
Loški Potok,Loški Potok,Administrative Region,Slovenia,58000,12750,6950,7300,1,4.0
Lukovica,Lukovica,Administrative Region,Slovenia,58000,12750,6950,7300,1,4.0
Luče,Luče,Administrative Region,Slovenia,58000,12750,6950,7300,1,4.0
Majšperk,Majšperk,Administrative Region,Slovenia,58000,12750,6950,7300,1,4.0
Makole,Makole,Administrative Region,Slovenia,58000,12750,6950,7300,1,4.0
Maribor,Maribor,Administrative Region,Slovenia,58000,12750,6950,7300,1,4.0
Markovci,Markovci,Administrative Region,Slovenia,58000,12750,6950,7300,1,4.0
Medvode,Medvode,Administrative Region,Slovenia,58000,12750,6950,7300,1,4.0
Mengeš,Mengeš,Administrative Region,Slovenia,58000,12750,6950,7300,1,4.0
Metlika,Metlika,Administrative Region,Slovenia,58000,12750,6950,7300,1,4.0
Mežica,Mežica,Administrative Region,Slovenia,58000,12750,6950,7300,1,4.0
Miklavž na Dravskem polju,Miklavž na Dravskem polju,Administrative Region,Slovenia,58000,12750,6950,7300,1,4.0
Miren-Kostanjevica,Miren-Kostanjevica,Administrative Region,Slovenia,58000,12750,6950,7300,1,4.0
Mirna,Mirna,Administrative Region,Slovenia,58000,12750,6950,7300,1,4.0
Mirna Peč,Mirna Peč,Administrative Region,Slovenia,58000,12750,6950,7300,1,4.0
Mislinja,Mislinja,Administrative Region,Slovenia,58000,12750,6950,7300,1,4.0
Mokronog-Trebelno,Mokronog-Trebelno,Administrative Region,Slovenia,58000,12750,6950,7300,1,4.0
Moravske Toplice,Moravske Toplice,Administrative Region,Slovenia,58000,12750,6950,7300,1,4.0
Moravče,Moravče,Administrative Region,Slovenia,58000,12750,6950,7300,1,4.0
Mozirje,Mozirje,Administrative Region,Slovenia,58000,12750,6950,7300,1,4.0
Murska Sobota,Murska Sobota,Administrative Region,Slovenia,58000,12750,6950,7300,1,4.0
Muta,Muta,Administrative Region,Slovenia,58000,12750,6950,7300,1,4.0
Naklo,Naklo,Administrative Region,Slovenia,58000,12750,6950,7300,1,4.0
Nazarje,Nazarje,Administrative Region,Slovenia,58000,12750,6950,7300,1,4.0
Nova Gorica,Nova Gorica,Administrative Region,Slovenia,58000,12750,6950,7300,1,4.0
Novo Mesto,Novo Mesto,Administrative Region,Slovenia,58000,12750,6950,7300,1,4.0
Odranci,Odranci,Administrative Region,Slovenia,58000,12750,6950,7300,1,4.0
Oplotnica,Oplotnica,Administrative Region,Slovenia,58000,12750,6950,7300,1,4.0
Ormož,Ormož,Administrative Region,Slovenia,58000,12750,6950,7300,1,4.0
Osilnica,Osilnica,Administrative Region,Slovenia,58000,12750,6950,7300,1,4.0
Pesnica,Pesnica,Administrative Region,Slovenia,58000,12750,6950,7300,1,4.0
Piran,Piran,Administrative Region,Slovenia,58000,12750,6950,7300,1,4.0
Pivka,Pivka,Administrative Region,Slovenia,58000,12750,6950,7300,1,4.0
Podlehnik,Podlehnik,Administrative Region,Slovenia,58000,12750,6950,7300,1,4.0
Podvelka,Podvelka,Administrative Region,Slovenia,58000,12750,6950,7300,1,4.0
Podčetrtek,Podčetrtek,Administrative Region,Slovenia,58000,12750,6950,7300,1,4.0
Poljčane,Poljčane,Administrative Region,Slovenia,58000,12750,6950,7300,1,4.0
Polzela,Polzela,Administrative Region,Slovenia,58000,12750,6950,7300,1,4.0
Postojna,Postojna,Administrative Region,Slovenia,58000,12750,6950,7300,1,4.0
Prebold,Prebold,Administrative Region,Slovenia,58000,12750,6950,7300,1,4.0
Preddvor,Preddvor,Administrative Region,Slovenia,58000,12750,6950,7300,1,4.0
Prevalje,Prevalje,Administrative Region,Slovenia,58000,12750,6950,7300,1,4.0
Ptuj,Ptuj,Administrative Region,Slovenia,58000,12750,6950,7300,1,4.0
Puconci,Puconci,Administrative Region,Slovenia,58000,12750,6950,7300,1,4.0
Radenci,Radenci,Administrative Region,Slovenia,58000,12750,6950,7300,1,4.0
Radeče,Radeče,Administrative Region,Slovenia,58000,12750,6950,7300,1,4.0
Radlje ob Dravi,Radlje ob Dravi,Administrative Region,Slovenia,58000,12750,6950,7300,1,4.0
Radovljica,Radovljica,Administrative Region,Slovenia,58000,12750,6950,7300,1,4.0
Ravne na Koroškem,Ravne na Koroškem,Administrative Region,Slovenia,58000,12750,6950,7300,1,4.0
Razkrižje,Razkrižje,Administrative Region,Slovenia,58000,12750,6950,7300,1,4.0
Rače-Fram,Rače-Fram,Administrative Region,Slovenia,58000,12750,6950,7300,1,4.0
Renče-Vogrsko,Renče-Vogrsko,Administrative Region,Slovenia,58000,12750,6950,7300,1,4.0
Rečica ob Savinji,Rečica ob Savinji,Administrative Region,Slovenia,58000,12750,6950,7300,1,4.0
Ribnica,Ribnica,Administrative Region,Slovenia,58000,12750,6950,7300,1,4.0
Ribnica na Pohorju,Ribnica na Pohorju,Administrative Region,Slovenia,58000,12750,6950,7300,1,4.0
Rogatec,Rogatec,Administrative Region,Slovenia,58000,12750,6950,7300,1,4.0
Rogaška Slatina,Rogaška Slatina,Administrative Region,Slovenia,58000,12750,6950,7300,1,4.0
Rogašovci,Rogašovci,Administrative Region,Slovenia,58000,12750,6950,7300,1,4.0
Ruše,Ruše,Administrative Region,Slovenia,58000,12750,6950,7300,1,4.0
Selnica ob Dravi,Selnica ob Dravi,Administrative Region,Slovenia,58000,12750,6950,7300,1,4.0
Semič,Semič,Administrative Region,Slovenia,58000,12750,6950,7300,1,4.0
Sevnica,Sevnica,Administrative Region,Slovenia,58000,12750,6950,7300,1,4.0
Sežana,Sežana,Administrative Region,Slovenia,58000,12750,6950,7300,1,4.0
Slovenj Gradec,Slovenj Gradec,Administrative Region,Slovenia,58000,12750,6950,7300,1,4.0
Slovenska Bistrica,Slovenska Bistrica,Administrative Region,Slovenia,58000,12750,6950,7300,1,4.0
Slovenske Konjice,Slovenske Konjice,Administrative Region,Slovenia,58000,12750,6950,7300,1,4.0
Sodražica,Sodražica,Administrative Region,Slovenia,58000,12750,6950,7300,1,4.0
Solčava,Solčava,Administrative Region,Slovenia,58000,12750,6950,7300,1,4.0
Središče ob Dravi,Središče ob Dravi,Administrative Region,Slovenia,58000,12750,6950,7300,1,4.0
Starše,Starše,Administrative Region,Slovenia,58000,12750,6950,7300,1,4.0
Straža,Straža,Administrative Region,Slovenia,58000,12750,6950,7300,1,4.0
Sveta Ana,Sveta Ana,Administrative Region,Slovenia,58000,12750,6950,7300,1,4.0
Sveta Trojica v Slovenskih goricah,Sveta Trojica v Slovenskih goricah,Administrative Region,Slovenia,58000,12750,6950,7300,1,4.0
Sveti Andraž v Slovenskih goricah,Sveti Andraž v Slovenskih goricah,Administrative Region,Slovenia,58000,12750,6950,7300,1,4.0
Sveti Jurij ob Ščavnici,Sveti Jurij ob Ščavnici,Administrative Region,Slovenia,58000,12750,6950,7300,1,4.0
Sveti Jurij v Slovenskih goricah,Sveti Jurij v Slovenskih goricah,Administrative Region,Slovenia,58000,12750,6950,7300,1,4.0
Sveti Tomaž,Sveti Tomaž,Administrative Region,Slovenia,58000,12750,6950,7300,1,4.0
Tabor,Tabor,Administrative Region,Slovenia,58000,12750,6950,7300,1,4.0
Tišina,Tišina,Administrative Region,Slovenia,58000,12750,6950,7300,1,4.0
Tolmin,Tolmin,Administrative Region,Slovenia,58000,12750,6950,7300,1,4.0
Trbovlje,Trbovlje,Administrative Region,Slovenia,58000,12750,6950,7300,1,4.0
Trebnje,Trebnje,Administrative Region,Slovenia,58000,12750,6950,7300,1,4.0
Trnovska Vas,Trnovska Vas,Administrative Region,Slovenia,58000,12750,6950,7300,1,4.0
Trzin,Trzin,Administrative Region,Slovenia,58000,12750,6950,7300,1,4.0
Tržič,Tržič,Administrative Region,Slovenia,58000,12750,6950,7300,1,4.0
Turnišče,Turnišče,Administrative Region,Slovenia,58000,12750,6950,7300,1,4.0
Velenje,Velenje,Administrative Region,Slovenia,58000,12750,6950,7300,1,4.0
Velika Polana,Velika Polana,Administrative Region,Slovenia,58000,12750,6950,7300,1,4.0
Velike Lašče,Velike Lašče,Administrative Region,Slovenia,58000,12750,6950,7300,1,4.0
Veržej,Veržej,Administrative Region,Slovenia,58000,12750,6950,7300,1,4.0
Videm,Videm,Administrative Region,Slovenia,58000,12750,6950,7300,1,4.0
Vipava,Vipava,Administrative Region,Slovenia,58000,12750,6950,7300,1,4.0
Vitanje,Vitanje,Administrative Region,Slovenia,58000,12750,6950,7300,1,4.0
Vodice,Vodice,Administrative Region,Slovenia,58000,12750,6950,7300,1,4.0
Vojnik,Vojnik,Administrative Region,Slovenia,58000,12750,6950,7300,1,4.0
Vransko,Vransko,Administrative Region,Slovenia,58000,12750,6950,7300,1,4.0
Vrhnika,Vrhnika,Administrative Region,Slovenia,58000,12750,6950,7300,1,4.0
Vuzenica,Vuzenica,Administrative Region,Slovenia,58000,12750,6950,7300,1,4.0
Zagorje ob Savi,Zagorje ob Savi,Administrative Region,Slovenia,58000,12750,6950,7300,1,4.0
Zavrč,Zavrč,Administrative Region,Slovenia,58000,12750,6950,7300,1,4.0
Zreče,Zreče,Administrative Region,Slovenia,58000,12750,6950,7300,1,4.0
Črenšovci,Črenšovci,Administrative Region,Slovenia,58000,12750,6950,7300,1,4.0
Črna na Koroškem,Črna na Koroškem,Administrative Region,Slovenia,58000,12750,6950,7300,1,4.0
Črnomelj,Črnomelj,Administrative Region,Slovenia,58000,12750,6950,7300,1,4.0
Šalovci,Šalovci,Administrative Region,Slovenia,58000,12750,6950,7300,1,4.0
Šempeter-Vrtojba,Šempeter-Vrtojba,Administrative Region,Slovenia,58000,12750,6950,7300,1,4.0
Šentilj,Šentilj,Administrative Region,Slovenia,58000,12750,6950,7300,1,4.0
Šentjernej,Šentjernej,Administrative Region,Slovenia,58000,12750,6950,7300,1,4.0
Šentjur,Šentjur,Administrative Region,Slovenia,58000,12750,6950,7300,1,4.0
Šentrupert,Šentrupert,Administrative Region,Slovenia,58000,12750,6950,7300,1,4.0
Šenčur,Šenčur,Administrative Region,Slovenia,58000,12750,6950,7300,1,4.0
Škocjan,Škocjan,Administrative Region,Slovenia,58000,12750,6950,7300,1,4.0
Škofja Loka,Škofja Loka,Administrative Region,Slovenia,58000,12750,6950,7300,1,4.0
Škofljica,Škofljica,Administrative Region,Slovenia,58000,12750,6950,7300,1,4.0
Šmarje pri Jelšah,Šmarje pri Jelšah,Administrative Region,Slovenia,58000,12750,6950,7300,1,4.0
Šmarješke Toplice,Šmarješke Toplice,Administrative Region,Slovenia,58000,12750,6950,7300,1,4.0
Šmartno ob Paki,Šmartno ob Paki,Administrative Region,Slovenia,58000,12750,6950,7300,1,4.0
Šmartno pri Litiji,Šmartno pri Litiji,Administrative Region,Slovenia,58000,12750,6950,7300,1,4.0
Šoštanj,Šoštanj,Administrative Region,Slovenia,58000,12750,6950,7300,1,4.0
Štore,Štore,Administrative Region,Slovenia,58000,12750,6950,7300,1,4.0
Žalec,Žalec,Administrative Region,Slovenia,58000,12750,6950,7300,1,4.0
Železniki,Železniki,Administrative Region,Slovenia,58000,12750,6950,7300,1,4.0
Žetale,Žetale,Administrative Region,Slovenia,58000,12750,6950,7300,1,4.0
Žiri,Žiri,Administrative Region,Slovenia,58000,12750,6950,7300,1,4.0
Žirovnica,Žirovnica,Administrative Region,Slovenia,58000,12750,6950,7300,1,4.0
Žužemberk,Žužemberk,Administrative Region,Slovenia,58000,12750,6950,7300,1,4.0
Ljubljana,Ljubljana,Capital City,Slovenia,73600,16200,8850,9300,2,4.4
Slovenia,Slovenia,Country,Slovenia,75100,16500,9000,9500,3,4.1
Ajdovscina,Ajdovscina,State/Province,Slovenia,58800,12950,7050,7300,1,4.0
Beltinci,Beltinci,State/Province,Slovenia,58800,12950,7050,7300,1,4.0
Bled,Bled,State/Province,Slovenia,58800,12950,7050,7300,1,4.0
Bohinj,Bohinj,State/Province,Slovenia,58800,12950,7050,7300,1,4.0
Borovnica,Borovnica,State/Province,Slovenia,58800,12950,7050,7300,1,4.0
Bovec,Bovec,State/Province,Slovenia,58800,12950,7050,7300,1,4.0
Brda,Brda,State/Province,Slovenia,58800,12950,7050,7300,1,4.0
Brezice,Brezice,State/Province,Slovenia,58800,12950,7050,7300,1,4.0
Brezovica,Brezovica,State/Province,Slovenia,58800,12950,7050,7300,1,4.0
Cankova-Tisina,Cankova-Tisina,State/Province,Slovenia,58800,12950,7050,7300,1,4.0
Celje,Celje,State/Province,Slovenia,58800,12950,7050,7300,1,4.0
Cerklje na Gorenjskem,Cerklje na Gorenjskem,State/Province,Slovenia,58800,12950,7050,7300,1,4.0
Cerknica,Cerknica,State/Province,Slovenia,58800,12950,7050,7300,1,4.0
Cerkno,Cerkno,State/Province,Slovenia,58800,12950,7050,7300,1,4.0
Crensovci,Crensovci,State/Province,Slovenia,58800,12950,7050,7300,1,4.0
Crna na Koroskem,Crna na Koroskem,State/Province,Slovenia,58800,12950,7050,7300,1,4.0
Crnomelj,Crnomelj,State/Province,Slovenia,58800,12950,7050,7300,1,4.0
Destrnik-Trnovska Vas,Destrnik-Trnovska Vas,State/Province,Slovenia,58800,12950,7050,7300,1,4.0
Divaca,Divaca,State/Province,Slovenia,58800,12950,7050,7300,1,4.0
Dobrepolje,Dobrepolje,State/Province,Slovenia,58800,12950,7050,7300,1,4.0
Dobrova-Horjul-Polhov Gradec,Dobrova-Horjul-Polhov Gradec,State/Province,Slovenia,58800,12950,7050,7300,1,4.0
Dol pri Ljubljani,Dol pri Ljubljani,State/Province,Slovenia,58800,12950,7050,7300,1,4.0
Domzale,Domzale,State/Province,Slovenia,58800,12950,7050,7300,1,4.0
Dornava,Dornava,State/Province,Slovenia,58800,12950,7050,7300,1,4.0
Dravograd,Dravograd,State/Province,Slovenia,58800,12950,7050,7300,1,4.0
Duplek,Duplek,State/Province,Slovenia,58800,12950,7050,7300,1,4.0
Gorenja Vas-Poljane,Gorenja Vas-Poljane,State/Province,Slovenia,58800,12950,7050,7300,1,4.0
Gorisnica,Gorisnica,State/Province,Slovenia,58800,12950,7050,7300,1,4.0
Gornja Radgona,Gornja Radgona,State/Province,Slovenia,58800,12950,7050,7300,1,4.0
Gornji Grad,Gornji Grad,State/Province,Slovenia,58800,12950,7050,7300,1,4.0
Gornji Petrovci,Gornji Petrovci,State/Province,Slovenia,58800,12950,7050,7300,1,4.0
Grosuplje,Grosuplje,State/Province,Slovenia,58800,12950,7050,7300,1,4.0
Hodos Salovci,Hodos Salovci,State/Province,Slovenia,58800,12950,7050,7300,1,4.0
Hrastnik,Hrastnik,State/Province,Slovenia,58800,12950,7050,7300,1,4.0
Hrpelje-Kozina,Hrpelje-Kozina,State/Province,Slovenia,58800,12950,7050,7300,1,4.0
Idrija,Idrija,State/Province,Slovenia,58800,12950,7050,7300,1,4.0
Ig,Ig,State/Province,Slovenia,58800,12950,7050,7300,1,4.0
Ilirska Bistrica,Ilirska Bistrica,State/Province,Slovenia,58800,12950,7050,7300,1,4.0
Ivancna Gorica,Ivancna Gorica,State/Province,Slovenia,58800,12950,7050,7300,1,4.0
Izola,Izola,State/Province,Slovenia,58800,12950,7050,7300,1,4.0
Jesenice,Jesenice,State/Province,Slovenia,58800,12950,7050,7300,1,4.0
Jursinci,Jursinci,State/Province,Slovenia,58800,12950,7050,7300,1,4.0
Kamnik,Kamnik,State/Province,Slovenia,58800,12950,7050,7300,1,4.0
Kanal,Kanal,State/Province,Slovenia,58800,12950,7050,7300,1,4.0
Kidricevo,Kidricevo,State/Province,Slovenia,58800,12950,7050,7300,1,4.0
Kobarid,Kobarid,State/Province,Slovenia,58800,12950,7050,7300,1,4.0
Kobilje,Kobilje,State/Province,Slovenia,58800,12950,7050,7300,1,4.0
Kocevje,Kocevje,State/Province,Slovenia,58800,12950,7050,7300,1,4.0
Komen,Komen,State/Province,Slovenia,58800,12950,7050,7300,1,4.0
Koper,Koper,State/Province,Slovenia,58800,12950,7050,7300,1,4.0
Kozje,Kozje,State/Province,Slovenia,58800,12950,7050,7300,1,4.0
Kranj,Kranj,State/Province,Slovenia,58800,12950,7050,7300,1,4.0
Kranjska Gora,Kranjska Gora,State/Province,Slovenia,58800,12950,7050,7300,1,4.0
Krsko,Krsko,State/Province,Slovenia,58800,12950,7050,7300,1,4.0
Kungota,Kungota,State/Province,Slovenia,58800,12950,7050,7300,1,4.0
Kuzma,Kuzma,State/Province,Slovenia,58800,12950,7050,7300,1,4.0
Lasko,Lasko,State/Province,Slovenia,58800,12950,7050,7300,1,4.0
Lenart,Lenart,State/Province,Slovenia,58800,12950,7050,7300,1,4.0
Lendava,Lendava,State/Province,Slovenia,58800,12950,7050,7300,1,4.0
Litija,Litija,State/Province,Slovenia,58800,12950,7050,7300,1,4.0
Ljubljana,Ljubljana,State/Province,Slovenia,58800,12950,7050,7300,1,4.0
Ljubno,Ljubno,State/Province,Slovenia,58800,12950,7050,7300,1,4.0
Ljutomer,Ljutomer,State/Province,Slovenia,58800,12950,7050,7300,1,4.0
Logatec,Logatec,State/Province,Slovenia,58800,12950,7050,7300,1,4.0
Loska Dolina,Loska Dolina,State/Province,Slovenia,58800,12950,7050,7300,1,4.0
Loski Potok,Loski Potok,State/Province,Slovenia,58800,12950,7050,7300,1,4.0
Luce,Luce,State/Province,Slovenia,58800,12950,7050,7300,1,4.0
Lukovica,Lukovica,State/Province,Slovenia,58800,12950,7050,7300,1,4.0
Majsperk,Majsperk,State/Province,Slovenia,58800,12950,7050,7300,1,4.0
Maribor,Maribor,State/Province,Slovenia,58800,12950,7050,7300,1,4.0
Medvode,Medvode,State/Province,Slovenia,58800,12950,7050,7300,1,4.0
Menges,Menges,State/Province,Slovenia,58800,12950,7050,7300,1,4.0
Metlika,Metlika,State/Province,Slovenia,58800,12950,7050,7300,1,4.0
Mezica,Mezica,State/Province,Slovenia,58800,12950,7050,7300,1,4.0
Miren-Kostanjevica,Miren-Kostanjevica,State/Province,Slovenia,58800,12950,7050,7300,1,4.0
Mislinja,Mislinja,State/Province,Slovenia,58800,12950,7050,7300,1,4.0
Moravce,Moravce,State/Province,Slovenia,58800,12950,7050,7300,1,4.0
Moravske Toplice,Moravske Toplice,State/Province,Slovenia,58800,12950,7050,7300,1,4.0
Mozirje,Mozirje,State/Province,Slovenia,58800,12950,7050,7300,1,4.0
Murska Sobota,Murska Sobota,State/Province,Slovenia,58800,12950,7050,7300,1,4.0
Muta,Muta,State/Province,Slovenia,58800,12950,7050,7300,1,4.0
Naklo,Naklo,State/Province,Slovenia,58800,12950,7050,7300,1,4.0
Nazarje,Nazarje,State/Province,Slovenia,58800,12950,7050,7300,1,4.0
Nova Gorica,Nova Gorica,State/Province,Slovenia,58800,12950,7050,7300,1,4.0
Novo Mesto,Novo Mesto,State/Province,Slovenia,58800,12950,7050,7300,1,4.0
Odranci,Odranci,State/Province,Slovenia,58800,12950,7050,7300,1,4.0
Ormoz,Ormoz,State/Province,Slovenia,58800,12950,7050,7300,1,4.0
Osilnica,Osilnica,State/Province,Slovenia,58800,12950,7050,7300,1,4.0
Pesnica,Pesnica,State/Province,Slovenia,58800,12950,7050,7300,1,4.0
Piran,Piran,State/Province,Slovenia,58800,12950,7050,7300,1,4.0
Pivka,Pivka,State/Province,Slovenia,58800,12950,7050,7300,1,4.0
Podcetrtek,Podcetrtek,State/Province,Slovenia,58800,12950,7050,7300,1,4.0
Podvelka-Ribnica,Podvelka-Ribnica,State/Province,Slovenia,58800,12950,7050,7300,1,4.0
Postojna,Postojna,State/Province,Slovenia,58800,12950,7050,7300,1,4.0
Preddvor,Preddvor,State/Province,Slovenia,58800,12950,7050,7300,1,4.0
Ptuj,Ptuj,State/Province,Slovenia,58800,12950,7050,7300,1,4.0
Puconci,Puconci,State/Province,Slovenia,58800,12950,7050,7300,1,4.0
Race-Fram,Race-Fram,State/Province,Slovenia,58800,12950,7050,7300,1,4.0
Radece,Radece,State/Province,Slovenia,58800,12950,7050,7300,1,4.0
Radenci,Radenci,State/Province,Slovenia,58800,12950,7050,7300,1,4.0
Radlje ob Dravi,Radlje ob Dravi,State/Province,Slovenia,58800,12950,7050,7300,1,4.0
Radovljica,Radovljica,State/Province,Slovenia,58800,12950,7050,7300,1,4.0
Ravne-Prevalje,Ravne-Prevalje,State/Province,Slovenia,58800,12950,7050,7300,1,4.0
Ribnica,Ribnica,State/Province,Slovenia,58800,12950,7050,7300,1,4.0
Rogasevci,Rogasevci,State/Province,Slovenia,58800,12950,7050,7300,1,4.0
Rogaska Slatina,Rogaska Slatina,State/Province,Slovenia,58800,12950,7050,7300,1,4.0
Rogatec,Rogatec,State/Province,Slovenia,58800,12950,7050,7300,1,4.0
Ruse,Ruse,State/Province,Slovenia,58800,12950,7050,7300,1,4.0
Semic,Semic,State/Province,Slovenia,58800,12950,7050,7300,1,4.0
Sencur,Sencur,State/Province,Slovenia,58800,12950,7050,7300,1,4.0
Sentilj,Sentilj,State/Province,Slovenia,58800,12950,7050,7300,1,4.0
Sentjernej,Sentjernej,State/Province,Slovenia,58800,12950,7050,7300,1,4.0
Sentjur pri Celju,Sentjur pri Celju,State/Province,Slovenia,58800,12950,7050,7300,1,4.0
Sevnica,Sevnica,State/Province,Slovenia,58800,12950,7050,7300,1,4.0
Sezana,Sezana,State/Province,Slovenia,58800,12950,7050,7300,1,4.0
Skocjan,Skocjan,State/Province,Slovenia,58800,12950,7050,7300,1,4.0
Skofja Loka,Skofja Loka,State/Province,Slovenia,58800,12950,7050,7300,1,4.0
Skofljica,Skofljica,State/Province,Slovenia,58800,12950,7050,7300,1,4.0
Slovenj Gradec,Slovenj Gradec,State/Province,Slovenia,58800,12950,7050,7300,1,4.0
Slovenska Bistrica,Slovenska Bistrica,State/Province,Slovenia,58800,12950,7050,7300,1,4.0
Slovenske Konjice,Slovenske Konjice,State/Province,Slovenia,58800,12950,7050,7300,1,4.0
Smarje pri Jelsah,Smarje pri Jelsah,State/Province,Slovenia,58800,12950,7050,7300,1,4.0
Smartno ob Paki,Smartno ob Paki,State/Province,Slovenia,58800,12950,7050,7300,1,4.0
Sostanj,Sostanj,State/Province,Slovenia,58800,12950,7050,7300,1,4.0
Starse,Starse,State/Province,Slovenia,58800,12950,7050,7300,1,4.0
Store,Store,State/Province,Slovenia,58800,12950,7050,7300,1,4.0
Sveti Jurij,Sveti Jurij,State/Province,Slovenia,58800,12950,7050,7300,1,4.0
Tolmin,Tolmin,State/Province,Slovenia,58800,12950,7050,7300,1,4.0
Trbovlje,Trbovlje,State/Province,Slovenia,58800,12950,7050,7300,1,4.0
Trebnje,Trebnje,State/Province,Slovenia,58800,12950,7050,7300,1,4.0
Trzic,Trzic,State/Province,Slovenia,58800,12950,7050,7300,1,4.0
Turnisce,Turnisce,State/Province,Slovenia,58800,12950,7050,7300,1,4.0
Velenje,Velenje,State/Province,Slovenia,58800,12950,7050,7300,1,4.0
Velike Lasce,Velike Lasce,State/Province,Slovenia,58800,12950,7050,7300,1,4.0
Videm,Videm,State/Province,Slovenia,58800,12950,7050,7300,1,4.0
Vipava,Vipava,State/Province,Slovenia,58800,12950,7050,7300,1,4.0
Vitanje,Vitanje,State/Province,Slovenia,58800,12950,7050,7300,1,4.0
Vodice,Vodice,State/Province,Slovenia,58800,12950,7050,7300,1,4.0
Vojnik,Vojnik,State/Province,Slovenia,58800,12950,7050,7300,1,4.0
Vrhnika,Vrhnika,State/Province,Slovenia,58800,12950,7050,7300,1,4.0
Vuzenica,Vuzenica,State/Province,Slovenia,58800,12950,7050,7300,1,4.0
Zagorje ob Savi,Zagorje ob Savi,State/Province,Slovenia,58800,12950,7050,7300,1,4.0
Zalec,Zalec,State/Province,Slovenia,58800,12950,7050,7300,1,4.0
Zavrc,Zavrc,State/Province,Slovenia,58800,12950,7050,7300,1,4.0
Zelezniki,Zelezniki,State/Province,Slovenia,58800,12950,7050,7300,1,4.0
Ziri,Ziri,State/Province,Slovenia,58800,12950,7050,7300,1,4.0
Zrece,Zrece,State/Province,Slovenia,58800,12950,7050,7300,1,4.0
Honiara,Honiara,Capital City,Solomon Islands,94100,20700,11300,10100,2,4.4
Solomon Islands,Solomon Islands,Country,Solomon Islands,95500,21000,11450,10300,3,4.1
Capital Territory (Honiara),Capital Territory (Honiara),Island/Territory,Solomon Islands,115100,25300,13800,12300,1,4.0
Bellona,Bellona,State/Province,Solomon Islands,86800,19100,10400,9600,1,4.0
Central,Central,State/Province,Solomon Islands,86800,19100,10400,9600,1,4.0
Choiseul,Choiseul,State/Province,Solomon Islands,86800,19100,10400,9600,1,4.0
Choiseul (Lauru),Choiseul (Lauru),State/Province,Solomon Islands,86800,19100,10400,9600,1,4.0
Guadalcanal,Guadalcanal,State/Province,Solomon Islands,86800,19100,10400,9600,1,4.0
Honiara,Honiara,State/Province,Solomon Islands,86800,19100,10400,9600,1,4.0
Isabel,Isabel,State/Province,Solomon Islands,86800,19100,10400,9600,1,4.0
Makira,Makira,State/Province,Solomon Islands,86800,19100,10400,9600,1,4.0
Makira-Ulawa,Makira-Ulawa,State/Province,Solomon Islands,86800,19100,10400,9600,1,4.0
Malaita,Malaita,State/Province,Solomon Islands,86800,19100,10400,9600,1,4.0
Rennell,Rennell,State/Province,Solomon Islands,86800,19100,10400,9600,1,4.0
Rennell and Bellona,Rennell and Bellona,State/Province,Solomon Islands,86800,19100,10400,9600,1,4.0
Temotu,Temotu,State/Province,Solomon Islands,86800,19100,10400,9600,1,4.0
Western,Western,State/Province,Solomon Islands,86800,19100,10400,9600,1,4.0
Awdal,Awdal,Administrative Region,Somalia,47400,10450,5700,5700,1,4.0
Bakool,Bakool,Administrative Region,Somalia,47400,10450,5700,5700,1,4.0
Banaadir,Banaadir,Administrative Region,Somalia,47400,10450,5700,5700,1,4.0
Bari,Bari,Administrative Region,Somalia,47400,10450,5700,5700,1,4.0
Bay,Bay,Administrative Region,Somalia,47400,10450,5700,5700,1,4.0
Galguduud,Galguduud,Administrative Region,Somalia,47400,10450,5700,5700,1,4.0
Gedo,Gedo,Administrative Region,Somalia,47400,10450,5700,5700,1,4.0
Hiiraan,Hiiraan,Administrative Region,Somalia,47400,10450,5700,5700,1,4.0
Jubbada Dhexe,Jubbada Dhexe,Administrative Region,Somalia,47400,10450,5700,5700,1,4.0
Jubbada Hoose,Jubbada Hoose,Administrative Region,Somalia,47400,10450,5700,5700,1,4.0
Mudug,Mudug,Administrative Region,Somalia,47400,10450,5700,5700,1,4.0
Nugaal,Nugaal,Administrative Region,Somalia,47400,10450,5700,5700,1,4.0
Sanaag,Sanaag,Administrative Region,Somalia,47400,10450,5700,5700,1,4.0
Shabeellaha Dhexe,Shabeellaha Dhexe,Administrative Region,Somalia,47400,10450,5700,5700,1,4.0
Shabeellaha Hoose,Shabeellaha Hoose,Administrative Region,Somalia,47400,10450,5700,5700,1,4.0
Sool,Sool,Administrative Region,Somalia,47400,10450,5700,5700,1,4.0
Togdheer,Togdheer,Administrative Region,Somalia,47400,10450,5700,5700,1,4.0
Woqooyi Galbeed,Woqooyi Galbeed,Administrative Region,Somalia,47400,10450,5700,5700,1,4.0
Mogadishu,Mogadishu,Capital City,Somalia,61000,13400,7300,7400,2,4.4
Somalia,Somalia,Country,Somalia,62500,13750,7500,7600,3,4.1
Awdal,Awdal,State/Province,Somalia,47700,10500,5700,5700,1,4.0
Bakool,Bakool,State/Province,Somalia,47700,10500,5700,5700,1,4.0
Banaadir,Banaadir,State/Province,Somalia,47700,10500,5700,5700,1,4.0
Bari,Bari,State/Province,Somalia,47700,10500,5700,5700,1,4.0
Bay,Bay,State/Province,Somalia,47700,10500,5700,5700,1,4.0
Galguduud,Galguduud,State/Province,Somalia,47700,10500,5700,5700,1,4.0
Gedo,Gedo,State/Province,Somalia,47700,10500,5700,5700,1,4.0
Hiiraan,Hiiraan,State/Province,Somalia,47700,10500,5700,5700,1,4.0
Jubbada Dhexe,Jubbada Dhexe,State/Province,Somalia,47700,10500,5700,5700,1,4.0
Jubbada Hoose,Jubbada Hoose,State/Province,Somalia,47700,10500,5700,5700,1,4.0
Mudug,Mudug,State/Province,Somalia,47700,10500,5700,5700,1,4.0
Nugaal,Nugaal,State/Province,Somalia,47700,10500,5700,5700,1,4.0
Sanaag,Sanaag,State/Province,Somalia,47700,10500,5700,5700,1,4.0
Shabeellaha Dhexe,Shabeellaha Dhexe,State/Province,Somalia,47700,10500,5700,5700,1,4.0
Shabeellaha Hoose,Shabeellaha Hoose,State/Province,Somalia,47700,10500,5700,5700,1,4.0
Sool,Sool,State/Province,Somalia,47700,10500,5700,5700,1,4.0
Togdheer,Togdheer,State/Province,Somalia,47700,10500,5700,5700,1,4.0
Woqooyi Galbeed,Woqooyi Galbeed,State/Province,Somalia,47700,10500,5700,5700,1,4.0
Boulders Beach,Cape Town,Beach,South Africa,65000,999999,999999,9000,0.4,4.8
Pretoria,Pretoria,Capital City,South Africa,64900,14300,7800,8000,2,4.4
Cape Town,Cape Town,City,South Africa,65000,999999,999999,9000,3,4.8
South Africa,South Africa,Country,South Africa,55100,12100,6600,6500,3,4.1
Robben Island,Cape Town,Historic Site,South Africa,59900,13200,7200,7100,1,4.7
Robben Island,Cape Town,Historical,South Africa,65000,999999,999999,9000,0.6,4.7
Table Mountain,Cape Town,Mountain,South Africa,75900,16700,9100,9300,1,4.7
Kruger National Park,Mpumalanga,National Park,South Africa,74200,16300,8900,9100,1,4.7
Table Mountain,Cape Town,Nature,South Africa,65000,999999,999999,9000,0.5,4.9
V&A Waterfront,Cape Town,Shopping,South Africa,62000,999999,999999,8000,0.5,4.6
Eastern Cape,Eastern Cape,State/Province,South Africa,51600,11350,6200,6300,1,4.0
Free State,Free State,State/Province,South Africa,51600,11350,6200,6300,1,4.0
Gauteng,Gauteng,State/Province,South Africa,51600,11350,6200,6300,1,4.0
Kwazulu-Natal,Kwazulu-Natal,State/Province,South Africa,51600,11350,6200,6300,1,4.0
Limpopo,Limpopo,State/Province,South Africa,51600,11350,6200,6300,1,4.0
Mpumalanga,Mpumalanga,State/Province,South Africa,51600,11350,6200,6300,1,4.0
North-West,North-West,State/Province,South Africa,51600,11350,6200,6300,1,4.0
Northern Cape,Northern Cape,State/Province,South Africa,51600,11350,6200,6300,1,4.0
Northern Province,Northern Province,State/Province,South Africa,51600,11350,6200,6300,1,4.0
Western Cape,Western Cape,State/Province,South Africa,51600,11350,6200,6300,1,4.0
Bird Island,Bird Island,State/Province,South Georgia,79400,17450,9550,8700,1,4.0
Bristol Island,Bristol Island,State/Province,South Georgia,79400,17450,9550,8700,1,4.0
Clerke Rocks,Clerke Rocks,State/Province,South Georgia,79400,17450,9550,8700,1,4.0
Montagu Island,Montagu Island,State/Province,South Georgia,79400,17450,9550,8700,1,4.0
Saunders Island,Saunders Island,State/Province,South Georgia,79400,17450,9550,8700,1,4.0
South Georgia,South Georgia,State/Province,South Georgia,79400,17450,9550,8700,1,4.0
Southern Thule,Southern Thule,State/Province,South Georgia,79400,17450,9550,8700,1,4.0
Traversay Islands,Traversay Islands,State/Province,South Georgia,79400,17450,9550,8700,1,4.0
King Edward Point,King Edward Point,Capital City,South Georgia and the South Sandwich Islands,92000,20250,11050,10100,2,4.4
South Georgia and the South Sandwich Islands,South Georgia and the South Sandwich Islands,Country,South Georgia and the South Sandwich Islands,93500,20550,11200,10300,3,4.1
Bukchon Hanok Village,Seoul,Attraction,South Korea,55000,999999,999999,11000,0.3,4.7
Seoul,Seoul,Capital City,South Korea,30500,6700,3650,5100,2,4.4
Gwangju,Gwangju,City,South Korea,58000,999999,999999,8000,2,4.4
Seoul,Seoul,City,South Korea,55000,999999,999999,11000,3,4.7
South Korea,South Korea,Country,South Korea,31900,7000,3850,5300,3,4.1
Bukchon Hanok Village,Seoul,Historic Site,South Korea,35500,7800,4250,5800,1,4.7
Gyeongbokgung Palace,Seoul,Historic Site,South Korea,35500,7800,4250,5800,1,4.7
Gyeongbokgung Palace,Seoul,Historical,South Korea,55000,999999,999999,11000,0.4,4.8
Jeju Island,Jeju,Island/Territory,South Korea,47800,10500,5750,7800,1,4.7
N Seoul Tower,Seoul,Landmark,South Korea,55000,999999,999999,11000,0.3,4.6
Mudeungsan National Park,Gwangju,Nature,South Korea,58000,999999,999999,8000,0.7,4.7
Myeongdong,Seoul,Shopping,South Korea,40000,999999,999999,8000,0.5,4.5
Busan-gwangyeoksi,Busan-gwangyeoksi,State/Province,South Korea,32200,7100,3850,5300,1,4.0
Ch'ungch'ong-bukto,Ch'ungch'ong-bukto,State/Province,South Korea,32200,7100,3850,5300,1,4.0
Ch'ungch'ong-namdo,Ch'ungch'ong-namdo,State/Province,South Korea,32200,7100,3850,5300,1,4.0
Cheju-do,Cheju-do,State/Province,South Korea,32200,7100,3850,5300,1,4.0
Cholla-bukto,Cholla-bukto,State/Province,South Korea,32200,7100,3850,5300,1,4.0
Cholla-namdo,Cholla-namdo,State/Province,South Korea,32200,7100,3850,5300,1,4.0
Chungcheongbuk-do,Chungcheongbuk-do,State/Province,South Korea,32200,7100,3850,5300,1,4.0
Chungcheongnam-do,Chungcheongnam-do,State/Province,South Korea,32200,7100,3850,5300,1,4.0
Daegu-gwangyeoksi,Daegu-gwangyeoksi,State/Province,South Korea,32200,7100,3850,5300,1,4.0
Daejeon-gwangyeoksi,Daejeon-gwangyeoksi,State/Province,South Korea,32200,7100,3850,5300,1,4.0
Gangwon-teukbyeoljachido,Gangwon-teukbyeoljachido,State/Province,South Korea,32200,7100,3850,5300,1,4.0
Gwangju-gwangyeoksi,Gwangju-gwangyeoksi,State/Province,South Korea,32200,7100,3850,5300,1,4.0
Gyeonggi-do,Gyeonggi-do,State/Province,South Korea,32200,7100,3850,5300,1,4.0
Gyeongsangbuk-do,Gyeongsangbuk-do,State/Province,South Korea,32200,7100,3850,5300,1,4.0
Gyeongsangnam-do,Gyeongsangnam-do,State/Province,South Korea,32200,7100,3850,5300,1,4.0
Inch'on-gwangyoksi,Inch'on-gwangyoksi,State/Province,South Korea,32200,7100,3850,5300,1,4.0
Incheon-gwangyeoksi,Incheon-gwangyeoksi,State/Province,South Korea,32200,7100,3850,5300,1,4.0
Jeju-teukbyeoljachido,Jeju-teukbyeoljachido,State/Province,South Korea,32200,7100,3850,5300,1,4.0
Jeollabuk-do,Jeollabuk-do,State/Province,South Korea,32200,7100,3850,5300,1,4.0
Jeollanam-do,Jeollanam-do,State/Province,South Korea,32200,7100,3850,5300,1,4.0
Kangwon-do,Kangwon-do,State/Province,South Korea,32200,7100,3850,5300,1,4.0
Kwangju-gwangyoksi,Kwangju-gwangyoksi,State/Province,South Korea,32200,7100,3850,5300,1,4.0
Kyonggi-do,Kyonggi-do,State/Province,South Korea,32200,7100,3850,5300,1,4.0
Kyongsang-bukto,Kyongsang-bukto,State/Province,South Korea,32200,7100,3850,5300,1,4.0
Kyongsang-namdo,Kyongsang-namdo,State/Province,South Korea,32200,7100,3850,5300,1,4.0
Pusan-gwangyoksi,Pusan-gwangyoksi,State/Province,South Korea,32200,7100,3850,5300,1,4.0
Sejong,Sejong,State/Province,South Korea,32200,7100,3850,5300,1,4.0
Seoul-teukbyeolsi,Seoul-teukbyeolsi,State/Province,South Korea,32200,7100,3850,5300,1,4.0
Soul-t'ukpyolsi,Soul-t'ukpyolsi,State/Province,South Korea,32200,7100,3850,5300,1,4.0
Taegu-gwangyoksi,Taegu-gwangyoksi,State/Province,South Korea,32200,7100,3850,5300,1,4.0
Taejon-gwangyoksi,Taejon-gwangyoksi,State/Province,South Korea,32200,7100,3850,5300,1,4.0
Ulsan-gwangyeoksi,Ulsan-gwangyeoksi,State/Province,South Korea,32200,7100,3850,5300,1,4.0
Ulsan-gwangyoksi,Ulsan-gwangyoksi,State/Province,South Korea,32200,7100,3850,5300,1,4.0
Juba,Juba,Capital City,South Sudan,56500,12450,6800,6700,2,4.4
South Sudan,South Sudan,Country,South Sudan,57900,12750,6950,6900,3,4.1
Andalucia,Andalucia,State/Province,South Sudan,54400,11950,6550,6700,1,4.0
Aragon,Aragon,State/Province,South Sudan,54400,11950,6550,6700,1,4.0
Asturias,Asturias,State/Province,South Sudan,54400,11950,6550,6700,1,4.0
Baleares (Balearic Islands),Baleares (Balearic Islands),State/Province,South Sudan,54400,11950,6550,6700,1,4.0
Canarias (Canary Islands),Canarias (Canary Islands),State/Province,South Sudan,54400,11950,6550,6700,1,4.0
Cantabria,Cantabria,State/Province,South Sudan,54400,11950,6550,6700,1,4.0
Castilla y Leon,Castilla y Leon,State/Province,South Sudan,54400,11950,6550,6700,1,4.0
Castilla-La Mancha,Castilla-La Mancha,State/Province,South Sudan,54400,11950,6550,6700,1,4.0
Cataluna,Cataluna,State/Province,South Sudan,54400,11950,6550,6700,1,4.0
Central Equatoria,Central Equatoria,State/Province,South Sudan,54400,11950,6550,6700,1,4.0
Ceuta,Ceuta,State/Province,South Sudan,54400,11950,6550,6700,1,4.0
Communidad Valencian,Communidad Valencian,State/Province,South Sudan,54400,11950,6550,6700,1,4.0
Eastern Equatoria,Eastern Equatoria,State/Province,South Sudan,54400,11950,6550,6700,1,4.0
Extremadura,Extremadura,State/Province,South Sudan,54400,11950,6550,6700,1,4.0
Galicia,Galicia,State/Province,South Sudan,54400,11950,6550,6700,1,4.0
Islas Chafarinas,Islas Chafarinas,State/Province,South Sudan,54400,11950,6550,6700,1,4.0
Jonglei,Jonglei,State/Province,South Sudan,54400,11950,6550,6700,1,4.0
La Rioja,La Rioja,State/Province,South Sudan,54400,11950,6550,6700,1,4.0
Lakes,Lakes,State/Province,South Sudan,54400,11950,6550,6700,1,4.0
Madrid,Madrid,State/Province,South Sudan,54400,11950,6550,6700,1,4.0
Melilla,Melilla,State/Province,South Sudan,54400,11950,6550,6700,1,4.0
Murcia,Murcia,State/Province,South Sudan,54400,11950,6550,6700,1,4.0
Navarra,Navarra,State/Province,South Sudan,54400,11950,6550,6700,1,4.0
Northern Bahr el Ghazal,Northern Bahr el Ghazal,State/Province,South Sudan,54400,11950,6550,6700,1,4.0
Pais Vasco (Basque Country),Pais Vasco (Basque Country),State/Province,South Sudan,54400,11950,6550,6700,1,4.0
Penon de Alhucemas,Penon de Alhucemas,State/Province,South Sudan,54400,11950,6550,6700,1,4.0
Penon de Velez de la Gomera,Penon de Velez de la Gomera,State/Province,South Sudan,54400,11950,6550,6700,1,4.0
Unity,Unity,State/Province,South Sudan,54400,11950,6550,6700,1,4.0
Upper Nile,Upper Nile,State/Province,South Sudan,54400,11950,6550,6700,1,4.0
Warrap,Warrap,State/Province,South Sudan,54400,11950,6550,6700,1,4.0
Western Bahr el Ghazal,Western Bahr el Ghazal,State/Province,South Sudan,54400,11950,6550,6700,1,4.0
Western Equatoria,Western Equatoria,State/Province,South Sudan,54400,11950,6550,6700,1,4.0
Madrid,Madrid,Capital City,Spain,70600,15550,8450,8800,2,4.4
Barcelona,Barcelona,City,Spain,55000,999999,999999,11000,3,4.6
Madrid,Madrid,City,Spain,56000,999999,999999,11000,3,4.7
Seville,Seville,City,Spain,58000,999999,999999,10000,2,4.8
Spain,Spain,Country,Spain,72100,15850,8650,9100,3,4.1
Alhambra,Granada,Historic Site,Spain,77400,17050,9300,9800,1,4.7
Alcázar of Seville,Seville,Historical,Spain,58000,999999,999999,10000,0.5,4.8
Royal Palace of Madrid,Madrid,Historical,Spain,56000,999999,999999,11000,0.5,4.8
Park Güell,Barcelona,Landmark,Spain,73400,16150,8800,9100,1,4.7
Plaza de España,Seville,Monument,Spain,58000,999999,999999,10000,0.3,4.9
Prado Museum,Madrid,Museum,Spain,56000,999999,999999,11000,0.6,4.9
Retiro Park,Madrid,Nature,Spain,56000,999999,999999,11000,0.4,4.7
Park Guell,Barcelona,Park,Spain,55000,999999,999999,10000,0.3,4.7
Sagrada Familia,Barcelona,Religious,Spain,55000,999999,999999,11000,0.4,4.8
Seville Cathedral,Seville,Religious,Spain,58000,999999,999999,10000,0.4,4.9
Sagrada Familia,Barcelona,Religious Place,Spain,66500,14650,8000,8400,1,4.7
A Coruña,A Coruña,State/Province,Spain,55800,12300,6700,6900,1,4.0
A Coruña [La Coruña],A Coruña [La Coruña],State/Province,Spain,55800,12300,6700,6900,1,4.0
Alacant*,Alacant*,State/Province,Spain,55800,12300,6700,6900,1,4.0
Albacete,Albacete,State/Province,Spain,55800,12300,6700,6900,1,4.0
Alicante,Alicante,State/Province,Spain,55800,12300,6700,6900,1,4.0
Almería,Almería,State/Province,Spain,55800,12300,6700,6900,1,4.0
Andalucía,Andalucía,State/Province,Spain,55800,12300,6700,6900,1,4.0
Araba*,Araba*,State/Province,Spain,55800,12300,6700,6900,1,4.0
Aragón,Aragón,State/Province,Spain,55800,12300,6700,6900,1,4.0
Asturias,Asturias,State/Province,Spain,55800,12300,6700,6900,1,4.0
"Asturias, Principado de","Asturias, Principado de",State/Province,Spain,55800,12300,6700,6900,1,4.0
Badajoz,Badajoz,State/Province,Spain,55800,12300,6700,6900,1,4.0
Balearic Islands,Balearic Islands,State/Province,Spain,55800,12300,6700,6900,1,4.0
Barcelona,Barcelona,State/Province,Spain,55800,12300,6700,6900,1,4.0
Barcelona [Barcelona],Barcelona [Barcelona],State/Province,Spain,55800,12300,6700,6900,1,4.0
Biscay,Biscay,State/Province,Spain,55800,12300,6700,6900,1,4.0
Bizkaia,Bizkaia,State/Province,Spain,55800,12300,6700,6900,1,4.0
Burgos,Burgos,State/Province,Spain,55800,12300,6700,6900,1,4.0
Canarias,Canarias,State/Province,Spain,55800,12300,6700,6900,1,4.0
Cantabria,Cantabria,State/Province,Spain,55800,12300,6700,6900,1,4.0
Castelló*,Castelló*,State/Province,Spain,55800,12300,6700,6900,1,4.0
Castellón,Castellón,State/Province,Spain,55800,12300,6700,6900,1,4.0
Castilla y León,Castilla y León,State/Province,Spain,55800,12300,6700,6900,1,4.0
Castilla-La Mancha,Castilla-La Mancha,State/Province,Spain,55800,12300,6700,6900,1,4.0
Catalunya [Cataluña],Catalunya [Cataluña],State/Province,Spain,55800,12300,6700,6900,1,4.0
Ceuta,Ceuta,State/Province,Spain,55800,12300,6700,6900,1,4.0
Ciudad Real,Ciudad Real,State/Province,Spain,55800,12300,6700,6900,1,4.0
Cuenca,Cuenca,State/Province,Spain,55800,12300,6700,6900,1,4.0
Cáceres,Cáceres,State/Province,Spain,55800,12300,6700,6900,1,4.0
Cádiz,Cádiz,State/Province,Spain,55800,12300,6700,6900,1,4.0
Córdoba,Córdoba,State/Province,Spain,55800,12300,6700,6900,1,4.0
Euskal Herria,Euskal Herria,State/Province,Spain,55800,12300,6700,6900,1,4.0
Extremadura,Extremadura,State/Province,Spain,55800,12300,6700,6900,1,4.0
Galicia [Galicia],Galicia [Galicia],State/Province,Spain,55800,12300,6700,6900,1,4.0
Gipuzkoa,Gipuzkoa,State/Province,Spain,55800,12300,6700,6900,1,4.0
Girona,Girona,State/Province,Spain,55800,12300,6700,6900,1,4.0
Girona [Gerona],Girona [Gerona],State/Province,Spain,55800,12300,6700,6900,1,4.0
Granada,Granada,State/Province,Spain,55800,12300,6700,6900,1,4.0
Guadalajara,Guadalajara,State/Province,Spain,55800,12300,6700,6900,1,4.0
Huelva,Huelva,State/Province,Spain,55800,12300,6700,6900,1,4.0
Huesca,Huesca,State/Province,Spain,55800,12300,6700,6900,1,4.0
Illes Balears [Islas Baleares],Illes Balears [Islas Baleares],State/Province,Spain,55800,12300,6700,6900,1,4.0
Jaén,Jaén,State/Province,Spain,55800,12300,6700,6900,1,4.0
La Rioja,La Rioja,State/Province,Spain,55800,12300,6700,6900,1,4.0
Las Palmas,Las Palmas,State/Province,Spain,55800,12300,6700,6900,1,4.0
León,León,State/Province,Spain,55800,12300,6700,6900,1,4.0
Lleida,Lleida,State/Province,Spain,55800,12300,6700,6900,1,4.0
Lleida [Lérida],Lleida [Lérida],State/Province,Spain,55800,12300,6700,6900,1,4.0
Lugo,Lugo,State/Province,Spain,55800,12300,6700,6900,1,4.0
Lugo [Lugo],Lugo [Lugo],State/Province,Spain,55800,12300,6700,6900,1,4.0
Madrid,Madrid,State/Province,Spain,55800,12300,6700,6900,1,4.0
"Madrid, Comunidad de","Madrid, Comunidad de",State/Province,Spain,55800,12300,6700,6900,1,4.0
Melilla,Melilla,State/Province,Spain,55800,12300,6700,6900,1,4.0
Murcia,Murcia,State/Province,Spain,55800,12300,6700,6900,1,4.0
"Murcia, Región de","Murcia, Región de",State/Province,Spain,55800,12300,6700,6900,1,4.0
Málaga,Málaga,State/Province,Spain,55800,12300,6700,6900,1,4.0
Nafarroa*,Nafarroa*,State/Province,Spain,55800,12300,6700,6900,1,4.0
Nafarroako Foru Komunitatea*,Nafarroako Foru Komunitatea*,State/Province,Spain,55800,12300,6700,6900,1,4.0
Navarre,Navarre,State/Province,Spain,55800,12300,6700,6900,1,4.0
Ourense,Ourense,State/Province,Spain,55800,12300,6700,6900,1,4.0
Ourense [Orense],Ourense [Orense],State/Province,Spain,55800,12300,6700,6900,1,4.0
Palencia,Palencia,State/Province,Spain,55800,12300,6700,6900,1,4.0
Pontevedra,Pontevedra,State/Province,Spain,55800,12300,6700,6900,1,4.0
Pontevedra [Pontevedra],Pontevedra [Pontevedra],State/Province,Spain,55800,12300,6700,6900,1,4.0
Salamanca,Salamanca,State/Province,Spain,55800,12300,6700,6900,1,4.0
Santa Cruz de Tenerife,Santa Cruz de Tenerife,State/Province,Spain,55800,12300,6700,6900,1,4.0
Segovia,Segovia,State/Province,Spain,55800,12300,6700,6900,1,4.0
Sevilla,Sevilla,State/Province,Spain,55800,12300,6700,6900,1,4.0
Seville,Seville,State/Province,Spain,55800,12300,6700,6900,1,4.0
Soria,Soria,State/Province,Spain,55800,12300,6700,6900,1,4.0
Tarragona,Tarragona,State/Province,Spain,55800,12300,6700,6900,1,4.0
Tarragona [Tarragona],Tarragona [Tarragona],State/Province,Spain,55800,12300,6700,6900,1,4.0
Teruel,Teruel,State/Province,Spain,55800,12300,6700,6900,1,4.0
Toledo,Toledo,State/Province,Spain,55800,12300,6700,6900,1,4.0
Valencia,Valencia,State/Province,Spain,55800,12300,6700,6900,1,4.0
"Valenciana, Comunidad","Valenciana, Comunidad",State/Province,Spain,55800,12300,6700,6900,1,4.0
Valladolid,Valladolid,State/Province,Spain,55800,12300,6700,6900,1,4.0
Zamora,Zamora,State/Province,Spain,55800,12300,6700,6900,1,4.0
Zaragoza,Zaragoza,State/Province,Spain,55800,12300,6700,6900,1,4.0
Álava,Álava,State/Province,Spain,55800,12300,6700,6900,1,4.0
Ávila,Ávila,State/Province,Spain,55800,12300,6700,6900,1,4.0
Ampara,Ampara,Administrative Region,Sri Lanka,28600,6300,3450,4700,1,4.0
Anuradhapura,Anuradhapura,Administrative Region,Sri Lanka,28600,6300,3450,4700,1,4.0
Badulla,Badulla,Administrative Region,Sri Lanka,28600,6300,3450,4700,1,4.0
Batticaloa,Batticaloa,Administrative Region,Sri Lanka,28600,6300,3450,4700,1,4.0
Colombo,Colombo,Administrative Region,Sri Lanka,28600,6300,3450,4700,1,4.0
Galle,Galle,Administrative Region,Sri Lanka,28600,6300,3450,4700,1,4.0
Gampaha,Gampaha,Administrative Region,Sri Lanka,28600,6300,3450,4700,1,4.0
Hambantota,Hambantota,Administrative Region,Sri Lanka,28600,6300,3450,4700,1,4.0
Jaffna,Jaffna,Administrative Region,Sri Lanka,28600,6300,3450,4700,1,4.0
Kalutara,Kalutara,Administrative Region,Sri Lanka,28600,6300,3450,4700,1,4.0
Kandy,Kandy,Administrative Region,Sri Lanka,28600,6300,3450,4700,1,4.0
Kegalla,Kegalla,Administrative Region,Sri Lanka,28600,6300,3450,4700,1,4.0
Kilinochchi,Kilinochchi,Administrative Region,Sri Lanka,28600,6300,3450,4700,1,4.0
Kurunegala,Kurunegala,Administrative Region,Sri Lanka,28600,6300,3450,4700,1,4.0
Mannar,Mannar,Administrative Region,Sri Lanka,28600,6300,3450,4700,1,4.0
Matale,Matale,Administrative Region,Sri Lanka,28600,6300,3450,4700,1,4.0
Matara,Matara,Administrative Region,Sri Lanka,28600,6300,3450,4700,1,4.0
Monaragala,Monaragala,Administrative Region,Sri Lanka,28600,6300,3450,4700,1,4.0
Mullaittivu,Mullaittivu,Administrative Region,Sri Lanka,28600,6300,3450,4700,1,4.0
Nuwara Eliya,Nuwara Eliya,Administrative Region,Sri Lanka,28600,6300,3450,4700,1,4.0
Polonnaruwa,Polonnaruwa,Administrative Region,Sri Lanka,28600,6300,3450,4700,1,4.0
Puttalam,Puttalam,Administrative Region,Sri Lanka,28600,6300,3450,4700,1,4.0
Ratnapura,Ratnapura,Administrative Region,Sri Lanka,28600,6300,3450,4700,1,4.0
Trincomalee,Trincomalee,Administrative Region,Sri Lanka,28600,6300,3450,4700,1,4.0
Vavuniya,Vavuniya,Administrative Region,Sri Lanka,28600,6300,3450,4700,1,4.0
Colombo,Colombo,Capital City,Sri Lanka,37200,8200,4450,6100,2,4.4
Colombo,Colombo,City,Sri Lanka,18000,999999,999999,4800,3,4.5
Sri Lanka,Sri Lanka,Country,Sri Lanka,38700,8500,4650,6300,3,4.1
Galle Face Green,Colombo,Leisure,Sri Lanka,18000,999999,999999,4800,0.4,4.4
Independence Square Colombo,Colombo,Monument,Sri Lanka,18000,999999,999999,4800,0.3,4.5
Gangaramaya Temple,Colombo,Religious,Sri Lanka,18000,999999,999999,4800,0.4,4.6
Central,Central,State/Province,Sri Lanka,27600,6050,3300,4600,1,4.0
Central Province,Central Province,State/Province,Sri Lanka,27600,6050,3300,4600,1,4.0
Eastern,Eastern,State/Province,Sri Lanka,27600,6050,3300,4600,1,4.0
Eastern Province,Eastern Province,State/Province,Sri Lanka,27600,6050,3300,4600,1,4.0
North Central,North Central,State/Province,Sri Lanka,27600,6050,3300,4600,1,4.0
North Central Province,North Central Province,State/Province,Sri Lanka,27600,6050,3300,4600,1,4.0
North Eastern,North Eastern,State/Province,Sri Lanka,27600,6050,3300,4600,1,4.0
North Western,North Western,State/Province,Sri Lanka,27600,6050,3300,4600,1,4.0
North Western Province,North Western Province,State/Province,Sri Lanka,27600,6050,3300,4600,1,4.0
Northern,Northern,State/Province,Sri Lanka,27600,6050,3300,4600,1,4.0
Northern Province,Northern Province,State/Province,Sri Lanka,27600,6050,3300,4600,1,4.0
Sabaragamuwa,Sabaragamuwa,State/Province,Sri Lanka,27600,6050,3300,4600,1,4.0
Sabaragamuwa Province,Sabaragamuwa Province,State/Province,Sri Lanka,27600,6050,3300,4600,1,4.0
Southern,Southern,State/Province,Sri Lanka,27600,6050,3300,4600,1,4.0
Southern Province,Southern Province,State/Province,Sri Lanka,27600,6050,3300,4600,1,4.0
Uva,Uva,State/Province,Sri Lanka,27600,6050,3300,4600,1,4.0
Uva Province,Uva Province,State/Province,Sri Lanka,27600,6050,3300,4600,1,4.0
Western,Western,State/Province,Sri Lanka,27600,6050,3300,4600,1,4.0
Western Province,Western Province,State/Province,Sri Lanka,27600,6050,3300,4600,1,4.0
Khartoum,Khartoum,Capital City,Sudan,60600,13350,7250,7400,2,4.4
Sudan,Sudan,Country,Sudan,62100,13650,7450,7600,3,4.1
A'ali an Nil,A'ali an Nil,State/Province,Sudan,47300,10400,5700,5600,1,4.0
Al Bahr al Ahmar,Al Bahr al Ahmar,State/Province,Sudan,47300,10400,5700,5600,1,4.0
Al Buhayrat,Al Buhayrat,State/Province,Sudan,47300,10400,5700,5600,1,4.0
Al Jazirah,Al Jazirah,State/Province,Sudan,47300,10400,5700,5600,1,4.0
Al Khartum,Al Khartum,State/Province,Sudan,47300,10400,5700,5600,1,4.0
Al Qadarif,Al Qadarif,State/Province,Sudan,47300,10400,5700,5600,1,4.0
Al Wahdah,Al Wahdah,State/Province,Sudan,47300,10400,5700,5600,1,4.0
An Nil al Abyad,An Nil al Abyad,State/Province,Sudan,47300,10400,5700,5600,1,4.0
An Nil al Azraq,An Nil al Azraq,State/Province,Sudan,47300,10400,5700,5600,1,4.0
Ash Shamaliyah,Ash Shamaliyah,State/Province,Sudan,47300,10400,5700,5600,1,4.0
Bahr al Jabal,Bahr al Jabal,State/Province,Sudan,47300,10400,5700,5600,1,4.0
Blue Nile,Blue Nile,State/Province,Sudan,47300,10400,5700,5600,1,4.0
Central Darfur,Central Darfur,State/Province,Sudan,47300,10400,5700,5600,1,4.0
East Darfur,East Darfur,State/Province,Sudan,47300,10400,5700,5600,1,4.0
Gedaref,Gedaref,State/Province,Sudan,47300,10400,5700,5600,1,4.0
Gezira,Gezira,State/Province,Sudan,47300,10400,5700,5600,1,4.0
Gharb al Istiwa'iyah,Gharb al Istiwa'iyah,State/Province,Sudan,47300,10400,5700,5600,1,4.0
Gharb Bahr al Ghazal,Gharb Bahr al Ghazal,State/Province,Sudan,47300,10400,5700,5600,1,4.0
Gharb Darfur,Gharb Darfur,State/Province,Sudan,47300,10400,5700,5600,1,4.0
Gharb Kurdufan,Gharb Kurdufan,State/Province,Sudan,47300,10400,5700,5600,1,4.0
Janub Darfur,Janub Darfur,State/Province,Sudan,47300,10400,5700,5600,1,4.0
Janub Kurdufan,Janub Kurdufan,State/Province,Sudan,47300,10400,5700,5600,1,4.0
Junqali,Junqali,State/Province,Sudan,47300,10400,5700,5600,1,4.0
Kassala,Kassala,State/Province,Sudan,47300,10400,5700,5600,1,4.0
Khartoum,Khartoum,State/Province,Sudan,47300,10400,5700,5600,1,4.0
Nahr an Nil,Nahr an Nil,State/Province,Sudan,47300,10400,5700,5600,1,4.0
North Darfur,North Darfur,State/Province,Sudan,47300,10400,5700,5600,1,4.0
North Kordofan,North Kordofan,State/Province,Sudan,47300,10400,5700,5600,1,4.0
Northern,Northern,State/Province,Sudan,47300,10400,5700,5600,1,4.0
Red Sea,Red Sea,State/Province,Sudan,47300,10400,5700,5600,1,4.0
River Nile,River Nile,State/Province,Sudan,47300,10400,5700,5600,1,4.0
Sennar,Sennar,State/Province,Sudan,47300,10400,5700,5600,1,4.0
Shamal Bahr al Ghazal,Shamal Bahr al Ghazal,State/Province,Sudan,47300,10400,5700,5600,1,4.0
Shamal Darfur,Shamal Darfur,State/Province,Sudan,47300,10400,5700,5600,1,4.0
Shamal Kurdufan,Shamal Kurdufan,State/Province,Sudan,47300,10400,5700,5600,1,4.0
Sharq al Istiwa'iyah,Sharq al Istiwa'iyah,State/Province,Sudan,47300,10400,5700,5600,1,4.0
Sinnar,Sinnar,State/Province,Sudan,47300,10400,5700,5600,1,4.0
South Darfur,South Darfur,State/Province,Sudan,47300,10400,5700,5600,1,4.0
South Kordofan,South Kordofan,State/Province,Sudan,47300,10400,5700,5600,1,4.0
Warab,Warab,State/Province,Sudan,47300,10400,5700,5600,1,4.0
West Darfur,West Darfur,State/Province,Sudan,47300,10400,5700,5600,1,4.0
West Kordofan,West Kordofan,State/Province,Sudan,47300,10400,5700,5600,1,4.0
White Nile,White Nile,State/Province,Sudan,47300,10400,5700,5600,1,4.0
Brokopondo,Brokopondo,Administrative Region,Suriname,74300,16350,8900,8200,1,4.0
Commewijne,Commewijne,Administrative Region,Suriname,74300,16350,8900,8200,1,4.0
Coronie,Coronie,Administrative Region,Suriname,74300,16350,8900,8200,1,4.0
Marowijne,Marowijne,Administrative Region,Suriname,74300,16350,8900,8200,1,4.0
Nickerie,Nickerie,Administrative Region,Suriname,74300,16350,8900,8200,1,4.0
Para,Para,Administrative Region,Suriname,74300,16350,8900,8200,1,4.0
Paramaribo,Paramaribo,Administrative Region,Suriname,74300,16350,8900,8200,1,4.0
Saramacca,Saramacca,Administrative Region,Suriname,74300,16350,8900,8200,1,4.0
Sipaliwini,Sipaliwini,Administrative Region,Suriname,74300,16350,8900,8200,1,4.0
Wanica,Wanica,Administrative Region,Suriname,74300,16350,8900,8200,1,4.0
Paramaribo,Paramaribo,Capital City,Suriname,93900,20650,11250,10300,2,4.4
Suriname,Suriname,Country,Suriname,95400,21000,11450,10600,3,4.1
Brokopondo,Brokopondo,State/Province,Suriname,76100,16750,9150,8200,1,4.0
Commewijne,Commewijne,State/Province,Suriname,76100,16750,9150,8200,1,4.0
Coronie,Coronie,State/Province,Suriname,76100,16750,9150,8200,1,4.0
Marowijne,Marowijne,State/Province,Suriname,76100,16750,9150,8200,1,4.0
Nickerie,Nickerie,State/Province,Suriname,76100,16750,9150,8200,1,4.0
Para,Para,State/Province,Suriname,76100,16750,9150,8200,1,4.0
Paramaribo,Paramaribo,State/Province,Suriname,76100,16750,9150,8200,1,4.0
Saramacca,Saramacca,State/Province,Suriname,76100,16750,9150,8200,1,4.0
Sipaliwini,Sipaliwini,State/Province,Suriname,76100,16750,9150,8200,1,4.0
Wanica,Wanica,State/Province,Suriname,76100,16750,9150,8200,1,4.0
Longyearbyen,Longyearbyen,Capital City,Svalbard and Jan Mayen,70400,15500,8450,8800,2,4.4
Svalbard and Jan Mayen,Svalbard and Jan Mayen,Country,Svalbard and Jan Mayen,71900,15800,8650,9000,3,4.1
Barentsoya,Barentsoya,State/Province,Svalbard and Jan Mayen,55600,12250,6650,6900,1,4.0
Bjornoya,Bjornoya,State/Province,Svalbard and Jan Mayen,55600,12250,6650,6900,1,4.0
Edgeoya,Edgeoya,State/Province,Svalbard and Jan Mayen,55600,12250,6650,6900,1,4.0
Hopen,Hopen,State/Province,Svalbard and Jan Mayen,55600,12250,6650,6900,1,4.0
Kvitoya,Kvitoya,State/Province,Svalbard and Jan Mayen,55600,12250,6650,6900,1,4.0
Nordaustandet,Nordaustandet,State/Province,Svalbard and Jan Mayen,55600,12250,6650,6900,1,4.0
Prins Karls Forland,Prins Karls Forland,State/Province,Svalbard and Jan Mayen,55600,12250,6650,6900,1,4.0
Spitsbergen,Spitsbergen,State/Province,Svalbard and Jan Mayen,55600,12250,6650,6900,1,4.0
Hhohho,Hhohho,State/Province,Swaziland,51200,11250,6150,6200,1,4.0
Lubombo,Lubombo,State/Province,Swaziland,51200,11250,6150,6200,1,4.0
Manzini,Manzini,State/Province,Swaziland,51200,11250,6150,6200,1,4.0
Shiselweni,Shiselweni,State/Province,Swaziland,51200,11250,6150,6200,1,4.0
Blekinge län [SE-10],Blekinge län [SE-10],Administrative Region,Sweden,55800,12300,6700,7000,1,4.0
Dalarnas län [SE-20],Dalarnas län [SE-20],Administrative Region,Sweden,55800,12300,6700,7000,1,4.0
Gotlands län [SE-09],Gotlands län [SE-09],Administrative Region,Sweden,55800,12300,6700,7000,1,4.0
Gävleborgs län [SE-21],Gävleborgs län [SE-21],Administrative Region,Sweden,55800,12300,6700,7000,1,4.0
Hallands län [SE-13],Hallands län [SE-13],Administrative Region,Sweden,55800,12300,6700,7000,1,4.0
Jämtlands län [SE-23],Jämtlands län [SE-23],Administrative Region,Sweden,55800,12300,6700,7000,1,4.0
Jönköpings län [SE-06],Jönköpings län [SE-06],Administrative Region,Sweden,55800,12300,6700,7000,1,4.0
Kalmar län [SE-08],Kalmar län [SE-08],Administrative Region,Sweden,55800,12300,6700,7000,1,4.0
Kronobergs län [SE-07],Kronobergs län [SE-07],Administrative Region,Sweden,55800,12300,6700,7000,1,4.0
Norrbottens län [SE-25],Norrbottens län [SE-25],Administrative Region,Sweden,55800,12300,6700,7000,1,4.0
Skåne län [SE-12],Skåne län [SE-12],Administrative Region,Sweden,55800,12300,6700,7000,1,4.0
Stockholms län [SE-01],Stockholms län [SE-01],Administrative Region,Sweden,55800,12300,6700,7000,1,4.0
Södermanlands län [SE-04],Södermanlands län [SE-04],Administrative Region,Sweden,55800,12300,6700,7000,1,4.0
Uppsala län [SE-03],Uppsala län [SE-03],Administrative Region,Sweden,55800,12300,6700,7000,1,4.0
Värmlands län [SE-17],Värmlands län [SE-17],Administrative Region,Sweden,55800,12300,6700,7000,1,4.0
Västerbottens län [SE-24],Västerbottens län [SE-24],Administrative Region,Sweden,55800,12300,6700,7000,1,4.0
Västernorrlands län [SE-22],Västernorrlands län [SE-22],Administrative Region,Sweden,55800,12300,6700,7000,1,4.0
Västmanlands län [SE-19],Västmanlands län [SE-19],Administrative Region,Sweden,55800,12300,6700,7000,1,4.0
Västra Götalands län [SE-14],Västra Götalands län [SE-14],Administrative Region,Sweden,55800,12300,6700,7000,1,4.0
Örebro län [SE-18],Örebro län [SE-18],Administrative Region,Sweden,55800,12300,6700,7000,1,4.0
Östergötlands län [SE-05],Östergötlands län [SE-05],Administrative Region,Sweden,55800,12300,6700,7000,1,4.0
Stockholm,Stockholm,Capital City,Sweden,71400,15700,8550,9000,2,4.4
Stockholm,Stockholm,City,Sweden,52000,999999,999999,12000,3,4.7
Sweden,Sweden,Country,Sweden,72900,16050,8750,9200,3,4.1
Stockholm Old Town,Stockholm,Historic Site,Sweden,78200,17200,9400,9900,1,4.7
Gamla Stan,Stockholm,Historical,Sweden,52000,999999,999999,12000,0.5,4.8
Stockholm City Hall,Stockholm,Monument,Sweden,52000,999999,999999,12000,0.3,4.6
Skansen,Stockholm,Museum,Sweden,52000,999999,999999,12000,0.5,4.6
Vasa Museum,Stockholm,Museum,Sweden,52000,999999,999999,12000,0.6,4.8
Blekinge,Blekinge,State/Province,Sweden,56600,12450,6800,7000,1,4.0
Dalarnas,Dalarnas,State/Province,Sweden,56600,12450,6800,7000,1,4.0
Gavleborgs,Gavleborgs,State/Province,Sweden,56600,12450,6800,7000,1,4.0
Gotlands,Gotlands,State/Province,Sweden,56600,12450,6800,7000,1,4.0
Hallands,Hallands,State/Province,Sweden,56600,12450,6800,7000,1,4.0
Jamtlands,Jamtlands,State/Province,Sweden,56600,12450,6800,7000,1,4.0
Jonkopings,Jonkopings,State/Province,Sweden,56600,12450,6800,7000,1,4.0
Kalmar,Kalmar,State/Province,Sweden,56600,12450,6800,7000,1,4.0
Kronobergs,Kronobergs,State/Province,Sweden,56600,12450,6800,7000,1,4.0
Norrbottens,Norrbottens,State/Province,Sweden,56600,12450,6800,7000,1,4.0
Orebro,Orebro,State/Province,Sweden,56600,12450,6800,7000,1,4.0
Ostergotlands,Ostergotlands,State/Province,Sweden,56600,12450,6800,7000,1,4.0
Skane,Skane,State/Province,Sweden,56600,12450,6800,7000,1,4.0
Sodermanlands,Sodermanlands,State/Province,Sweden,56600,12450,6800,7000,1,4.0
Stockholms,Stockholms,State/Province,Sweden,56600,12450,6800,7000,1,4.0
Uppsala,Uppsala,State/Province,Sweden,56600,12450,6800,7000,1,4.0
Varmlands,Varmlands,State/Province,Sweden,56600,12450,6800,7000,1,4.0
Vasterbottens,Vasterbottens,State/Province,Sweden,56600,12450,6800,7000,1,4.0
Vasternorrlands,Vasternorrlands,State/Province,Sweden,56600,12450,6800,7000,1,4.0
Vastmanlands,Vastmanlands,State/Province,Sweden,56600,12450,6800,7000,1,4.0
Vastra Gotalands,Vastra Gotalands,State/Province,Sweden,56600,12450,6800,7000,1,4.0
Bern,Bern,Capital City,Switzerland,67000,14750,8050,8300,2,4.4
Lucerne,Lucerne,City,Switzerland,54000,999999,999999,13000,2,4.8
Zurich,Zurich,City,Switzerland,52000,999999,999999,14000,3,4.8
Switzerland,Switzerland,Country,Switzerland,68500,15050,8200,8500,3,4.1
Chapel Bridge,Lucerne,Historical,Switzerland,54000,999999,999999,13000,0.3,4.8
Old Town Zurich,Zurich,Historical,Switzerland,52000,999999,999999,14000,0.5,4.6
Lion Monument,Lucerne,Monument,Switzerland,54000,999999,999999,13000,0.2,4.6
Matterhorn,Zermatt,Mountain,Switzerland,80000,17600,9600,9900,1,4.7
Swiss Alps,Alps,Mountain,Switzerland,80000,17600,9600,9900,1,4.7
Swiss National Museum,Zurich,Museum,Switzerland,52000,999999,999999,14000,0.4,4.6
Lake Zurich,Zurich,Nature,Switzerland,52000,999999,999999,14000,0.4,4.7
Mount Pilatus,Lucerne,Nature,Switzerland,54000,999999,999999,13000,0.8,4.8
Uetliberg Mountain,Zurich,Nature,Switzerland,52000,999999,999999,14000,0.5,4.7
Aargau,Aargau,State/Province,Switzerland,63500,13950,7600,8000,1,4.0
Appenzell Ausserrhoden,Appenzell Ausserrhoden,State/Province,Switzerland,63500,13950,7600,8000,1,4.0
Appenzell Innerrhoden,Appenzell Innerrhoden,State/Province,Switzerland,63500,13950,7600,8000,1,4.0
Ausser-Rhoden,Ausser-Rhoden,State/Province,Switzerland,63500,13950,7600,8000,1,4.0
Basel-Landschaft,Basel-Landschaft,State/Province,Switzerland,63500,13950,7600,8000,1,4.0
Basel-Stadt,Basel-Stadt,State/Province,Switzerland,63500,13950,7600,8000,1,4.0
Bern,Bern,State/Province,Switzerland,63500,13950,7600,8000,1,4.0
Berne,Berne,State/Province,Switzerland,63500,13950,7600,8000,1,4.0
Fribourg,Fribourg,State/Province,Switzerland,63500,13950,7600,8000,1,4.0
Geneve,Geneve,State/Province,Switzerland,63500,13950,7600,8000,1,4.0
Genève,Genève,State/Province,Switzerland,63500,13950,7600,8000,1,4.0
Glarus,Glarus,State/Province,Switzerland,63500,13950,7600,8000,1,4.0
Graubunden,Graubunden,State/Province,Switzerland,63500,13950,7600,8000,1,4.0
Graubünden,Graubünden,State/Province,Switzerland,63500,13950,7600,8000,1,4.0
Inner-Rhoden,Inner-Rhoden,State/Province,Switzerland,63500,13950,7600,8000,1,4.0
Jura,Jura,State/Province,Switzerland,63500,13950,7600,8000,1,4.0
Luzern,Luzern,State/Province,Switzerland,63500,13950,7600,8000,1,4.0
Neuchatel,Neuchatel,State/Province,Switzerland,63500,13950,7600,8000,1,4.0
Neuchâtel,Neuchâtel,State/Province,Switzerland,63500,13950,7600,8000,1,4.0
Nidwalden,Nidwalden,State/Province,Switzerland,63500,13950,7600,8000,1,4.0
Obwalden,Obwalden,State/Province,Switzerland,63500,13950,7600,8000,1,4.0
Sankt Gallen,Sankt Gallen,State/Province,Switzerland,63500,13950,7600,8000,1,4.0
Schaffhausen,Schaffhausen,State/Province,Switzerland,63500,13950,7600,8000,1,4.0
Schwyz,Schwyz,State/Province,Switzerland,63500,13950,7600,8000,1,4.0
Solothurn,Solothurn,State/Province,Switzerland,63500,13950,7600,8000,1,4.0
Thurgau,Thurgau,State/Province,Switzerland,63500,13950,7600,8000,1,4.0
Ticino,Ticino,State/Province,Switzerland,63500,13950,7600,8000,1,4.0
Uri,Uri,State/Province,Switzerland,63500,13950,7600,8000,1,4.0
Valais,Valais,State/Province,Switzerland,63500,13950,7600,8000,1,4.0
Vaud,Vaud,State/Province,Switzerland,63500,13950,7600,8000,1,4.0
Zug,Zug,State/Province,Switzerland,63500,13950,7600,8000,1,4.0
Zurich,Zurich,State/Province,Switzerland,63500,13950,7600,8000,1,4.0
Zürich,Zürich,State/Province,Switzerland,63500,13950,7600,8000,1,4.0
Damascus,Damascus,Capital City,Syria,37100,8150,4450,6100,2,4.4
Syria,Syria,Country,Syria,38600,8500,4650,6300,3,4.1
Al Hasakah,Al Hasakah,State/Province,Syria,27500,6050,3300,4600,1,4.0
Al Ladhiqiyah,Al Ladhiqiyah,State/Province,Syria,27500,6050,3300,4600,1,4.0
Al Lādhiqīyah,Al Lādhiqīyah,State/Province,Syria,27500,6050,3300,4600,1,4.0
Al Qunaytirah,Al Qunaytirah,State/Province,Syria,27500,6050,3300,4600,1,4.0
Al Qunayţirah,Al Qunayţirah,State/Province,Syria,27500,6050,3300,4600,1,4.0
Al Ḩasakah,Al Ḩasakah,State/Province,Syria,27500,6050,3300,4600,1,4.0
Ar Raqqah,Ar Raqqah,State/Province,Syria,27500,6050,3300,4600,1,4.0
As Suwayda',As Suwayda',State/Province,Syria,27500,6050,3300,4600,1,4.0
As Suwaydā',As Suwaydā',State/Province,Syria,27500,6050,3300,4600,1,4.0
Dar'a,Dar'a,State/Province,Syria,27500,6050,3300,4600,1,4.0
Dar'ā,Dar'ā,State/Province,Syria,27500,6050,3300,4600,1,4.0
Dayr az Zawr,Dayr az Zawr,State/Province,Syria,27500,6050,3300,4600,1,4.0
Dimashq,Dimashq,State/Province,Syria,27500,6050,3300,4600,1,4.0
Halab,Halab,State/Province,Syria,27500,6050,3300,4600,1,4.0
Hamah,Hamah,State/Province,Syria,27500,6050,3300,4600,1,4.0
Hims,Hims,State/Province,Syria,27500,6050,3300,4600,1,4.0
Idlib,Idlib,State/Province,Syria,27500,6050,3300,4600,1,4.0
Rif Dimashq,Rif Dimashq,State/Province,Syria,27500,6050,3300,4600,1,4.0
Rīf Dimashq,Rīf Dimashq,State/Province,Syria,27500,6050,3300,4600,1,4.0
Tartus,Tartus,State/Province,Syria,27500,6050,3300,4600,1,4.0
Ţarţūs,Ţarţūs,State/Province,Syria,27500,6050,3300,4600,1,4.0
Ḩalab,Ḩalab,State/Province,Syria,27500,6050,3300,4600,1,4.0
Ḩamāh,Ḩamāh,State/Province,Syria,27500,6050,3300,4600,1,4.0
Ḩimş,Ḩimş,State/Province,Syria,27500,6050,3300,4600,1,4.0
Principe,Principe,State/Province,São Tomé and Príncipe,48700,10700,5850,5800,1,4.0
Sao Tome,Sao Tome,State/Province,São Tomé and Príncipe,48700,10700,5850,5800,1,4.0
Changhua,Changhua,Administrative Region,Taiwan,27600,6050,3300,4500,1,4.0
Chiayi,Chiayi,Administrative Region,Taiwan,27600,6050,3300,4500,1,4.0
Hsinchu,Hsinchu,Administrative Region,Taiwan,27600,6050,3300,4500,1,4.0
Hualien,Hualien,Administrative Region,Taiwan,27600,6050,3300,4500,1,4.0
Kaohsiung,Kaohsiung,Administrative Region,Taiwan,27600,6050,3300,4500,1,4.0
Kinmen,Kinmen,Administrative Region,Taiwan,27600,6050,3300,4500,1,4.0
Lienchiang,Lienchiang,Administrative Region,Taiwan,27600,6050,3300,4500,1,4.0
Miaoli,Miaoli,Administrative Region,Taiwan,27600,6050,3300,4500,1,4.0
Nantou,Nantou,Administrative Region,Taiwan,27600,6050,3300,4500,1,4.0
New Taipei,New Taipei,Administrative Region,Taiwan,27600,6050,3300,4500,1,4.0
Penghu,Penghu,Administrative Region,Taiwan,27600,6050,3300,4500,1,4.0
Pingtung,Pingtung,Administrative Region,Taiwan,27600,6050,3300,4500,1,4.0
Taichung,Taichung,Administrative Region,Taiwan,27600,6050,3300,4500,1,4.0
Tainan,Tainan,Administrative Region,Taiwan,27600,6050,3300,4500,1,4.0
Taipei,Taipei,Administrative Region,Taiwan,27600,6050,3300,4500,1,4.0
Taitung,Taitung,Administrative Region,Taiwan,27600,6050,3300,4500,1,4.0
Taoyuan,Taoyuan,Administrative Region,Taiwan,27600,6050,3300,4500,1,4.0
Yilan,Yilan,Administrative Region,Taiwan,27600,6050,3300,4500,1,4.0
Yunlin,Yunlin,Administrative Region,Taiwan,27600,6050,3300,4500,1,4.0
Longshan Temple,Taipei,Attraction,Taiwan,46532,999999,999999,8397,0.2,4.6
National Palace Museum,Taipei,Attraction,Taiwan,46532,999999,999999,8397,0.3,4.7
Elephant Mountain,Taipei,Beach,Taiwan,46532,999999,999999,8397,0.5,4.7
Taipei,Taipei,Capital City,Taiwan,36200,7950,4350,5900,2,4.4
Taipei,Taipei,City,Taiwan,46532,999999,999999,8397,3,4.6
Taiwan,Taiwan,Country,Taiwan,37700,8300,4500,6200,3,4.1
Shilin Night Market,Taipei,Museum,Taiwan,46532,999999,999999,8397,0.2,4.6
Chiang Kai-shek Memorial Hall,Taipei,Nature,Taiwan,46532,999999,999999,8397,0.2,4.5
Taipei 101,Taipei,Shopping,Taiwan,46532,999999,999999,8397,0.4,4.6
Chang-hua,Chang-hua,State/Province,Taiwan,26600,5850,3200,4400,1,4.0
Chi-lung,Chi-lung,State/Province,Taiwan,26600,5850,3200,4400,1,4.0
Chia-i,Chia-i,State/Province,Taiwan,26600,5850,3200,4400,1,4.0
Chiayi,Chiayi,State/Province,Taiwan,26600,5850,3200,4400,1,4.0
Chung-hsing-hsin-ts'un,Chung-hsing-hsin-ts'un,State/Province,Taiwan,26600,5850,3200,4400,1,4.0
Hsin-chu,Hsin-chu,State/Province,Taiwan,26600,5850,3200,4400,1,4.0
Hsinchu,Hsinchu,State/Province,Taiwan,26600,5850,3200,4400,1,4.0
Hua-lien,Hua-lien,State/Province,Taiwan,26600,5850,3200,4400,1,4.0
I-lan,I-lan,State/Province,Taiwan,26600,5850,3200,4400,1,4.0
Kao-hsiung,Kao-hsiung,State/Province,Taiwan,26600,5850,3200,4400,1,4.0
Keelung,Keelung,State/Province,Taiwan,26600,5850,3200,4400,1,4.0
Miao-li,Miao-li,State/Province,Taiwan,26600,5850,3200,4400,1,4.0
Nan-t'ou,Nan-t'ou,State/Province,Taiwan,26600,5850,3200,4400,1,4.0
P'eng-hu,P'eng-hu,State/Province,Taiwan,26600,5850,3200,4400,1,4.0
P'ing-tung,P'ing-tung,State/Province,Taiwan,26600,5850,3200,4400,1,4.0
T'ai-chung,T'ai-chung,State/Province,Taiwan,26600,5850,3200,4400,1,4.0
T'ai-nan,T'ai-nan,State/Province,Taiwan,26600,5850,3200,4400,1,4.0
T'ai-pei,T'ai-pei,State/Province,Taiwan,26600,5850,3200,4400,1,4.0
T'ai-tung,T'ai-tung,State/Province,Taiwan,26600,5850,3200,4400,1,4.0
T'ao-yuan,T'ao-yuan,State/Province,Taiwan,26600,5850,3200,4400,1,4.0
Yun-lin,Yun-lin,State/Province,Taiwan,26600,5850,3200,4400,1,4.0
Khatlon,Khatlon,Administrative Region,Tajikistan,31000,6800,3700,5100,1,4.0
Kŭhistoni Badakhshon,Kŭhistoni Badakhshon,Administrative Region,Tajikistan,31000,6800,3700,5100,1,4.0
nohiyahoi tobei jumhurí,nohiyahoi tobei jumhurí,Administrative Region,Tajikistan,31000,6800,3700,5100,1,4.0
Sughd,Sughd,Administrative Region,Tajikistan,31000,6800,3700,5100,1,4.0
Dushanbe,Dushanbe,Capital City,Tajikistan,39600,8700,4750,6400,2,4.4
Tajikistan,Tajikistan,Country,Tajikistan,41100,9050,4950,6700,3,4.1
Dushanbe,Dushanbe,Island/Territory,Tajikistan,45600,10050,5450,7500,1,4.0
Viloyati Khatlon,Viloyati Khatlon,State/Province,Tajikistan,30000,6600,3600,4900,1,4.0
Viloyati Leninobod,Viloyati Leninobod,State/Province,Tajikistan,30000,6600,3600,4900,1,4.0
Viloyati Mukhtori Kuhistoni Badakhshon,Viloyati Mukhtori Kuhistoni Badakhshon,State/Province,Tajikistan,30000,6600,3600,4900,1,4.0
Arusha,Arusha,Administrative Region,Tanzania,48700,10700,5850,5900,1,4.0
Coast,Coast,Administrative Region,Tanzania,48700,10700,5850,5900,1,4.0
Dar es Salaam,Dar es Salaam,Administrative Region,Tanzania,48700,10700,5850,5900,1,4.0
Dodoma,Dodoma,Administrative Region,Tanzania,48700,10700,5850,5900,1,4.0
Geita,Geita,Administrative Region,Tanzania,48700,10700,5850,5900,1,4.0
Iringa,Iringa,Administrative Region,Tanzania,48700,10700,5850,5900,1,4.0
Kagera,Kagera,Administrative Region,Tanzania,48700,10700,5850,5900,1,4.0
Katavi,Katavi,Administrative Region,Tanzania,48700,10700,5850,5900,1,4.0
Kigoma,Kigoma,Administrative Region,Tanzania,48700,10700,5850,5900,1,4.0
Kilimanjaro,Kilimanjaro,Administrative Region,Tanzania,48700,10700,5850,5900,1,4.0
Lindi,Lindi,Administrative Region,Tanzania,48700,10700,5850,5900,1,4.0
Manyara,Manyara,Administrative Region,Tanzania,48700,10700,5850,5900,1,4.0
Mara,Mara,Administrative Region,Tanzania,48700,10700,5850,5900,1,4.0
Mbeya,Mbeya,Administrative Region,Tanzania,48700,10700,5850,5900,1,4.0
Morogoro,Morogoro,Administrative Region,Tanzania,48700,10700,5850,5900,1,4.0
Mtwara,Mtwara,Administrative Region,Tanzania,48700,10700,5850,5900,1,4.0
Mwanza,Mwanza,Administrative Region,Tanzania,48700,10700,5850,5900,1,4.0
Njombe,Njombe,Administrative Region,Tanzania,48700,10700,5850,5900,1,4.0
Pemba North,Pemba North,Administrative Region,Tanzania,48700,10700,5850,5900,1,4.0
Pemba South,Pemba South,Administrative Region,Tanzania,48700,10700,5850,5900,1,4.0
Rukwa,Rukwa,Administrative Region,Tanzania,48700,10700,5850,5900,1,4.0
Ruvuma,Ruvuma,Administrative Region,Tanzania,48700,10700,5850,5900,1,4.0
Shinyanga,Shinyanga,Administrative Region,Tanzania,48700,10700,5850,5900,1,4.0
Simiyu,Simiyu,Administrative Region,Tanzania,48700,10700,5850,5900,1,4.0
Singida,Singida,Administrative Region,Tanzania,48700,10700,5850,5900,1,4.0
Songwe,Songwe,Administrative Region,Tanzania,48700,10700,5850,5900,1,4.0
Tabora,Tabora,Administrative Region,Tanzania,48700,10700,5850,5900,1,4.0
Tanga,Tanga,Administrative Region,Tanzania,48700,10700,5850,5900,1,4.0
Zanzibar North,Zanzibar North,Administrative Region,Tanzania,48700,10700,5850,5900,1,4.0
Zanzibar South,Zanzibar South,Administrative Region,Tanzania,48700,10700,5850,5900,1,4.0
Zanzibar West,Zanzibar West,Administrative Region,Tanzania,48700,10700,5850,5900,1,4.0
Nungwi Beach,Zanzibar,Beach,Tanzania,52000,999999,999999,7500,0.7,4.7
Dodoma,Dodoma,Capital City,Tanzania,62300,13700,7500,7600,2,4.4
Zanzibar,Zanzibar,City,Tanzania,52000,999999,999999,7500,3,4.7
Tanzania,Tanzania,Country,Tanzania,63800,14050,7650,7800,3,4.1
Stone Town,Zanzibar,Historical,Tanzania,52000,999999,999999,7500,0.6,4.6
Mount Kilimanjaro,Kilimanjaro,Mountain,Tanzania,73300,16150,8800,8900,1,4.7
Serengeti National Park,Serengeti,National Park,Tanzania,71600,15750,8600,8700,1,4.7
Jozani Forest,Zanzibar,Nature,Tanzania,52000,999999,999999,7500,0.5,4.4
Arusha,Arusha,State/Province,Tanzania,49000,10800,5900,5900,1,4.0
Dar es Salaam,Dar es Salaam,State/Province,Tanzania,49000,10800,5900,5900,1,4.0
Dodoma,Dodoma,State/Province,Tanzania,49000,10800,5900,5900,1,4.0
Iringa,Iringa,State/Province,Tanzania,49000,10800,5900,5900,1,4.0
Kagera,Kagera,State/Province,Tanzania,49000,10800,5900,5900,1,4.0
Kigoma,Kigoma,State/Province,Tanzania,49000,10800,5900,5900,1,4.0
Kilimanjaro,Kilimanjaro,State/Province,Tanzania,49000,10800,5900,5900,1,4.0
Lindi,Lindi,State/Province,Tanzania,49000,10800,5900,5900,1,4.0
Mara,Mara,State/Province,Tanzania,49000,10800,5900,5900,1,4.0
Mbeya,Mbeya,State/Province,Tanzania,49000,10800,5900,5900,1,4.0
Morogoro,Morogoro,State/Province,Tanzania,49000,10800,5900,5900,1,4.0
Mtwara,Mtwara,State/Province,Tanzania,49000,10800,5900,5900,1,4.0
Mwanza,Mwanza,State/Province,Tanzania,49000,10800,5900,5900,1,4.0
Pemba North,Pemba North,State/Province,Tanzania,49000,10800,5900,5900,1,4.0
Pemba South,Pemba South,State/Province,Tanzania,49000,10800,5900,5900,1,4.0
Pwani,Pwani,State/Province,Tanzania,49000,10800,5900,5900,1,4.0
Rukwa,Rukwa,State/Province,Tanzania,49000,10800,5900,5900,1,4.0
Ruvuma,Ruvuma,State/Province,Tanzania,49000,10800,5900,5900,1,4.0
Shinyanga,Shinyanga,State/Province,Tanzania,49000,10800,5900,5900,1,4.0
Singida,Singida,State/Province,Tanzania,49000,10800,5900,5900,1,4.0
Tabora,Tabora,State/Province,Tanzania,49000,10800,5900,5900,1,4.0
Tanga,Tanga,State/Province,Tanzania,49000,10800,5900,5900,1,4.0
Zanzibar Central/South,Zanzibar Central/South,State/Province,Tanzania,49000,10800,5900,5900,1,4.0
Zanzibar North,Zanzibar North,State/Province,Tanzania,49000,10800,5900,5900,1,4.0
Zanzibar Urban/West,Zanzibar Urban/West,State/Province,Tanzania,49000,10800,5900,5900,1,4.0
Walking Street,Pattaya,Attraction,Thailand,28000,999999,999999,5500,0.3,4.2
Coral Island,Pattaya,Beach,Thailand,28000,999999,999999,5500,0.8,4.5
Bangkok,Bangkok,Capital City,Thailand,35400,7800,4250,5800,2,4.4
Bangkok,Bangkok,City,Thailand,35000,999999,999999,7000,3,4.5
Pattaya,Pattaya,City,Thailand,28000,999999,999999,5500,3,4.3
Thailand,Thailand,Country,Thailand,36900,8100,4450,6000,3,4.1
Chiang Mai Old City,Chiang Mai,Historic Site,Thailand,40400,8900,4850,6600,1,4.7
Grand Palace,Bangkok,Historic Site,Thailand,40400,8900,4850,6600,1,4.7
Grand Palace,Bangkok,Historical,Thailand,35000,999999,999999,6500,0.4,4.7
Phi Phi Islands,Krabi,Island/Territory,Thailand,41500,9150,5000,6800,1,4.7
Sanctuary of Truth,Pattaya,Religious,Thailand,28000,999999,999999,5500,0.4,4.8
Wat Arun,Bangkok,Religious,Thailand,35000,999999,999999,6000,0.2,4.6
Amnat Charoen,Amnat Charoen,State/Province,Thailand,25800,5700,3100,4300,1,4.0
Ang Thong,Ang Thong,State/Province,Thailand,25800,5700,3100,4300,1,4.0
Bueng Kan,Bueng Kan,State/Province,Thailand,25800,5700,3100,4300,1,4.0
Buri Ram,Buri Ram,State/Province,Thailand,25800,5700,3100,4300,1,4.0
Buriram,Buriram,State/Province,Thailand,25800,5700,3100,4300,1,4.0
Chachoengsao,Chachoengsao,State/Province,Thailand,25800,5700,3100,4300,1,4.0
Chai Nat,Chai Nat,State/Province,Thailand,25800,5700,3100,4300,1,4.0
Chaiyaphum,Chaiyaphum,State/Province,Thailand,25800,5700,3100,4300,1,4.0
Chanthaburi,Chanthaburi,State/Province,Thailand,25800,5700,3100,4300,1,4.0
Chiang Mai,Chiang Mai,State/Province,Thailand,25800,5700,3100,4300,1,4.0
Chiang Rai,Chiang Rai,State/Province,Thailand,25800,5700,3100,4300,1,4.0
Chon Buri,Chon Buri,State/Province,Thailand,25800,5700,3100,4300,1,4.0
Chumphon,Chumphon,State/Province,Thailand,25800,5700,3100,4300,1,4.0
Kalasin,Kalasin,State/Province,Thailand,25800,5700,3100,4300,1,4.0
Kamphaeng Phet,Kamphaeng Phet,State/Province,Thailand,25800,5700,3100,4300,1,4.0
Kanchanaburi,Kanchanaburi,State/Province,Thailand,25800,5700,3100,4300,1,4.0
Khon Kaen,Khon Kaen,State/Province,Thailand,25800,5700,3100,4300,1,4.0
Krabi,Krabi,State/Province,Thailand,25800,5700,3100,4300,1,4.0
Krung Thep Maha Nakhon,Krung Thep Maha Nakhon,State/Province,Thailand,25800,5700,3100,4300,1,4.0
Krung Thep Mahanakhon (Bangkok),Krung Thep Mahanakhon (Bangkok),State/Province,Thailand,25800,5700,3100,4300,1,4.0
Lampang,Lampang,State/Province,Thailand,25800,5700,3100,4300,1,4.0
Lamphun,Lamphun,State/Province,Thailand,25800,5700,3100,4300,1,4.0
Loei,Loei,State/Province,Thailand,25800,5700,3100,4300,1,4.0
Lop Buri,Lop Buri,State/Province,Thailand,25800,5700,3100,4300,1,4.0
Mae Hong Son,Mae Hong Son,State/Province,Thailand,25800,5700,3100,4300,1,4.0
Maha Sarakham,Maha Sarakham,State/Province,Thailand,25800,5700,3100,4300,1,4.0
Mukdahan,Mukdahan,State/Province,Thailand,25800,5700,3100,4300,1,4.0
Nakhon Nayok,Nakhon Nayok,State/Province,Thailand,25800,5700,3100,4300,1,4.0
Nakhon Pathom,Nakhon Pathom,State/Province,Thailand,25800,5700,3100,4300,1,4.0
Nakhon Phanom,Nakhon Phanom,State/Province,Thailand,25800,5700,3100,4300,1,4.0
Nakhon Ratchasima,Nakhon Ratchasima,State/Province,Thailand,25800,5700,3100,4300,1,4.0
Nakhon Sawan,Nakhon Sawan,State/Province,Thailand,25800,5700,3100,4300,1,4.0
Nakhon Si Thammarat,Nakhon Si Thammarat,State/Province,Thailand,25800,5700,3100,4300,1,4.0
Nan,Nan,State/Province,Thailand,25800,5700,3100,4300,1,4.0
Narathiwat,Narathiwat,State/Province,Thailand,25800,5700,3100,4300,1,4.0
Nong Bua Lam Phu,Nong Bua Lam Phu,State/Province,Thailand,25800,5700,3100,4300,1,4.0
Nong Bua Lamphu,Nong Bua Lamphu,State/Province,Thailand,25800,5700,3100,4300,1,4.0
Nong Khai,Nong Khai,State/Province,Thailand,25800,5700,3100,4300,1,4.0
Nonthaburi,Nonthaburi,State/Province,Thailand,25800,5700,3100,4300,1,4.0
Pathum Thani,Pathum Thani,State/Province,Thailand,25800,5700,3100,4300,1,4.0
Pattani,Pattani,State/Province,Thailand,25800,5700,3100,4300,1,4.0
Phangnga,Phangnga,State/Province,Thailand,25800,5700,3100,4300,1,4.0
Phatthalung,Phatthalung,State/Province,Thailand,25800,5700,3100,4300,1,4.0
Phatthaya,Phatthaya,State/Province,Thailand,25800,5700,3100,4300,1,4.0
Phayao,Phayao,State/Province,Thailand,25800,5700,3100,4300,1,4.0
Phetchabun,Phetchabun,State/Province,Thailand,25800,5700,3100,4300,1,4.0
Phetchaburi,Phetchaburi,State/Province,Thailand,25800,5700,3100,4300,1,4.0
Phichit,Phichit,State/Province,Thailand,25800,5700,3100,4300,1,4.0
Phitsanulok,Phitsanulok,State/Province,Thailand,25800,5700,3100,4300,1,4.0
Phra Nakhon Si Ayutthaya,Phra Nakhon Si Ayutthaya,State/Province,Thailand,25800,5700,3100,4300,1,4.0
Phrae,Phrae,State/Province,Thailand,25800,5700,3100,4300,1,4.0
Phuket,Phuket,State/Province,Thailand,25800,5700,3100,4300,1,4.0
Prachin Buri,Prachin Buri,State/Province,Thailand,25800,5700,3100,4300,1,4.0
Prachuap Khiri Khan,Prachuap Khiri Khan,State/Province,Thailand,25800,5700,3100,4300,1,4.0
Ranong,Ranong,State/Province,Thailand,25800,5700,3100,4300,1,4.0
Ratchaburi,Ratchaburi,State/Province,Thailand,25800,5700,3100,4300,1,4.0
Rayong,Rayong,State/Province,Thailand,25800,5700,3100,4300,1,4.0
Roi Et,Roi Et,State/Province,Thailand,25800,5700,3100,4300,1,4.0
Sa Kaeo,Sa Kaeo,State/Province,Thailand,25800,5700,3100,4300,1,4.0
Sakon Nakhon,Sakon Nakhon,State/Province,Thailand,25800,5700,3100,4300,1,4.0
Samut Prakan,Samut Prakan,State/Province,Thailand,25800,5700,3100,4300,1,4.0
Samut Sakhon,Samut Sakhon,State/Province,Thailand,25800,5700,3100,4300,1,4.0
Samut Songkhram,Samut Songkhram,State/Province,Thailand,25800,5700,3100,4300,1,4.0
Sara Buri,Sara Buri,State/Province,Thailand,25800,5700,3100,4300,1,4.0
Saraburi,Saraburi,State/Province,Thailand,25800,5700,3100,4300,1,4.0
Satun,Satun,State/Province,Thailand,25800,5700,3100,4300,1,4.0
Si Sa Ket,Si Sa Ket,State/Province,Thailand,25800,5700,3100,4300,1,4.0
Sing Buri,Sing Buri,State/Province,Thailand,25800,5700,3100,4300,1,4.0
Sisaket,Sisaket,State/Province,Thailand,25800,5700,3100,4300,1,4.0
Songkhla,Songkhla,State/Province,Thailand,25800,5700,3100,4300,1,4.0
Sukhothai,Sukhothai,State/Province,Thailand,25800,5700,3100,4300,1,4.0
Suphan Buri,Suphan Buri,State/Province,Thailand,25800,5700,3100,4300,1,4.0
Surat Thani,Surat Thani,State/Province,Thailand,25800,5700,3100,4300,1,4.0
Surin,Surin,State/Province,Thailand,25800,5700,3100,4300,1,4.0
Tak,Tak,State/Province,Thailand,25800,5700,3100,4300,1,4.0
Trang,Trang,State/Province,Thailand,25800,5700,3100,4300,1,4.0
Trat,Trat,State/Province,Thailand,25800,5700,3100,4300,1,4.0
Ubon Ratchathani,Ubon Ratchathani,State/Province,Thailand,25800,5700,3100,4300,1,4.0
Udon Thani,Udon Thani,State/Province,Thailand,25800,5700,3100,4300,1,4.0
Uthai Thani,Uthai Thani,State/Province,Thailand,25800,5700,3100,4300,1,4.0
Uttaradit,Uttaradit,State/Province,Thailand,25800,5700,3100,4300,1,4.0
Yala,Yala,State/Province,Thailand,25800,5700,3100,4300,1,4.0
Yasothon,Yasothon,State/Province,Thailand,25800,5700,3100,4300,1,4.0
Acklins and Crooked Islands,Acklins and Crooked Islands,State/Province,The Bahamas,72700,16000,8700,7700,1,4.0
Bimini,Bimini,State/Province,The Bahamas,72700,16000,8700,7700,1,4.0
Cat Island,Cat Island,State/Province,The Bahamas,72700,16000,8700,7700,1,4.0
Exuma,Exuma,State/Province,The Bahamas,72700,16000,8700,7700,1,4.0
Freeport,Freeport,State/Province,The Bahamas,72700,16000,8700,7700,1,4.0
Fresh Creek,Fresh Creek,State/Province,The Bahamas,72700,16000,8700,7700,1,4.0
Governor's Harbour,Governor's Harbour,State/Province,The Bahamas,72700,16000,8700,7700,1,4.0
Green Turtle Cay,Green Turtle Cay,State/Province,The Bahamas,72700,16000,8700,7700,1,4.0
Harbour Island,Harbour Island,State/Province,The Bahamas,72700,16000,8700,7700,1,4.0
High Rock,High Rock,State/Province,The Bahamas,72700,16000,8700,7700,1,4.0
Inagua,Inagua,State/Province,The Bahamas,72700,16000,8700,7700,1,4.0
Kemps Bay,Kemps Bay,State/Province,The Bahamas,72700,16000,8700,7700,1,4.0
Long Island,Long Island,State/Province,The Bahamas,72700,16000,8700,7700,1,4.0
Marsh Harbour,Marsh Harbour,State/Province,The Bahamas,72700,16000,8700,7700,1,4.0
Mayaguana,Mayaguana,State/Province,The Bahamas,72700,16000,8700,7700,1,4.0
New Providence,New Providence,State/Province,The Bahamas,72700,16000,8700,7700,1,4.0
Nicholls Town and Berry Islands,Nicholls Town and Berry Islands,State/Province,The Bahamas,72700,16000,8700,7700,1,4.0
Ragged Island,Ragged Island,State/Province,The Bahamas,72700,16000,8700,7700,1,4.0
Rock Sound,Rock Sound,State/Province,The Bahamas,72700,16000,8700,7700,1,4.0
San Salvador and Rum Cay,San Salvador and Rum Cay,State/Province,The Bahamas,72700,16000,8700,7700,1,4.0
Sandy Point,Sandy Point,State/Province,The Bahamas,72700,16000,8700,7700,1,4.0
Banjul,Banjul,State/Province,The Gambia,57600,12650,6900,7200,1,4.0
Central River,Central River,State/Province,The Gambia,57600,12650,6900,7200,1,4.0
Lower River,Lower River,State/Province,The Gambia,57600,12650,6900,7200,1,4.0
North Bank,North Bank,State/Province,The Gambia,57600,12650,6900,7200,1,4.0
Upper River,Upper River,State/Province,The Gambia,57600,12650,6900,7200,1,4.0
Western,Western,State/Province,The Gambia,57600,12650,6900,7200,1,4.0
Aileu,Aileu,Administrative Region,Timor-Leste,35000,7700,4200,5600,1,4.0
Ainaro,Ainaro,Administrative Region,Timor-Leste,35000,7700,4200,5600,1,4.0
Baucau,Baucau,Administrative Region,Timor-Leste,35000,7700,4200,5600,1,4.0
Bobonaro,Bobonaro,Administrative Region,Timor-Leste,35000,7700,4200,5600,1,4.0
Cova Lima,Cova Lima,Administrative Region,Timor-Leste,35000,7700,4200,5600,1,4.0
Díli,Díli,Administrative Region,Timor-Leste,35000,7700,4200,5600,1,4.0
Ermera,Ermera,Administrative Region,Timor-Leste,35000,7700,4200,5600,1,4.0
Lautein,Lautein,Administrative Region,Timor-Leste,35000,7700,4200,5600,1,4.0
Likisá,Likisá,Administrative Region,Timor-Leste,35000,7700,4200,5600,1,4.0
Manatuto,Manatuto,Administrative Region,Timor-Leste,35000,7700,4200,5600,1,4.0
Manufahi,Manufahi,Administrative Region,Timor-Leste,35000,7700,4200,5600,1,4.0
Oekusi-Ambenu,Oekusi-Ambenu,Administrative Region,Timor-Leste,35000,7700,4200,5600,1,4.0
Vikeke,Vikeke,Administrative Region,Timor-Leste,35000,7700,4200,5600,1,4.0
Dili,Dili,Capital City,Timor-Leste,32300,7100,3900,5300,2,4.4
Timor-Leste,Timor-Leste,Country,Timor-Leste,33700,7400,4050,5600,3,4.1
Centrale,Centrale,Administrative Region,Togo,47300,10400,5700,5700,1,4.0
Kara,Kara,Administrative Region,Togo,47300,10400,5700,5700,1,4.0
Maritime (Région),Maritime (Région),Administrative Region,Togo,47300,10400,5700,5700,1,4.0
Plateaux,Plateaux,Administrative Region,Togo,47300,10400,5700,5700,1,4.0
Savanes,Savanes,Administrative Region,Togo,47300,10400,5700,5700,1,4.0
Lomé,Lomé,Capital City,Togo,60900,13400,7300,7400,2,4.4
Togo,Togo,Country,Togo,62300,13700,7500,7600,3,4.1
De La Kara,De La Kara,State/Province,Togo,47500,10450,5700,5600,1,4.0
Des Plateaux,Des Plateaux,State/Province,Togo,47500,10450,5700,5600,1,4.0
Des Savanes,Des Savanes,State/Province,Togo,47500,10450,5700,5600,1,4.0
Du Centre,Du Centre,State/Province,Togo,47500,10450,5700,5600,1,4.0
Maritime,Maritime,State/Province,Togo,47500,10450,5700,5600,1,4.0
Fakaofo,Fakaofo,Capital City,Tokelau,97700,21500,11700,10700,2,4.4
Tokelau,Tokelau,Country,Tokelau,99200,21800,11900,10900,3,4.1
Atafu,Atafu,State/Province,Tokelau,79100,17400,9500,8500,1,4.0
Fakaofo,Fakaofo,State/Province,Tokelau,79100,17400,9500,8500,1,4.0
Nukunonu,Nukunonu,State/Province,Tokelau,79100,17400,9500,8500,1,4.0
Nuku'alofa,Nuku'alofa,Capital City,Tonga,95400,21000,11450,10300,2,4.4
Tonga,Tonga,Country,Tonga,96900,21300,11650,10500,3,4.1
'Eua,'Eua,State/Province,Tonga,76800,16900,9200,8100,1,4.0
Ha'apai,Ha'apai,State/Province,Tonga,76800,16900,9200,8100,1,4.0
Niuas,Niuas,State/Province,Tonga,76800,16900,9200,8100,1,4.0
Tongatapu,Tongatapu,State/Province,Tonga,76800,16900,9200,8100,1,4.0
Vava'u,Vava'u,State/Province,Tonga,76800,16900,9200,8100,1,4.0
Couva-Tabaquite-Talparo,Couva-Tabaquite-Talparo,Administrative Region,Trinidad and Tobago,69100,15200,8300,7400,1,4.0
Diego Martin,Diego Martin,Administrative Region,Trinidad and Tobago,69100,15200,8300,7400,1,4.0
Mayaro-Rio Claro,Mayaro-Rio Claro,Administrative Region,Trinidad and Tobago,69100,15200,8300,7400,1,4.0
Penal-Debe,Penal-Debe,Administrative Region,Trinidad and Tobago,69100,15200,8300,7400,1,4.0
Princes Town,Princes Town,Administrative Region,Trinidad and Tobago,69100,15200,8300,7400,1,4.0
San Juan-Laventille,San Juan-Laventille,Administrative Region,Trinidad and Tobago,69100,15200,8300,7400,1,4.0
Sangre Grande,Sangre Grande,Administrative Region,Trinidad and Tobago,69100,15200,8300,7400,1,4.0
Siparia,Siparia,Administrative Region,Trinidad and Tobago,69100,15200,8300,7400,1,4.0
Tunapuna-Piarco,Tunapuna-Piarco,Administrative Region,Trinidad and Tobago,69100,15200,8300,7400,1,4.0
Port of Spain,Port of Spain,Capital City,Trinidad and Tobago,88700,19500,10650,9600,2,4.4
Trinidad and Tobago,Trinidad and Tobago,Country,Trinidad and Tobago,90200,19850,10800,9800,3,4.1
Arima,Arima,State/Province,Trinidad and Tobago,82200,18100,9850,9100,1,4.0
Caroni,Caroni,State/Province,Trinidad and Tobago,82200,18100,9850,9100,1,4.0
Chaguanas,Chaguanas,State/Province,Trinidad and Tobago,82200,18100,9850,9100,1,4.0
Mayaro,Mayaro,State/Province,Trinidad and Tobago,82200,18100,9850,9100,1,4.0
Nariva,Nariva,State/Province,Trinidad and Tobago,82200,18100,9850,9100,1,4.0
Point Fortin,Point Fortin,State/Province,Trinidad and Tobago,82200,18100,9850,9100,1,4.0
Port of Spain,Port of Spain,State/Province,Trinidad and Tobago,82200,18100,9850,9100,1,4.0
Port-of-Spain,Port-of-Spain,State/Province,Trinidad and Tobago,82200,18100,9850,9100,1,4.0
Saint Andrew,Saint Andrew,State/Province,Trinidad and Tobago,82200,18100,9850,9100,1,4.0
Saint David,Saint David,State/Province,Trinidad and Tobago,82200,18100,9850,9100,1,4.0
Saint George,Saint George,State/Province,Trinidad and Tobago,82200,18100,9850,9100,1,4.0
Saint Patrick,Saint Patrick,State/Province,Trinidad and Tobago,82200,18100,9850,9100,1,4.0
San Fernando,San Fernando,State/Province,Trinidad and Tobago,82200,18100,9850,9100,1,4.0
Tobago,Tobago,State/Province,Trinidad and Tobago,82200,18100,9850,9100,1,4.0
Victoria,Victoria,State/Province,Trinidad and Tobago,82200,18100,9850,9100,1,4.0
Tunis,Tunis,Capital City,Tunisia,63600,14000,7650,7800,2,4.4
Tunisia,Tunisia,Country,Tunisia,65100,14300,7800,8000,3,4.1
Ariana,Ariana,State/Province,Tunisia,50300,11050,6050,6100,1,4.0
Beja,Beja,State/Province,Tunisia,50300,11050,6050,6100,1,4.0
Ben Arous,Ben Arous,State/Province,Tunisia,50300,11050,6050,6100,1,4.0
Bizerte,Bizerte,State/Province,Tunisia,50300,11050,6050,6100,1,4.0
Béja,Béja,State/Province,Tunisia,50300,11050,6050,6100,1,4.0
El Kef,El Kef,State/Province,Tunisia,50300,11050,6050,6100,1,4.0
Gabes,Gabes,State/Province,Tunisia,50300,11050,6050,6100,1,4.0
Gabès,Gabès,State/Province,Tunisia,50300,11050,6050,6100,1,4.0
Gafsa,Gafsa,State/Province,Tunisia,50300,11050,6050,6100,1,4.0
Jendouba,Jendouba,State/Province,Tunisia,50300,11050,6050,6100,1,4.0
Kairouan,Kairouan,State/Province,Tunisia,50300,11050,6050,6100,1,4.0
Kasserine,Kasserine,State/Province,Tunisia,50300,11050,6050,6100,1,4.0
Kebili,Kebili,State/Province,Tunisia,50300,11050,6050,6100,1,4.0
Kébili,Kébili,State/Province,Tunisia,50300,11050,6050,6100,1,4.0
L'Ariana,L'Ariana,State/Province,Tunisia,50300,11050,6050,6100,1,4.0
La Manouba,La Manouba,State/Province,Tunisia,50300,11050,6050,6100,1,4.0
Le Kef,Le Kef,State/Province,Tunisia,50300,11050,6050,6100,1,4.0
Mahdia,Mahdia,State/Province,Tunisia,50300,11050,6050,6100,1,4.0
Medenine,Medenine,State/Province,Tunisia,50300,11050,6050,6100,1,4.0
Monastir,Monastir,State/Province,Tunisia,50300,11050,6050,6100,1,4.0
Médenine,Médenine,State/Province,Tunisia,50300,11050,6050,6100,1,4.0
Nabeul,Nabeul,State/Province,Tunisia,50300,11050,6050,6100,1,4.0
Sfax,Sfax,State/Province,Tunisia,50300,11050,6050,6100,1,4.0
Sidi Bou Zid,Sidi Bou Zid,State/Province,Tunisia,50300,11050,6050,6100,1,4.0
Sidi Bouzid,Sidi Bouzid,State/Province,Tunisia,50300,11050,6050,6100,1,4.0
Siliana,Siliana,State/Province,Tunisia,50300,11050,6050,6100,1,4.0
Sousse,Sousse,State/Province,Tunisia,50300,11050,6050,6100,1,4.0
Tataouine,Tataouine,State/Province,Tunisia,50300,11050,6050,6100,1,4.0
Tozeur,Tozeur,State/Province,Tunisia,50300,11050,6050,6100,1,4.0
Tunis,Tunis,State/Province,Tunisia,50300,11050,6050,6100,1,4.0
Zaghouan,Zaghouan,State/Province,Tunisia,50300,11050,6050,6100,1,4.0
Istanbul,Istanbul,City,Turkey,30000,5571,2474,9015,3,4.4
Hagia Sophia,Istanbul,Historical,Turkey,30000,4898,538,8500,0.3,4.8
Grand Bazaar,Istanbul,Market,Turkey,30000,999999,999999,7000,0.5,4.6
Cappadocia,Cappadocia,Natural Wonder,Turkey,38900,8550,4650,6400,1,4.7
Pamukkale,Denizli,Natural Wonder,Turkey,38900,8550,4650,6400,1,4.7
Blue Mosque,Istanbul,Religious,Turkey,30000,999999,999999,8000,0.3,4.7
Hagia Sophia,Istanbul,Religious Place,Turkey,27900,6150,3350,4600,1,4.7
Adana,Adana,State/Province,Turkey,30200,6650,3600,5000,1,4.0
Adiyaman,Adiyaman,State/Province,Turkey,30200,6650,3600,5000,1,4.0
Afyon,Afyon,State/Province,Turkey,30200,6650,3600,5000,1,4.0
Agri,Agri,State/Province,Turkey,30200,6650,3600,5000,1,4.0
Aksaray,Aksaray,State/Province,Turkey,30200,6650,3600,5000,1,4.0
Amasya,Amasya,State/Province,Turkey,30200,6650,3600,5000,1,4.0
Ankara,Ankara,State/Province,Turkey,30200,6650,3600,5000,1,4.0
Antalya,Antalya,State/Province,Turkey,30200,6650,3600,5000,1,4.0
Ardahan,Ardahan,State/Province,Turkey,30200,6650,3600,5000,1,4.0
Artvin,Artvin,State/Province,Turkey,30200,6650,3600,5000,1,4.0
Aydin,Aydin,State/Province,Turkey,30200,6650,3600,5000,1,4.0
Balikesir,Balikesir,State/Province,Turkey,30200,6650,3600,5000,1,4.0
Bartin,Bartin,State/Province,Turkey,30200,6650,3600,5000,1,4.0
Batman,Batman,State/Province,Turkey,30200,6650,3600,5000,1,4.0
Bayburt,Bayburt,State/Province,Turkey,30200,6650,3600,5000,1,4.0
Bilecik,Bilecik,State/Province,Turkey,30200,6650,3600,5000,1,4.0
Bingol,Bingol,State/Province,Turkey,30200,6650,3600,5000,1,4.0
Bitlis,Bitlis,State/Province,Turkey,30200,6650,3600,5000,1,4.0
Bolu,Bolu,State/Province,Turkey,30200,6650,3600,5000,1,4.0
Burdur,Burdur,State/Province,Turkey,30200,6650,3600,5000,1,4.0
Bursa,Bursa,State/Province,Turkey,30200,6650,3600,5000,1,4.0
Canakkale,Canakkale,State/Province,Turkey,30200,6650,3600,5000,1,4.0
Cankiri,Cankiri,State/Province,Turkey,30200,6650,3600,5000,1,4.0
Corum,Corum,State/Province,Turkey,30200,6650,3600,5000,1,4.0
Denizli,Denizli,State/Province,Turkey,30200,6650,3600,5000,1,4.0
Diyarbakir,Diyarbakir,State/Province,Turkey,30200,6650,3600,5000,1,4.0
Duzce,Duzce,State/Province,Turkey,30200,6650,3600,5000,1,4.0
Edirne,Edirne,State/Province,Turkey,30200,6650,3600,5000,1,4.0
Elazig,Elazig,State/Province,Turkey,30200,6650,3600,5000,1,4.0
Erzincan,Erzincan,State/Province,Turkey,30200,6650,3600,5000,1,4.0
Erzurum,Erzurum,State/Province,Turkey,30200,6650,3600,5000,1,4.0
Eskisehir,Eskisehir,State/Province,Turkey,30200,6650,3600,5000,1,4.0
Gaziantep,Gaziantep,State/Province,Turkey,30200,6650,3600,5000,1,4.0
Giresun,Giresun,State/Province,Turkey,30200,6650,3600,5000,1,4.0
Gumushane,Gumushane,State/Province,Turkey,30200,6650,3600,5000,1,4.0
Hakkari,Hakkari,State/Province,Turkey,30200,6650,3600,5000,1,4.0
Hatay,Hatay,State/Province,Turkey,30200,6650,3600,5000,1,4.0
Icel,Icel,State/Province,Turkey,30200,6650,3600,5000,1,4.0
Igdir,Igdir,State/Province,Turkey,30200,6650,3600,5000,1,4.0
Isparta,Isparta,State/Province,Turkey,30200,6650,3600,5000,1,4.0
Istanbul,Istanbul,State/Province,Turkey,30200,6650,3600,5000,1,4.0
Izmir,Izmir,State/Province,Turkey,30200,6650,3600,5000,1,4.0
Kahramanmaras,Kahramanmaras,State/Province,Turkey,30200,6650,3600,5000,1,4.0
Karabuk,Karabuk,State/Province,Turkey,30200,6650,3600,5000,1,4.0
Karaman,Karaman,State/Province,Turkey,30200,6650,3600,5000,1,4.0
Kars,Kars,State/Province,Turkey,30200,6650,3600,5000,1,4.0
Kastamonu,Kastamonu,State/Province,Turkey,30200,6650,3600,5000,1,4.0
Kayseri,Kayseri,State/Province,Turkey,30200,6650,3600,5000,1,4.0
Kilis,Kilis,State/Province,Turkey,30200,6650,3600,5000,1,4.0
Kirikkale,Kirikkale,State/Province,Turkey,30200,6650,3600,5000,1,4.0
Kirklareli,Kirklareli,State/Province,Turkey,30200,6650,3600,5000,1,4.0
Kirsehir,Kirsehir,State/Province,Turkey,30200,6650,3600,5000,1,4.0
Kocaeli,Kocaeli,State/Province,Turkey,30200,6650,3600,5000,1,4.0
Konya,Konya,State/Province,Turkey,30200,6650,3600,5000,1,4.0
Kutahya,Kutahya,State/Province,Turkey,30200,6650,3600,5000,1,4.0
Malatya,Malatya,State/Province,Turkey,30200,6650,3600,5000,1,4.0
Manisa,Manisa,State/Province,Turkey,30200,6650,3600,5000,1,4.0
Mardin,Mardin,State/Province,Turkey,30200,6650,3600,5000,1,4.0
Mugla,Mugla,State/Province,Turkey,30200,6650,3600,5000,1,4.0
Mus,Mus,State/Province,Turkey,30200,6650,3600,5000,1,4.0
Nevsehir,Nevsehir,State/Province,Turkey,30200,6650,3600,5000,1,4.0
Nigde,Nigde,State/Province,Turkey,30200,6650,3600,5000,1,4.0
Ordu,Ordu,State/Province,Turkey,30200,6650,3600,5000,1,4.0
Osmaniye,Osmaniye,State/Province,Turkey,30200,6650,3600,5000,1,4.0
Rize,Rize,State/Province,Turkey,30200,6650,3600,5000,1,4.0
Sakarya,Sakarya,State/Province,Turkey,30200,6650,3600,5000,1,4.0
Samsun,Samsun,State/Province,Turkey,30200,6650,3600,5000,1,4.0
Sanliurfa,Sanliurfa,State/Province,Turkey,30200,6650,3600,5000,1,4.0
Siirt,Siirt,State/Province,Turkey,30200,6650,3600,5000,1,4.0
Sinop,Sinop,State/Province,Turkey,30200,6650,3600,5000,1,4.0
Sirnak,Sirnak,State/Province,Turkey,30200,6650,3600,5000,1,4.0
Sivas,Sivas,State/Province,Turkey,30200,6650,3600,5000,1,4.0
Tekirdag,Tekirdag,State/Province,Turkey,30200,6650,3600,5000,1,4.0
Tokat,Tokat,State/Province,Turkey,30200,6650,3600,5000,1,4.0
Trabzon,Trabzon,State/Province,Turkey,30200,6650,3600,5000,1,4.0
Tunceli,Tunceli,State/Province,Turkey,30200,6650,3600,5000,1,4.0
Usak,Usak,State/Province,Turkey,30200,6650,3600,5000,1,4.0
Van,Van,State/Province,Turkey,30200,6650,3600,5000,1,4.0
Yalova,Yalova,State/Province,Turkey,30200,6650,3600,5000,1,4.0
Yozgat,Yozgat,State/Province,Turkey,30200,6650,3600,5000,1,4.0
Zonguldak,Zonguldak,State/Province,Turkey,30200,6650,3600,5000,1,4.0
Ahal,Ahal,Administrative Region,Turkmenistan,24600,5400,2950,4100,1,4.0
Balkan,Balkan,Administrative Region,Turkmenistan,24600,5400,2950,4100,1,4.0
Daşoguz,Daşoguz,Administrative Region,Turkmenistan,24600,5400,2950,4100,1,4.0
Lebap,Lebap,Administrative Region,Turkmenistan,24600,5400,2950,4100,1,4.0
Mary,Mary,Administrative Region,Turkmenistan,24600,5400,2950,4100,1,4.0
Ashgabat,Ashgabat,Capital City,Turkmenistan,33200,7300,4000,5500,2,4.4
Turkmenistan,Turkmenistan,Country,Turkmenistan,34600,7600,4150,5700,3,4.1
Ahal Welayaty,Ahal Welayaty,State/Province,Turkmenistan,34900,7700,4200,5700,1,4.0
Aşgabat,Aşgabat,State/Province,Turkmenistan,34900,7700,4200,5700,1,4.0
Balkan Welayaty,Balkan Welayaty,State/Province,Turkmenistan,34900,7700,4200,5700,1,4.0
Dashhowuz Welayaty,Dashhowuz Welayaty,State/Province,Turkmenistan,34900,7700,4200,5700,1,4.0
Lebap Welayaty,Lebap Welayaty,State/Province,Turkmenistan,34900,7700,4200,5700,1,4.0
Mary Welayaty,Mary Welayaty,State/Province,Turkmenistan,34900,7700,4200,5700,1,4.0
Turks and Caicos Islands,Turks and Caicos Islands,Country,Turks and Caicos Islands,60900,13400,7300,6100,3,4.1
Funafuti,Funafuti,Capital City,Tuvalu,99500,21900,11950,10900,2,4.4
Tuvalu,Tuvalu,Country,Tuvalu,101000,22200,12100,11100,3,4.1
Nanumaga,Nanumaga,Island/Territory,Tuvalu,120500,26500,14450,13100,1,4.0
Nanumea,Nanumea,Island/Territory,Tuvalu,120500,26500,14450,13100,1,4.0
Niutao,Niutao,Island/Territory,Tuvalu,120500,26500,14450,13100,1,4.0
Nui,Nui,Island/Territory,Tuvalu,120500,26500,14450,13100,1,4.0
Nukufetau,Nukufetau,Island/Territory,Tuvalu,120500,26500,14450,13100,1,4.0
Nukulaelae,Nukulaelae,Island/Territory,Tuvalu,120500,26500,14450,13100,1,4.0
Vaitupu,Vaitupu,Island/Territory,Tuvalu,120500,26500,14450,13100,1,4.0
Funafuti,Funafuti,State/Province,Tuvalu,80900,17800,9700,8700,1,4.0
Tuvalu,Tuvalu,State/Province,Tuvalu,80900,17800,9700,8700,1,4.0
Ankara,Ankara,Capital City,Türkiye,33100,7300,3950,5500,2,4.4
Türkiye,Türkiye,Country,Türkiye,34500,7600,4150,5700,3,4.1
Adana,Adana,State/Province,Türkiye,34800,7650,4200,5600,1,4.0
Adıyaman,Adıyaman,State/Province,Türkiye,34800,7650,4200,5600,1,4.0
Afyonkarahisar,Afyonkarahisar,State/Province,Türkiye,34800,7650,4200,5600,1,4.0
Aksaray,Aksaray,State/Province,Türkiye,34800,7650,4200,5600,1,4.0
Amasya,Amasya,State/Province,Türkiye,34800,7650,4200,5600,1,4.0
Ankara,Ankara,State/Province,Türkiye,34800,7650,4200,5600,1,4.0
Antalya,Antalya,State/Province,Türkiye,34800,7650,4200,5600,1,4.0
Ardahan,Ardahan,State/Province,Türkiye,34800,7650,4200,5600,1,4.0
Artvin,Artvin,State/Province,Türkiye,34800,7650,4200,5600,1,4.0
Aydın,Aydın,State/Province,Türkiye,34800,7650,4200,5600,1,4.0
Ağrı,Ağrı,State/Province,Türkiye,34800,7650,4200,5600,1,4.0
Balıkesir,Balıkesir,State/Province,Türkiye,34800,7650,4200,5600,1,4.0
Bartın,Bartın,State/Province,Türkiye,34800,7650,4200,5600,1,4.0
Batman,Batman,State/Province,Türkiye,34800,7650,4200,5600,1,4.0
Bayburt,Bayburt,State/Province,Türkiye,34800,7650,4200,5600,1,4.0
Bilecik,Bilecik,State/Province,Türkiye,34800,7650,4200,5600,1,4.0
Bingöl,Bingöl,State/Province,Türkiye,34800,7650,4200,5600,1,4.0
Bitlis,Bitlis,State/Province,Türkiye,34800,7650,4200,5600,1,4.0
Bolu,Bolu,State/Province,Türkiye,34800,7650,4200,5600,1,4.0
Burdur,Burdur,State/Province,Türkiye,34800,7650,4200,5600,1,4.0
Bursa,Bursa,State/Province,Türkiye,34800,7650,4200,5600,1,4.0
Denizli,Denizli,State/Province,Türkiye,34800,7650,4200,5600,1,4.0
Diyarbakır,Diyarbakır,State/Province,Türkiye,34800,7650,4200,5600,1,4.0
Düzce,Düzce,State/Province,Türkiye,34800,7650,4200,5600,1,4.0
Edirne,Edirne,State/Province,Türkiye,34800,7650,4200,5600,1,4.0
Elazığ,Elazığ,State/Province,Türkiye,34800,7650,4200,5600,1,4.0
Erzincan,Erzincan,State/Province,Türkiye,34800,7650,4200,5600,1,4.0
Erzurum,Erzurum,State/Province,Türkiye,34800,7650,4200,5600,1,4.0
Eskişehir,Eskişehir,State/Province,Türkiye,34800,7650,4200,5600,1,4.0
Gaziantep,Gaziantep,State/Province,Türkiye,34800,7650,4200,5600,1,4.0
Giresun,Giresun,State/Province,Türkiye,34800,7650,4200,5600,1,4.0
Gümüşhane,Gümüşhane,State/Province,Türkiye,34800,7650,4200,5600,1,4.0
Hakkâri,Hakkâri,State/Province,Türkiye,34800,7650,4200,5600,1,4.0
Hatay,Hatay,State/Province,Türkiye,34800,7650,4200,5600,1,4.0
Isparta,Isparta,State/Province,Türkiye,34800,7650,4200,5600,1,4.0
Iğdır,Iğdır,State/Province,Türkiye,34800,7650,4200,5600,1,4.0
İstanbul,İstanbul,State/Province,Türkiye,34800,7650,4200,5600,1,4.0
İzmir,İzmir,State/Province,Türkiye,34800,7650,4200,5600,1,4.0
Kahramanmaraş,Kahramanmaraş,State/Province,Türkiye,34800,7650,4200,5600,1,4.0
Karabük,Karabük,State/Province,Türkiye,34800,7650,4200,5600,1,4.0
Karaman,Karaman,State/Province,Türkiye,34800,7650,4200,5600,1,4.0
Kars,Kars,State/Province,Türkiye,34800,7650,4200,5600,1,4.0
Kastamonu,Kastamonu,State/Province,Türkiye,34800,7650,4200,5600,1,4.0
Kayseri,Kayseri,State/Province,Türkiye,34800,7650,4200,5600,1,4.0
Kilis,Kilis,State/Province,Türkiye,34800,7650,4200,5600,1,4.0
Kocaeli,Kocaeli,State/Province,Türkiye,34800,7650,4200,5600,1,4.0
Konya,Konya,State/Province,Türkiye,34800,7650,4200,5600,1,4.0
Kütahya,Kütahya,State/Province,Türkiye,34800,7650,4200,5600,1,4.0
Kırklareli,Kırklareli,State/Province,Türkiye,34800,7650,4200,5600,1,4.0
Kırıkkale,Kırıkkale,State/Province,Türkiye,34800,7650,4200,5600,1,4.0
Kırşehir,Kırşehir,State/Province,Türkiye,34800,7650,4200,5600,1,4.0
Malatya,Malatya,State/Province,Türkiye,34800,7650,4200,5600,1,4.0
Manisa,Manisa,State/Province,Türkiye,34800,7650,4200,5600,1,4.0
Mardin,Mardin,State/Province,Türkiye,34800,7650,4200,5600,1,4.0
Mersin,Mersin,State/Province,Türkiye,34800,7650,4200,5600,1,4.0
Muğla,Muğla,State/Province,Türkiye,34800,7650,4200,5600,1,4.0
Muş,Muş,State/Province,Türkiye,34800,7650,4200,5600,1,4.0
Nevşehir,Nevşehir,State/Province,Türkiye,34800,7650,4200,5600,1,4.0
Niğde,Niğde,State/Province,Türkiye,34800,7650,4200,5600,1,4.0
Ordu,Ordu,State/Province,Türkiye,34800,7650,4200,5600,1,4.0
Osmaniye,Osmaniye,State/Province,Türkiye,34800,7650,4200,5600,1,4.0
Rize,Rize,State/Province,Türkiye,34800,7650,4200,5600,1,4.0
Sakarya,Sakarya,State/Province,Türkiye,34800,7650,4200,5600,1,4.0
Samsun,Samsun,State/Province,Türkiye,34800,7650,4200,5600,1,4.0
Siirt,Siirt,State/Province,Türkiye,34800,7650,4200,5600,1,4.0
Sinop,Sinop,State/Province,Türkiye,34800,7650,4200,5600,1,4.0
Sivas,Sivas,State/Province,Türkiye,34800,7650,4200,5600,1,4.0
Tekirdağ,Tekirdağ,State/Province,Türkiye,34800,7650,4200,5600,1,4.0
Tokat,Tokat,State/Province,Türkiye,34800,7650,4200,5600,1,4.0
Trabzon,Trabzon,State/Province,Türkiye,34800,7650,4200,5600,1,4.0
Tunceli,Tunceli,State/Province,Türkiye,34800,7650,4200,5600,1,4.0
Uşak,Uşak,State/Province,Türkiye,34800,7650,4200,5600,1,4.0
Van,Van,State/Province,Türkiye,34800,7650,4200,5600,1,4.0
Yalova,Yalova,State/Province,Türkiye,34800,7650,4200,5600,1,4.0
Yozgat,Yozgat,State/Province,Türkiye,34800,7650,4200,5600,1,4.0
Zonguldak,Zonguldak,State/Province,Türkiye,34800,7650,4200,5600,1,4.0
Çanakkale,Çanakkale,State/Province,Türkiye,34800,7650,4200,5600,1,4.0
Çankırı,Çankırı,State/Province,Türkiye,34800,7650,4200,5600,1,4.0
Çorum,Çorum,State/Province,Türkiye,34800,7650,4200,5600,1,4.0
Şanlıurfa,Şanlıurfa,State/Province,Türkiye,34800,7650,4200,5600,1,4.0
Şırnak,Şırnak,State/Province,Türkiye,34800,7650,4200,5600,1,4.0
Palm Jumeirah,Dubai,Beach,UAE,30000,999999,999999,11000,0.5,4.8
Dubai,Dubai,City,UAE,30000,999999,999999,10000,3,4.7
Burj Khalifa,Dubai,Monument,UAE,30000,999999,999999,10000,0.3,4.9
Dubai Miracle Garden,Dubai,Nature,UAE,30000,999999,999999,9000,0.4,4.8
Dubai Mall,Dubai,Shopping,UAE,30000,999999,999999,9000,0.5,4.7
Abim,Abim,Administrative Region,Uganda,45400,10000,5450,5400,1,4.0
Adjumani,Adjumani,Administrative Region,Uganda,45400,10000,5450,5400,1,4.0
Agago,Agago,Administrative Region,Uganda,45400,10000,5450,5400,1,4.0
Alebtong,Alebtong,Administrative Region,Uganda,45400,10000,5450,5400,1,4.0
Amolatar,Amolatar,Administrative Region,Uganda,45400,10000,5450,5400,1,4.0
Amudat,Amudat,Administrative Region,Uganda,45400,10000,5450,5400,1,4.0
Amuria,Amuria,Administrative Region,Uganda,45400,10000,5450,5400,1,4.0
Amuru,Amuru,Administrative Region,Uganda,45400,10000,5450,5400,1,4.0
Apac,Apac,Administrative Region,Uganda,45400,10000,5450,5400,1,4.0
Arua,Arua,Administrative Region,Uganda,45400,10000,5450,5400,1,4.0
Budaka,Budaka,Administrative Region,Uganda,45400,10000,5450,5400,1,4.0
Bududa,Bududa,Administrative Region,Uganda,45400,10000,5450,5400,1,4.0
Bugiri,Bugiri,Administrative Region,Uganda,45400,10000,5450,5400,1,4.0
Bugweri,Bugweri,Administrative Region,Uganda,45400,10000,5450,5400,1,4.0
Buhweju,Buhweju,Administrative Region,Uganda,45400,10000,5450,5400,1,4.0
Buikwe,Buikwe,Administrative Region,Uganda,45400,10000,5450,5400,1,4.0
Bukedea,Bukedea,Administrative Region,Uganda,45400,10000,5450,5400,1,4.0
Bukomansibi,Bukomansibi,Administrative Region,Uganda,45400,10000,5450,5400,1,4.0
Bukwo,Bukwo,Administrative Region,Uganda,45400,10000,5450,5400,1,4.0
Bulambuli,Bulambuli,Administrative Region,Uganda,45400,10000,5450,5400,1,4.0
Buliisa,Buliisa,Administrative Region,Uganda,45400,10000,5450,5400,1,4.0
Bundibugyo,Bundibugyo,Administrative Region,Uganda,45400,10000,5450,5400,1,4.0
Bunyangabu,Bunyangabu,Administrative Region,Uganda,45400,10000,5450,5400,1,4.0
Bushenyi,Bushenyi,Administrative Region,Uganda,45400,10000,5450,5400,1,4.0
Busia,Busia,Administrative Region,Uganda,45400,10000,5450,5400,1,4.0
Butaleja,Butaleja,Administrative Region,Uganda,45400,10000,5450,5400,1,4.0
Butambala,Butambala,Administrative Region,Uganda,45400,10000,5450,5400,1,4.0
Butebo,Butebo,Administrative Region,Uganda,45400,10000,5450,5400,1,4.0
Buvuma,Buvuma,Administrative Region,Uganda,45400,10000,5450,5400,1,4.0
Buyende,Buyende,Administrative Region,Uganda,45400,10000,5450,5400,1,4.0
Central,Central,Administrative Region,Uganda,45400,10000,5450,5400,1,4.0
Dokolo,Dokolo,Administrative Region,Uganda,45400,10000,5450,5400,1,4.0
Eastern,Eastern,Administrative Region,Uganda,45400,10000,5450,5400,1,4.0
Gomba,Gomba,Administrative Region,Uganda,45400,10000,5450,5400,1,4.0
Gulu,Gulu,Administrative Region,Uganda,45400,10000,5450,5400,1,4.0
Hoima,Hoima,Administrative Region,Uganda,45400,10000,5450,5400,1,4.0
Ibanda,Ibanda,Administrative Region,Uganda,45400,10000,5450,5400,1,4.0
Iganga,Iganga,Administrative Region,Uganda,45400,10000,5450,5400,1,4.0
Isingiro,Isingiro,Administrative Region,Uganda,45400,10000,5450,5400,1,4.0
Jinja,Jinja,Administrative Region,Uganda,45400,10000,5450,5400,1,4.0
Kaabong,Kaabong,Administrative Region,Uganda,45400,10000,5450,5400,1,4.0
Kabale,Kabale,Administrative Region,Uganda,45400,10000,5450,5400,1,4.0
Kabarole,Kabarole,Administrative Region,Uganda,45400,10000,5450,5400,1,4.0
Kaberamaido,Kaberamaido,Administrative Region,Uganda,45400,10000,5450,5400,1,4.0
Kagadi,Kagadi,Administrative Region,Uganda,45400,10000,5450,5400,1,4.0
Kakumiro,Kakumiro,Administrative Region,Uganda,45400,10000,5450,5400,1,4.0
Kalaki,Kalaki,Administrative Region,Uganda,45400,10000,5450,5400,1,4.0
Kalangala,Kalangala,Administrative Region,Uganda,45400,10000,5450,5400,1,4.0
Kaliro,Kaliro,Administrative Region,Uganda,45400,10000,5450,5400,1,4.0
Kalungu,Kalungu,Administrative Region,Uganda,45400,10000,5450,5400,1,4.0
Kamuli,Kamuli,Administrative Region,Uganda,45400,10000,5450,5400,1,4.0
Kamwenge,Kamwenge,Administrative Region,Uganda,45400,10000,5450,5400,1,4.0
Kanungu,Kanungu,Administrative Region,Uganda,45400,10000,5450,5400,1,4.0
Kapchorwa,Kapchorwa,Administrative Region,Uganda,45400,10000,5450,5400,1,4.0
Kapelebyong,Kapelebyong,Administrative Region,Uganda,45400,10000,5450,5400,1,4.0
Karenga,Karenga,Administrative Region,Uganda,45400,10000,5450,5400,1,4.0
Kasanda,Kasanda,Administrative Region,Uganda,45400,10000,5450,5400,1,4.0
Kasese,Kasese,Administrative Region,Uganda,45400,10000,5450,5400,1,4.0
Katakwi,Katakwi,Administrative Region,Uganda,45400,10000,5450,5400,1,4.0
Kayunga,Kayunga,Administrative Region,Uganda,45400,10000,5450,5400,1,4.0
Kazo,Kazo,Administrative Region,Uganda,45400,10000,5450,5400,1,4.0
Kibaale,Kibaale,Administrative Region,Uganda,45400,10000,5450,5400,1,4.0
Kiboga,Kiboga,Administrative Region,Uganda,45400,10000,5450,5400,1,4.0
Kibuku,Kibuku,Administrative Region,Uganda,45400,10000,5450,5400,1,4.0
Kikuube,Kikuube,Administrative Region,Uganda,45400,10000,5450,5400,1,4.0
Kiruhura,Kiruhura,Administrative Region,Uganda,45400,10000,5450,5400,1,4.0
Kiryandongo,Kiryandongo,Administrative Region,Uganda,45400,10000,5450,5400,1,4.0
Kisoro,Kisoro,Administrative Region,Uganda,45400,10000,5450,5400,1,4.0
Kitagwenda,Kitagwenda,Administrative Region,Uganda,45400,10000,5450,5400,1,4.0
Kitgum,Kitgum,Administrative Region,Uganda,45400,10000,5450,5400,1,4.0
Koboko,Koboko,Administrative Region,Uganda,45400,10000,5450,5400,1,4.0
Kole,Kole,Administrative Region,Uganda,45400,10000,5450,5400,1,4.0
Kotido,Kotido,Administrative Region,Uganda,45400,10000,5450,5400,1,4.0
Kumi,Kumi,Administrative Region,Uganda,45400,10000,5450,5400,1,4.0
Kwania,Kwania,Administrative Region,Uganda,45400,10000,5450,5400,1,4.0
Kween,Kween,Administrative Region,Uganda,45400,10000,5450,5400,1,4.0
Kyankwanzi,Kyankwanzi,Administrative Region,Uganda,45400,10000,5450,5400,1,4.0
Kyegegwa,Kyegegwa,Administrative Region,Uganda,45400,10000,5450,5400,1,4.0
Kyenjojo,Kyenjojo,Administrative Region,Uganda,45400,10000,5450,5400,1,4.0
Kyotera,Kyotera,Administrative Region,Uganda,45400,10000,5450,5400,1,4.0
Lamwo,Lamwo,Administrative Region,Uganda,45400,10000,5450,5400,1,4.0
Lira,Lira,Administrative Region,Uganda,45400,10000,5450,5400,1,4.0
Luuka,Luuka,Administrative Region,Uganda,45400,10000,5450,5400,1,4.0
Luwero,Luwero,Administrative Region,Uganda,45400,10000,5450,5400,1,4.0
Lwengo,Lwengo,Administrative Region,Uganda,45400,10000,5450,5400,1,4.0
Lyantonde,Lyantonde,Administrative Region,Uganda,45400,10000,5450,5400,1,4.0
Madi-Okollo,Madi-Okollo,Administrative Region,Uganda,45400,10000,5450,5400,1,4.0
Manafwa,Manafwa,Administrative Region,Uganda,45400,10000,5450,5400,1,4.0
Maracha,Maracha,Administrative Region,Uganda,45400,10000,5450,5400,1,4.0
Masaka,Masaka,Administrative Region,Uganda,45400,10000,5450,5400,1,4.0
Masindi,Masindi,Administrative Region,Uganda,45400,10000,5450,5400,1,4.0
Mayuge,Mayuge,Administrative Region,Uganda,45400,10000,5450,5400,1,4.0
Mbale,Mbale,Administrative Region,Uganda,45400,10000,5450,5400,1,4.0
Mbarara,Mbarara,Administrative Region,Uganda,45400,10000,5450,5400,1,4.0
Mitooma,Mitooma,Administrative Region,Uganda,45400,10000,5450,5400,1,4.0
Mityana,Mityana,Administrative Region,Uganda,45400,10000,5450,5400,1,4.0
Moroto,Moroto,Administrative Region,Uganda,45400,10000,5450,5400,1,4.0
Moyo,Moyo,Administrative Region,Uganda,45400,10000,5450,5400,1,4.0
Mpigi,Mpigi,Administrative Region,Uganda,45400,10000,5450,5400,1,4.0
Mubende,Mubende,Administrative Region,Uganda,45400,10000,5450,5400,1,4.0
Mukono,Mukono,Administrative Region,Uganda,45400,10000,5450,5400,1,4.0
Nabilatuk,Nabilatuk,Administrative Region,Uganda,45400,10000,5450,5400,1,4.0
Nakapiripirit,Nakapiripirit,Administrative Region,Uganda,45400,10000,5450,5400,1,4.0
Nakaseke,Nakaseke,Administrative Region,Uganda,45400,10000,5450,5400,1,4.0
Nakasongola,Nakasongola,Administrative Region,Uganda,45400,10000,5450,5400,1,4.0
Namayingo,Namayingo,Administrative Region,Uganda,45400,10000,5450,5400,1,4.0
Namisindwa,Namisindwa,Administrative Region,Uganda,45400,10000,5450,5400,1,4.0
Namutumba,Namutumba,Administrative Region,Uganda,45400,10000,5450,5400,1,4.0
Napak,Napak,Administrative Region,Uganda,45400,10000,5450,5400,1,4.0
Nebbi,Nebbi,Administrative Region,Uganda,45400,10000,5450,5400,1,4.0
Ngora,Ngora,Administrative Region,Uganda,45400,10000,5450,5400,1,4.0
Northern,Northern,Administrative Region,Uganda,45400,10000,5450,5400,1,4.0
Ntoroko,Ntoroko,Administrative Region,Uganda,45400,10000,5450,5400,1,4.0
Ntungamo,Ntungamo,Administrative Region,Uganda,45400,10000,5450,5400,1,4.0
Nwoya,Nwoya,Administrative Region,Uganda,45400,10000,5450,5400,1,4.0
Obongi,Obongi,Administrative Region,Uganda,45400,10000,5450,5400,1,4.0
Omoro,Omoro,Administrative Region,Uganda,45400,10000,5450,5400,1,4.0
Otuke,Otuke,Administrative Region,Uganda,45400,10000,5450,5400,1,4.0
Oyam,Oyam,Administrative Region,Uganda,45400,10000,5450,5400,1,4.0
Pader,Pader,Administrative Region,Uganda,45400,10000,5450,5400,1,4.0
Pakwach,Pakwach,Administrative Region,Uganda,45400,10000,5450,5400,1,4.0
Pallisa,Pallisa,Administrative Region,Uganda,45400,10000,5450,5400,1,4.0
Rakai,Rakai,Administrative Region,Uganda,45400,10000,5450,5400,1,4.0
Rubanda,Rubanda,Administrative Region,Uganda,45400,10000,5450,5400,1,4.0
Rubirizi,Rubirizi,Administrative Region,Uganda,45400,10000,5450,5400,1,4.0
Rukiga,Rukiga,Administrative Region,Uganda,45400,10000,5450,5400,1,4.0
Rukungiri,Rukungiri,Administrative Region,Uganda,45400,10000,5450,5400,1,4.0
Rwampara,Rwampara,Administrative Region,Uganda,45400,10000,5450,5400,1,4.0
Sembabule,Sembabule,Administrative Region,Uganda,45400,10000,5450,5400,1,4.0
Serere,Serere,Administrative Region,Uganda,45400,10000,5450,5400,1,4.0
Sheema,Sheema,Administrative Region,Uganda,45400,10000,5450,5400,1,4.0
Sironko,Sironko,Administrative Region,Uganda,45400,10000,5450,5400,1,4.0
Soroti,Soroti,Administrative Region,Uganda,45400,10000,5450,5400,1,4.0
Tororo,Tororo,Administrative Region,Uganda,45400,10000,5450,5400,1,4.0
Wakiso,Wakiso,Administrative Region,Uganda,45400,10000,5450,5400,1,4.0
Western,Western,Administrative Region,Uganda,45400,10000,5450,5400,1,4.0
Yumbe,Yumbe,Administrative Region,Uganda,45400,10000,5450,5400,1,4.0
Zombo,Zombo,Administrative Region,Uganda,45400,10000,5450,5400,1,4.0
Kampala,Kampala,Capital City,Uganda,59000,13000,7100,7100,2,4.4
Uganda,Uganda,Country,Uganda,60400,13300,7250,7300,3,4.1
Adjumani,Adjumani,State/Province,Uganda,56900,12500,6850,7100,1,4.0
Apac,Apac,State/Province,Uganda,56900,12500,6850,7100,1,4.0
Arua,Arua,State/Province,Uganda,56900,12500,6850,7100,1,4.0
Bugiri,Bugiri,State/Province,Uganda,56900,12500,6850,7100,1,4.0
Bundibugyo,Bundibugyo,State/Province,Uganda,56900,12500,6850,7100,1,4.0
Bushenyi,Bushenyi,State/Province,Uganda,56900,12500,6850,7100,1,4.0
Busia,Busia,State/Province,Uganda,56900,12500,6850,7100,1,4.0
Gulu,Gulu,State/Province,Uganda,56900,12500,6850,7100,1,4.0
Hoima,Hoima,State/Province,Uganda,56900,12500,6850,7100,1,4.0
Iganga,Iganga,State/Province,Uganda,56900,12500,6850,7100,1,4.0
Jinja,Jinja,State/Province,Uganda,56900,12500,6850,7100,1,4.0
Kabale,Kabale,State/Province,Uganda,56900,12500,6850,7100,1,4.0
Kabarole,Kabarole,State/Province,Uganda,56900,12500,6850,7100,1,4.0
Kalangala,Kalangala,State/Province,Uganda,56900,12500,6850,7100,1,4.0
Kampala,Kampala,State/Province,Uganda,56900,12500,6850,7100,1,4.0
Kamuli,Kamuli,State/Province,Uganda,56900,12500,6850,7100,1,4.0
Kapchorwa,Kapchorwa,State/Province,Uganda,56900,12500,6850,7100,1,4.0
Kasese,Kasese,State/Province,Uganda,56900,12500,6850,7100,1,4.0
Katakwi,Katakwi,State/Province,Uganda,56900,12500,6850,7100,1,4.0
Kibale,Kibale,State/Province,Uganda,56900,12500,6850,7100,1,4.0
Kiboga,Kiboga,State/Province,Uganda,56900,12500,6850,7100,1,4.0
Kisoro,Kisoro,State/Province,Uganda,56900,12500,6850,7100,1,4.0
Kitgum,Kitgum,State/Province,Uganda,56900,12500,6850,7100,1,4.0
Kotido,Kotido,State/Province,Uganda,56900,12500,6850,7100,1,4.0
Kumi,Kumi,State/Province,Uganda,56900,12500,6850,7100,1,4.0
Lira,Lira,State/Province,Uganda,56900,12500,6850,7100,1,4.0
Luwero,Luwero,State/Province,Uganda,56900,12500,6850,7100,1,4.0
Masaka,Masaka,State/Province,Uganda,56900,12500,6850,7100,1,4.0
Masindi,Masindi,State/Province,Uganda,56900,12500,6850,7100,1,4.0
Mbale,Mbale,State/Province,Uganda,56900,12500,6850,7100,1,4.0
Mbarara,Mbarara,State/Province,Uganda,56900,12500,6850,7100,1,4.0
Moroto,Moroto,State/Province,Uganda,56900,12500,6850,7100,1,4.0
Moyo,Moyo,State/Province,Uganda,56900,12500,6850,7100,1,4.0
Mpigi,Mpigi,State/Province,Uganda,56900,12500,6850,7100,1,4.0
Mubende,Mubende,State/Province,Uganda,56900,12500,6850,7100,1,4.0
Mukono,Mukono,State/Province,Uganda,56900,12500,6850,7100,1,4.0
Nakasongola,Nakasongola,State/Province,Uganda,56900,12500,6850,7100,1,4.0
Nebbi,Nebbi,State/Province,Uganda,56900,12500,6850,7100,1,4.0
Ntungamo,Ntungamo,State/Province,Uganda,56900,12500,6850,7100,1,4.0
Pallisa,Pallisa,State/Province,Uganda,56900,12500,6850,7100,1,4.0
Rakai,Rakai,State/Province,Uganda,56900,12500,6850,7100,1,4.0
Rukungiri,Rukungiri,State/Province,Uganda,56900,12500,6850,7100,1,4.0
Sembabule,Sembabule,State/Province,Uganda,56900,12500,6850,7100,1,4.0
Soroti,Soroti,State/Province,Uganda,56900,12500,6850,7100,1,4.0
Tororo,Tororo,State/Province,Uganda,56900,12500,6850,7100,1,4.0
London Eye,London,Attraction,UK,60000,999999,999999,12000,0.2,4.7
National Museum of Scotland,Edinburgh,Beach,UK,66039,999999,999999,14645,0.5,4.8
Edinburgh,Edinburgh,City,UK,66039,999999,999999,14645,3,4.6
London,London,City,UK,60000,999999,999999,13000,3,4.7
Palace of Holyroodhouse,Edinburgh,Historical,UK,66039,999999,999999,14645,0.4,4.9
Edinburgh Castle,Edinburgh,Leisure,UK,66039,999999,999999,14645,0.2,4.5
Big Ben,London,Monument,UK,60000,999999,999999,13000,0.2,4.8
British Museum,London,Museum,UK,60000,999999,999999,13000,0.5,4.8
Royal Mile,Edinburgh,Museum,UK,66039,999999,999999,14645,0.4,4.7
Arthur's Seat,Edinburgh,Nature,UK,66039,999999,999999,14645,0.2,4.6
Arthur’s Seat,Edinburgh,Nature,UK,58000,999999,999999,12000,0.6,4.8
Calton Hill,Edinburgh,Park,UK,66039,999999,999999,14645,0.6,4.5
Cherkaska oblast,Cherkaska oblast,Administrative Region,Ukraine,56400,12400,6750,7100,1,4.0
Chernihivska oblast,Chernihivska oblast,Administrative Region,Ukraine,56400,12400,6750,7100,1,4.0
Chernivetska oblast,Chernivetska oblast,Administrative Region,Ukraine,56400,12400,6750,7100,1,4.0
Dnipropetrovska oblast,Dnipropetrovska oblast,Administrative Region,Ukraine,56400,12400,6750,7100,1,4.0
Donetska oblast,Donetska oblast,Administrative Region,Ukraine,56400,12400,6750,7100,1,4.0
Ivano-Frankivska oblast,Ivano-Frankivska oblast,Administrative Region,Ukraine,56400,12400,6750,7100,1,4.0
Kharkivska oblast,Kharkivska oblast,Administrative Region,Ukraine,56400,12400,6750,7100,1,4.0
Khersonska oblast,Khersonska oblast,Administrative Region,Ukraine,56400,12400,6750,7100,1,4.0
Khmelnytska oblast,Khmelnytska oblast,Administrative Region,Ukraine,56400,12400,6750,7100,1,4.0
Kirovohradska oblast,Kirovohradska oblast,Administrative Region,Ukraine,56400,12400,6750,7100,1,4.0
Kyivska oblast,Kyivska oblast,Administrative Region,Ukraine,56400,12400,6750,7100,1,4.0
Luhanska oblast,Luhanska oblast,Administrative Region,Ukraine,56400,12400,6750,7100,1,4.0
Lvivska oblast,Lvivska oblast,Administrative Region,Ukraine,56400,12400,6750,7100,1,4.0
Mykolaivska oblast,Mykolaivska oblast,Administrative Region,Ukraine,56400,12400,6750,7100,1,4.0
Odeska oblast,Odeska oblast,Administrative Region,Ukraine,56400,12400,6750,7100,1,4.0
Poltavska oblast,Poltavska oblast,Administrative Region,Ukraine,56400,12400,6750,7100,1,4.0
Rivnenska oblast,Rivnenska oblast,Administrative Region,Ukraine,56400,12400,6750,7100,1,4.0
Sumska oblast,Sumska oblast,Administrative Region,Ukraine,56400,12400,6750,7100,1,4.0
Ternopilska oblast,Ternopilska oblast,Administrative Region,Ukraine,56400,12400,6750,7100,1,4.0
Vinnytska oblast,Vinnytska oblast,Administrative Region,Ukraine,56400,12400,6750,7100,1,4.0
Volynska oblast,Volynska oblast,Administrative Region,Ukraine,56400,12400,6750,7100,1,4.0
Zakarpatska oblast,Zakarpatska oblast,Administrative Region,Ukraine,56400,12400,6750,7100,1,4.0
Zaporizka oblast,Zaporizka oblast,Administrative Region,Ukraine,56400,12400,6750,7100,1,4.0
Zhytomyrska oblast,Zhytomyrska oblast,Administrative Region,Ukraine,56400,12400,6750,7100,1,4.0
Kiev,Kiev,Capital City,Ukraine,72000,15850,8650,9100,2,4.4
Ukraine,Ukraine,Country,Ukraine,73500,16150,8800,9300,3,4.1
Avtonomna Respublika Krym,Avtonomna Respublika Krym,State/Province,Ukraine,57200,12600,6850,7100,1,4.0
Avtonomna Respublika Krym (Simferopol'),Avtonomna Respublika Krym (Simferopol'),State/Province,Ukraine,57200,12600,6850,7100,1,4.0
Cherkas'ka (Cherkasy),Cherkas'ka (Cherkasy),State/Province,Ukraine,57200,12600,6850,7100,1,4.0
Chernihivs'ka (Chernihiv),Chernihivs'ka (Chernihiv),State/Province,Ukraine,57200,12600,6850,7100,1,4.0
Chernivets'ka (Chernivtsi),Chernivets'ka (Chernivtsi),State/Province,Ukraine,57200,12600,6850,7100,1,4.0
Dnipropetrovs'ka (Dnipropetrovs'k),Dnipropetrovs'ka (Dnipropetrovs'k),State/Province,Ukraine,57200,12600,6850,7100,1,4.0
Donets'ka (Donets'k),Donets'ka (Donets'k),State/Province,Ukraine,57200,12600,6850,7100,1,4.0
Ivano-Frankivs'ka (Ivano-Frankivs'k),Ivano-Frankivs'ka (Ivano-Frankivs'k),State/Province,Ukraine,57200,12600,6850,7100,1,4.0
Kharkivs'ka (Kharkiv),Kharkivs'ka (Kharkiv),State/Province,Ukraine,57200,12600,6850,7100,1,4.0
Khersons'ka (Kherson),Khersons'ka (Kherson),State/Province,Ukraine,57200,12600,6850,7100,1,4.0
Khmel'nyts'ka (Khmel'nyts'kyy),Khmel'nyts'ka (Khmel'nyts'kyy),State/Province,Ukraine,57200,12600,6850,7100,1,4.0
Kirovohrads'ka (Kirovohrad),Kirovohrads'ka (Kirovohrad),State/Province,Ukraine,57200,12600,6850,7100,1,4.0
Kyiv,Kyiv,State/Province,Ukraine,57200,12600,6850,7100,1,4.0
Kyyiv,Kyyiv,State/Province,Ukraine,57200,12600,6850,7100,1,4.0
Kyyivs'ka (Kiev),Kyyivs'ka (Kiev),State/Province,Ukraine,57200,12600,6850,7100,1,4.0
L'vivs'ka (L'viv),L'vivs'ka (L'viv),State/Province,Ukraine,57200,12600,6850,7100,1,4.0
Luhans'ka (Luhans'k),Luhans'ka (Luhans'k),State/Province,Ukraine,57200,12600,6850,7100,1,4.0
Mykolayivs'ka (Mykolayiv),Mykolayivs'ka (Mykolayiv),State/Province,Ukraine,57200,12600,6850,7100,1,4.0
Odes'ka (Odesa),Odes'ka (Odesa),State/Province,Ukraine,57200,12600,6850,7100,1,4.0
Poltavs'ka (Poltava),Poltavs'ka (Poltava),State/Province,Ukraine,57200,12600,6850,7100,1,4.0
Rivnens'ka (Rivne),Rivnens'ka (Rivne),State/Province,Ukraine,57200,12600,6850,7100,1,4.0
Sevastopol,Sevastopol,State/Province,Ukraine,57200,12600,6850,7100,1,4.0
Sevastopol',Sevastopol',State/Province,Ukraine,57200,12600,6850,7100,1,4.0
Sums'ka (Sumy),Sums'ka (Sumy),State/Province,Ukraine,57200,12600,6850,7100,1,4.0
Ternopil's'ka (Ternopil'),Ternopil's'ka (Ternopil'),State/Province,Ukraine,57200,12600,6850,7100,1,4.0
Vinnyts'ka (Vinnytsya),Vinnyts'ka (Vinnytsya),State/Province,Ukraine,57200,12600,6850,7100,1,4.0
Volyns'ka (Luts'k),Volyns'ka (Luts'k),State/Province,Ukraine,57200,12600,6850,7100,1,4.0
Zakarpats'ka (Uzhhorod),Zakarpats'ka (Uzhhorod),State/Province,Ukraine,57200,12600,6850,7100,1,4.0
Zaporiz'ka (Zaporizhzhya),Zaporiz'ka (Zaporizhzhya),State/Province,Ukraine,57200,12600,6850,7100,1,4.0
Zhytomyrs'ka (Zhytomyr),Zhytomyrs'ka (Zhytomyr),State/Province,Ukraine,57200,12600,6850,7100,1,4.0
Abu Dhabi,Abu Dhabi,Capital City,United Arab Emirates,32700,7200,3900,5400,2,4.4
United Arab Emirates,United Arab Emirates,Country,United Arab Emirates,34200,7500,4100,5600,3,4.1
Palm Jumeirah,Dubai,Island/Territory,United Arab Emirates,38700,8500,4650,6400,1,4.7
Burj Khalifa,Dubai,Landmark,United Arab Emirates,43300,9550,5200,7000,1,4.7
Sheikh Zayed Grand Mosque,Abu Dhabi,Religious Place,United Arab Emirates,32100,7050,3850,5300,1,4.7
'Ajman,'Ajman,State/Province,United Arab Emirates,34400,7550,4150,5600,1,4.0
Abu Zaby (Abu Dhabi),Abu Zaby (Abu Dhabi),State/Province,United Arab Emirates,34400,7550,4150,5600,1,4.0
Abū Z̧aby,Abū Z̧aby,State/Province,United Arab Emirates,34400,7550,4150,5600,1,4.0
Al Fujayrah,Al Fujayrah,State/Province,United Arab Emirates,34400,7550,4150,5600,1,4.0
Ash Shariqah (Sharjah),Ash Shariqah (Sharjah),State/Province,United Arab Emirates,34400,7550,4150,5600,1,4.0
Ash Shāriqah,Ash Shāriqah,State/Province,United Arab Emirates,34400,7550,4150,5600,1,4.0
Dubayy,Dubayy,State/Province,United Arab Emirates,34400,7550,4150,5600,1,4.0
Dubayy (Dubai),Dubayy (Dubai),State/Province,United Arab Emirates,34400,7550,4150,5600,1,4.0
Ra's al Khaymah,Ra's al Khaymah,State/Province,United Arab Emirates,34400,7550,4150,5600,1,4.0
Ra’s al Khaymah,Ra’s al Khaymah,State/Province,United Arab Emirates,34400,7550,4150,5600,1,4.0
Umm al Qaywayn,Umm al Qaywayn,State/Province,United Arab Emirates,34400,7550,4150,5600,1,4.0
‘Ajmān,‘Ajmān,State/Province,United Arab Emirates,34400,7550,4150,5600,1,4.0
Antrim and Newtownabbey,Antrim and Newtownabbey,Administrative Region,United Kingdom,61300,13500,7350,7800,1,4.0
Ards and North Down,Ards and North Down,Administrative Region,United Kingdom,61300,13500,7350,7800,1,4.0
"Armagh City, Banbridge and Craigavon","Armagh City, Banbridge and Craigavon",Administrative Region,United Kingdom,61300,13500,7350,7800,1,4.0
Barnsley,Barnsley,Administrative Region,United Kingdom,61300,13500,7350,7800,1,4.0
Belfast City,Belfast City,Administrative Region,United Kingdom,61300,13500,7350,7800,1,4.0
Birmingham,Birmingham,Administrative Region,United Kingdom,61300,13500,7350,7800,1,4.0
Bolton,Bolton,Administrative Region,United Kingdom,61300,13500,7350,7800,1,4.0
Bradford,Bradford,Administrative Region,United Kingdom,61300,13500,7350,7800,1,4.0
Bury,Bury,Administrative Region,United Kingdom,61300,13500,7350,7800,1,4.0
Calderdale,Calderdale,Administrative Region,United Kingdom,61300,13500,7350,7800,1,4.0
Cambridgeshire,Cambridgeshire,Administrative Region,United Kingdom,61300,13500,7350,7800,1,4.0
Causeway Coast and Glens,Causeway Coast and Glens,Administrative Region,United Kingdom,61300,13500,7350,7800,1,4.0
Coventry,Coventry,Administrative Region,United Kingdom,61300,13500,7350,7800,1,4.0
Cumbria,Cumbria,Administrative Region,United Kingdom,61300,13500,7350,7800,1,4.0
Derbyshire,Derbyshire,Administrative Region,United Kingdom,61300,13500,7350,7800,1,4.0
Derry and Strabane,Derry and Strabane,Administrative Region,United Kingdom,61300,13500,7350,7800,1,4.0
Devon,Devon,Administrative Region,United Kingdom,61300,13500,7350,7800,1,4.0
Doncaster,Doncaster,Administrative Region,United Kingdom,61300,13500,7350,7800,1,4.0
Dorset,Dorset,Administrative Region,United Kingdom,61300,13500,7350,7800,1,4.0
Dudley,Dudley,Administrative Region,United Kingdom,61300,13500,7350,7800,1,4.0
East Sussex,East Sussex,Administrative Region,United Kingdom,61300,13500,7350,7800,1,4.0
Essex,Essex,Administrative Region,United Kingdom,61300,13500,7350,7800,1,4.0
Fermanagh and Omagh,Fermanagh and Omagh,Administrative Region,United Kingdom,61300,13500,7350,7800,1,4.0
Gateshead,Gateshead,Administrative Region,United Kingdom,61300,13500,7350,7800,1,4.0
Gloucestershire,Gloucestershire,Administrative Region,United Kingdom,61300,13500,7350,7800,1,4.0
Hampshire,Hampshire,Administrative Region,United Kingdom,61300,13500,7350,7800,1,4.0
Hertfordshire,Hertfordshire,Administrative Region,United Kingdom,61300,13500,7350,7800,1,4.0
Kent,Kent,Administrative Region,United Kingdom,61300,13500,7350,7800,1,4.0
Kirklees,Kirklees,Administrative Region,United Kingdom,61300,13500,7350,7800,1,4.0
Knowsley,Knowsley,Administrative Region,United Kingdom,61300,13500,7350,7800,1,4.0
Lancashire,Lancashire,Administrative Region,United Kingdom,61300,13500,7350,7800,1,4.0
Leeds,Leeds,Administrative Region,United Kingdom,61300,13500,7350,7800,1,4.0
Leicestershire,Leicestershire,Administrative Region,United Kingdom,61300,13500,7350,7800,1,4.0
Lincolnshire,Lincolnshire,Administrative Region,United Kingdom,61300,13500,7350,7800,1,4.0
Lisburn and Castlereagh,Lisburn and Castlereagh,Administrative Region,United Kingdom,61300,13500,7350,7800,1,4.0
Liverpool,Liverpool,Administrative Region,United Kingdom,61300,13500,7350,7800,1,4.0
Manchester,Manchester,Administrative Region,United Kingdom,61300,13500,7350,7800,1,4.0
Mid and East Antrim,Mid and East Antrim,Administrative Region,United Kingdom,61300,13500,7350,7800,1,4.0
Mid-Ulster,Mid-Ulster,Administrative Region,United Kingdom,61300,13500,7350,7800,1,4.0
Newcastle upon Tyne,Newcastle upon Tyne,Administrative Region,United Kingdom,61300,13500,7350,7800,1,4.0
"Newry, Mourne and Down","Newry, Mourne and Down",Administrative Region,United Kingdom,61300,13500,7350,7800,1,4.0
Norfolk,Norfolk,Administrative Region,United Kingdom,61300,13500,7350,7800,1,4.0
North Tyneside,North Tyneside,Administrative Region,United Kingdom,61300,13500,7350,7800,1,4.0
North Yorkshire,North Yorkshire,Administrative Region,United Kingdom,61300,13500,7350,7800,1,4.0
Nottinghamshire,Nottinghamshire,Administrative Region,United Kingdom,61300,13500,7350,7800,1,4.0
Oldham,Oldham,Administrative Region,United Kingdom,61300,13500,7350,7800,1,4.0
Oxfordshire,Oxfordshire,Administrative Region,United Kingdom,61300,13500,7350,7800,1,4.0
Rochdale,Rochdale,Administrative Region,United Kingdom,61300,13500,7350,7800,1,4.0
Rotherham,Rotherham,Administrative Region,United Kingdom,61300,13500,7350,7800,1,4.0
Salford,Salford,Administrative Region,United Kingdom,61300,13500,7350,7800,1,4.0
Sandwell,Sandwell,Administrative Region,United Kingdom,61300,13500,7350,7800,1,4.0
Sefton,Sefton,Administrative Region,United Kingdom,61300,13500,7350,7800,1,4.0
Sheffield,Sheffield,Administrative Region,United Kingdom,61300,13500,7350,7800,1,4.0
Solihull,Solihull,Administrative Region,United Kingdom,61300,13500,7350,7800,1,4.0
Somerset,Somerset,Administrative Region,United Kingdom,61300,13500,7350,7800,1,4.0
South Tyneside,South Tyneside,Administrative Region,United Kingdom,61300,13500,7350,7800,1,4.0
St. Helens,St. Helens,Administrative Region,United Kingdom,61300,13500,7350,7800,1,4.0
Staffordshire,Staffordshire,Administrative Region,United Kingdom,61300,13500,7350,7800,1,4.0
Stockport,Stockport,Administrative Region,United Kingdom,61300,13500,7350,7800,1,4.0
Suffolk,Suffolk,Administrative Region,United Kingdom,61300,13500,7350,7800,1,4.0
Sunderland,Sunderland,Administrative Region,United Kingdom,61300,13500,7350,7800,1,4.0
Surrey,Surrey,Administrative Region,United Kingdom,61300,13500,7350,7800,1,4.0
Tameside,Tameside,Administrative Region,United Kingdom,61300,13500,7350,7800,1,4.0
Trafford,Trafford,Administrative Region,United Kingdom,61300,13500,7350,7800,1,4.0
Wakefield,Wakefield,Administrative Region,United Kingdom,61300,13500,7350,7800,1,4.0
Walsall,Walsall,Administrative Region,United Kingdom,61300,13500,7350,7800,1,4.0
Warwickshire,Warwickshire,Administrative Region,United Kingdom,61300,13500,7350,7800,1,4.0
West Sussex,West Sussex,Administrative Region,United Kingdom,61300,13500,7350,7800,1,4.0
Wigan,Wigan,Administrative Region,United Kingdom,61300,13500,7350,7800,1,4.0
Wirral,Wirral,Administrative Region,United Kingdom,61300,13500,7350,7800,1,4.0
Wolverhampton,Wolverhampton,Administrative Region,United Kingdom,61300,13500,7350,7800,1,4.0
Worcestershire,Worcestershire,Administrative Region,United Kingdom,61300,13500,7350,7800,1,4.0
United Kingdom,United Kingdom,Country,United Kingdom,67000,14750,8050,8300,3,4.1
Edinburgh Castle,Edinburgh,Historic Site,United Kingdom,72300,15900,8700,9000,1,4.7
Stonehenge,Wiltshire,Historic Site,United Kingdom,72300,15900,8700,9000,1,4.7
Tower of London,London,Historic Site,United Kingdom,72300,15900,8700,9000,1,4.7
British Museum,London,Museum,United Kingdom,76100,16750,9150,9700,1,4.7
Aberdeen City,Aberdeen City,State/Province,United Kingdom,62000,13650,7450,7800,1,4.0
Aberdeenshire,Aberdeenshire,State/Province,United Kingdom,62000,13650,7450,7800,1,4.0
Angus,Angus,State/Province,United Kingdom,62000,13650,7450,7800,1,4.0
Argyll and Bute,Argyll and Bute,State/Province,United Kingdom,62000,13650,7450,7800,1,4.0
Barking and Dagenham,Barking and Dagenham,State/Province,United Kingdom,62000,13650,7450,7800,1,4.0
Barnet,Barnet,State/Province,United Kingdom,62000,13650,7450,7800,1,4.0
Barnsley,Barnsley,State/Province,United Kingdom,62000,13650,7450,7800,1,4.0
Bath and North East Somerset,Bath and North East Somerset,State/Province,United Kingdom,62000,13650,7450,7800,1,4.0
Bedford,Bedford,State/Province,United Kingdom,62000,13650,7450,7800,1,4.0
Bedfordshire,Bedfordshire,State/Province,United Kingdom,62000,13650,7450,7800,1,4.0
Bexley,Bexley,State/Province,United Kingdom,62000,13650,7450,7800,1,4.0
Birmingham,Birmingham,State/Province,United Kingdom,62000,13650,7450,7800,1,4.0
Blackburn with Darwen,Blackburn with Darwen,State/Province,United Kingdom,62000,13650,7450,7800,1,4.0
Blackpool,Blackpool,State/Province,United Kingdom,62000,13650,7450,7800,1,4.0
Blaenau Gwent,Blaenau Gwent,State/Province,United Kingdom,62000,13650,7450,7800,1,4.0
Bolton,Bolton,State/Province,United Kingdom,62000,13650,7450,7800,1,4.0
Bournemouth,Bournemouth,State/Province,United Kingdom,62000,13650,7450,7800,1,4.0
"Bournemouth, Christchurch and Poole","Bournemouth, Christchurch and Poole",State/Province,United Kingdom,62000,13650,7450,7800,1,4.0
Bracknell Forest,Bracknell Forest,State/Province,United Kingdom,62000,13650,7450,7800,1,4.0
Bradford,Bradford,State/Province,United Kingdom,62000,13650,7450,7800,1,4.0
Brent,Brent,State/Province,United Kingdom,62000,13650,7450,7800,1,4.0
Bridgend [Pen-y-bont ar Ogwr GB-POG],Bridgend [Pen-y-bont ar Ogwr GB-POG],State/Province,United Kingdom,62000,13650,7450,7800,1,4.0
Brighton and Hove,Brighton and Hove,State/Province,United Kingdom,62000,13650,7450,7800,1,4.0
"Bristol, City of","Bristol, City of",State/Province,United Kingdom,62000,13650,7450,7800,1,4.0
Bromley,Bromley,State/Province,United Kingdom,62000,13650,7450,7800,1,4.0
Buckinghamshire,Buckinghamshire,State/Province,United Kingdom,62000,13650,7450,7800,1,4.0
Bury,Bury,State/Province,United Kingdom,62000,13650,7450,7800,1,4.0
Caerphilly [Caerffili GB-CAF],Caerphilly [Caerffili GB-CAF],State/Province,United Kingdom,62000,13650,7450,7800,1,4.0
Calderdale,Calderdale,State/Province,United Kingdom,62000,13650,7450,7800,1,4.0
Cambridgeshire,Cambridgeshire,State/Province,United Kingdom,62000,13650,7450,7800,1,4.0
Camden,Camden,State/Province,United Kingdom,62000,13650,7450,7800,1,4.0
Cardiff [Caerdydd GB-CRD],Cardiff [Caerdydd GB-CRD],State/Province,United Kingdom,62000,13650,7450,7800,1,4.0
Carmarthenshire [Sir Gaerfyrddin GB-GFY],Carmarthenshire [Sir Gaerfyrddin GB-GFY],State/Province,United Kingdom,62000,13650,7450,7800,1,4.0
Central Bedfordshire,Central Bedfordshire,State/Province,United Kingdom,62000,13650,7450,7800,1,4.0
Ceredigion [Sir Ceredigion],Ceredigion [Sir Ceredigion],State/Province,United Kingdom,62000,13650,7450,7800,1,4.0
Cheshire,Cheshire,State/Province,United Kingdom,62000,13650,7450,7800,1,4.0
Cheshire East,Cheshire East,State/Province,United Kingdom,62000,13650,7450,7800,1,4.0
Cheshire West and Chester,Cheshire West and Chester,State/Province,United Kingdom,62000,13650,7450,7800,1,4.0
City of Bristol,City of Bristol,State/Province,United Kingdom,62000,13650,7450,7800,1,4.0
City of Kingston upon Hull,City of Kingston upon Hull,State/Province,United Kingdom,62000,13650,7450,7800,1,4.0
City of London,City of London,State/Province,United Kingdom,62000,13650,7450,7800,1,4.0
Clackmannanshire,Clackmannanshire,State/Province,United Kingdom,62000,13650,7450,7800,1,4.0
Conwy,Conwy,State/Province,United Kingdom,62000,13650,7450,7800,1,4.0
Cornwall,Cornwall,State/Province,United Kingdom,62000,13650,7450,7800,1,4.0
Coventry,Coventry,State/Province,United Kingdom,62000,13650,7450,7800,1,4.0
Croydon,Croydon,State/Province,United Kingdom,62000,13650,7450,7800,1,4.0
Cumbria,Cumbria,State/Province,United Kingdom,62000,13650,7450,7800,1,4.0
Darlington,Darlington,State/Province,United Kingdom,62000,13650,7450,7800,1,4.0
Denbighshire [Sir Ddinbych GB-DDB],Denbighshire [Sir Ddinbych GB-DDB],State/Province,United Kingdom,62000,13650,7450,7800,1,4.0
Derby,Derby,State/Province,United Kingdom,62000,13650,7450,7800,1,4.0
Derbyshire,Derbyshire,State/Province,United Kingdom,62000,13650,7450,7800,1,4.0
Devon,Devon,State/Province,United Kingdom,62000,13650,7450,7800,1,4.0
Doncaster,Doncaster,State/Province,United Kingdom,62000,13650,7450,7800,1,4.0
Dorset,Dorset,State/Province,United Kingdom,62000,13650,7450,7800,1,4.0
Dudley,Dudley,State/Province,United Kingdom,62000,13650,7450,7800,1,4.0
Dumfries and Galloway,Dumfries and Galloway,State/Province,United Kingdom,62000,13650,7450,7800,1,4.0
Dundee City,Dundee City,State/Province,United Kingdom,62000,13650,7450,7800,1,4.0
Durham,Durham,State/Province,United Kingdom,62000,13650,7450,7800,1,4.0
"Durham, County","Durham, County",State/Province,United Kingdom,62000,13650,7450,7800,1,4.0
Ealing,Ealing,State/Province,United Kingdom,62000,13650,7450,7800,1,4.0
East Ayrshire,East Ayrshire,State/Province,United Kingdom,62000,13650,7450,7800,1,4.0
East Dunbartonshire,East Dunbartonshire,State/Province,United Kingdom,62000,13650,7450,7800,1,4.0
East Lothian,East Lothian,State/Province,United Kingdom,62000,13650,7450,7800,1,4.0
East Renfrewshire,East Renfrewshire,State/Province,United Kingdom,62000,13650,7450,7800,1,4.0
East Riding of Yorkshire,East Riding of Yorkshire,State/Province,United Kingdom,62000,13650,7450,7800,1,4.0
East Sussex,East Sussex,State/Province,United Kingdom,62000,13650,7450,7800,1,4.0
"Edinburgh, City of","Edinburgh, City of",State/Province,United Kingdom,62000,13650,7450,7800,1,4.0
Eilean Siar,Eilean Siar,State/Province,United Kingdom,62000,13650,7450,7800,1,4.0
Enfield,Enfield,State/Province,United Kingdom,62000,13650,7450,7800,1,4.0
England,England,State/Province,United Kingdom,62000,13650,7450,7800,1,4.0
Essex,Essex,State/Province,United Kingdom,62000,13650,7450,7800,1,4.0
Falkirk,Falkirk,State/Province,United Kingdom,62000,13650,7450,7800,1,4.0
Fife,Fife,State/Province,United Kingdom,62000,13650,7450,7800,1,4.0
Flintshire [Sir y Fflint GB-FFL],Flintshire [Sir y Fflint GB-FFL],State/Province,United Kingdom,62000,13650,7450,7800,1,4.0
Gateshead,Gateshead,State/Province,United Kingdom,62000,13650,7450,7800,1,4.0
Glasgow City,Glasgow City,State/Province,United Kingdom,62000,13650,7450,7800,1,4.0
Gloucestershire,Gloucestershire,State/Province,United Kingdom,62000,13650,7450,7800,1,4.0
Greenwich,Greenwich,State/Province,United Kingdom,62000,13650,7450,7800,1,4.0
Gwynedd,Gwynedd,State/Province,United Kingdom,62000,13650,7450,7800,1,4.0
Hackney,Hackney,State/Province,United Kingdom,62000,13650,7450,7800,1,4.0
Halton,Halton,State/Province,United Kingdom,62000,13650,7450,7800,1,4.0
Hammersmith and Fulham,Hammersmith and Fulham,State/Province,United Kingdom,62000,13650,7450,7800,1,4.0
Hampshire,Hampshire,State/Province,United Kingdom,62000,13650,7450,7800,1,4.0
Haringey,Haringey,State/Province,United Kingdom,62000,13650,7450,7800,1,4.0
Harrow,Harrow,State/Province,United Kingdom,62000,13650,7450,7800,1,4.0
Hartlepool,Hartlepool,State/Province,United Kingdom,62000,13650,7450,7800,1,4.0
Havering,Havering,State/Province,United Kingdom,62000,13650,7450,7800,1,4.0
Herefordshire,Herefordshire,State/Province,United Kingdom,62000,13650,7450,7800,1,4.0
Hertfordshire,Hertfordshire,State/Province,United Kingdom,62000,13650,7450,7800,1,4.0
Highland,Highland,State/Province,United Kingdom,62000,13650,7450,7800,1,4.0
Hillingdon,Hillingdon,State/Province,United Kingdom,62000,13650,7450,7800,1,4.0
Hounslow,Hounslow,State/Province,United Kingdom,62000,13650,7450,7800,1,4.0
Inverclyde,Inverclyde,State/Province,United Kingdom,62000,13650,7450,7800,1,4.0
Isle of Anglesey [Sir Ynys Môn GB-YNM],Isle of Anglesey [Sir Ynys Môn GB-YNM],State/Province,United Kingdom,62000,13650,7450,7800,1,4.0
Isle of Wight,Isle of Wight,State/Province,United Kingdom,62000,13650,7450,7800,1,4.0
Isles of Scilly,Isles of Scilly,State/Province,United Kingdom,62000,13650,7450,7800,1,4.0
Islington,Islington,State/Province,United Kingdom,62000,13650,7450,7800,1,4.0
Kensington and Chelsea,Kensington and Chelsea,State/Province,United Kingdom,62000,13650,7450,7800,1,4.0
Kent,Kent,State/Province,United Kingdom,62000,13650,7450,7800,1,4.0
Kingston upon Hull,Kingston upon Hull,State/Province,United Kingdom,62000,13650,7450,7800,1,4.0
Kingston upon Thames,Kingston upon Thames,State/Province,United Kingdom,62000,13650,7450,7800,1,4.0
Kirklees,Kirklees,State/Province,United Kingdom,62000,13650,7450,7800,1,4.0
Knowsley,Knowsley,State/Province,United Kingdom,62000,13650,7450,7800,1,4.0
Lambeth,Lambeth,State/Province,United Kingdom,62000,13650,7450,7800,1,4.0
Lancashire,Lancashire,State/Province,United Kingdom,62000,13650,7450,7800,1,4.0
Leeds,Leeds,State/Province,United Kingdom,62000,13650,7450,7800,1,4.0
Leicester,Leicester,State/Province,United Kingdom,62000,13650,7450,7800,1,4.0
Leicestershire,Leicestershire,State/Province,United Kingdom,62000,13650,7450,7800,1,4.0
Lewisham,Lewisham,State/Province,United Kingdom,62000,13650,7450,7800,1,4.0
Lincolnshire,Lincolnshire,State/Province,United Kingdom,62000,13650,7450,7800,1,4.0
Liverpool,Liverpool,State/Province,United Kingdom,62000,13650,7450,7800,1,4.0
"London, City of","London, City of",State/Province,United Kingdom,62000,13650,7450,7800,1,4.0
Luton,Luton,State/Province,United Kingdom,62000,13650,7450,7800,1,4.0
Manchester,Manchester,State/Province,United Kingdom,62000,13650,7450,7800,1,4.0
Medway,Medway,State/Province,United Kingdom,62000,13650,7450,7800,1,4.0
Merthyr Tydfil [Merthyr Tudful GB-MTU],Merthyr Tydfil [Merthyr Tudful GB-MTU],State/Province,United Kingdom,62000,13650,7450,7800,1,4.0
Merton,Merton,State/Province,United Kingdom,62000,13650,7450,7800,1,4.0
Middlesbrough,Middlesbrough,State/Province,United Kingdom,62000,13650,7450,7800,1,4.0
Midlothian,Midlothian,State/Province,United Kingdom,62000,13650,7450,7800,1,4.0
Milton Keynes,Milton Keynes,State/Province,United Kingdom,62000,13650,7450,7800,1,4.0
Monmouthshire [Sir Fynwy GB-FYN],Monmouthshire [Sir Fynwy GB-FYN],State/Province,United Kingdom,62000,13650,7450,7800,1,4.0
Moray,Moray,State/Province,United Kingdom,62000,13650,7450,7800,1,4.0
Neath Port Talbot [Castell-nedd Port Talbot GB-CTL],Neath Port Talbot [Castell-nedd Port Talbot GB-CTL],State/Province,United Kingdom,62000,13650,7450,7800,1,4.0
Newcastle upon Tyne,Newcastle upon Tyne,State/Province,United Kingdom,62000,13650,7450,7800,1,4.0
Newham,Newham,State/Province,United Kingdom,62000,13650,7450,7800,1,4.0
Newport [Casnewydd GB-CNW],Newport [Casnewydd GB-CNW],State/Province,United Kingdom,62000,13650,7450,7800,1,4.0
Norfolk,Norfolk,State/Province,United Kingdom,62000,13650,7450,7800,1,4.0
North Ayrshire,North Ayrshire,State/Province,United Kingdom,62000,13650,7450,7800,1,4.0
North East Lincolnshire,North East Lincolnshire,State/Province,United Kingdom,62000,13650,7450,7800,1,4.0
North Lanarkshire,North Lanarkshire,State/Province,United Kingdom,62000,13650,7450,7800,1,4.0
North Lincolnshire,North Lincolnshire,State/Province,United Kingdom,62000,13650,7450,7800,1,4.0
North Northamptonshire,North Northamptonshire,State/Province,United Kingdom,62000,13650,7450,7800,1,4.0
North Somerset,North Somerset,State/Province,United Kingdom,62000,13650,7450,7800,1,4.0
North Tyneside,North Tyneside,State/Province,United Kingdom,62000,13650,7450,7800,1,4.0
North Yorkshire,North Yorkshire,State/Province,United Kingdom,62000,13650,7450,7800,1,4.0
Northamptonshire,Northamptonshire,State/Province,United Kingdom,62000,13650,7450,7800,1,4.0
Northern Ireland,Northern Ireland,State/Province,United Kingdom,62000,13650,7450,7800,1,4.0
Northumberland,Northumberland,State/Province,United Kingdom,62000,13650,7450,7800,1,4.0
Nottingham,Nottingham,State/Province,United Kingdom,62000,13650,7450,7800,1,4.0
Nottinghamshire,Nottinghamshire,State/Province,United Kingdom,62000,13650,7450,7800,1,4.0
Oldham,Oldham,State/Province,United Kingdom,62000,13650,7450,7800,1,4.0
Orkney Islands,Orkney Islands,State/Province,United Kingdom,62000,13650,7450,7800,1,4.0
Oxfordshire,Oxfordshire,State/Province,United Kingdom,62000,13650,7450,7800,1,4.0
Pembrokeshire [Sir Benfro GB-BNF],Pembrokeshire [Sir Benfro GB-BNF],State/Province,United Kingdom,62000,13650,7450,7800,1,4.0
Perth and Kinross,Perth and Kinross,State/Province,United Kingdom,62000,13650,7450,7800,1,4.0
Peterborough,Peterborough,State/Province,United Kingdom,62000,13650,7450,7800,1,4.0
Plymouth,Plymouth,State/Province,United Kingdom,62000,13650,7450,7800,1,4.0
Poole,Poole,State/Province,United Kingdom,62000,13650,7450,7800,1,4.0
Portsmouth,Portsmouth,State/Province,United Kingdom,62000,13650,7450,7800,1,4.0
Powys,Powys,State/Province,United Kingdom,62000,13650,7450,7800,1,4.0
Reading,Reading,State/Province,United Kingdom,62000,13650,7450,7800,1,4.0
Redbridge,Redbridge,State/Province,United Kingdom,62000,13650,7450,7800,1,4.0
Redcar and Cleveland,Redcar and Cleveland,State/Province,United Kingdom,62000,13650,7450,7800,1,4.0
Renfrewshire,Renfrewshire,State/Province,United Kingdom,62000,13650,7450,7800,1,4.0
Rhondda Cynon Taff [Rhondda CynonTaf],Rhondda Cynon Taff [Rhondda CynonTaf],State/Province,United Kingdom,62000,13650,7450,7800,1,4.0
Richmond upon Thames,Richmond upon Thames,State/Province,United Kingdom,62000,13650,7450,7800,1,4.0
Rochdale,Rochdale,State/Province,United Kingdom,62000,13650,7450,7800,1,4.0
Rotherham,Rotherham,State/Province,United Kingdom,62000,13650,7450,7800,1,4.0
Rutland,Rutland,State/Province,United Kingdom,62000,13650,7450,7800,1,4.0
Salford,Salford,State/Province,United Kingdom,62000,13650,7450,7800,1,4.0
Sandwell,Sandwell,State/Province,United Kingdom,62000,13650,7450,7800,1,4.0
Scotland,Scotland,State/Province,United Kingdom,62000,13650,7450,7800,1,4.0
Scottish Borders,Scottish Borders,State/Province,United Kingdom,62000,13650,7450,7800,1,4.0
Sefton,Sefton,State/Province,United Kingdom,62000,13650,7450,7800,1,4.0
Sheffield,Sheffield,State/Province,United Kingdom,62000,13650,7450,7800,1,4.0
Shetland Islands,Shetland Islands,State/Province,United Kingdom,62000,13650,7450,7800,1,4.0
Shropshire,Shropshire,State/Province,United Kingdom,62000,13650,7450,7800,1,4.0
Slough,Slough,State/Province,United Kingdom,62000,13650,7450,7800,1,4.0
Solihull,Solihull,State/Province,United Kingdom,62000,13650,7450,7800,1,4.0
Somerset,Somerset,State/Province,United Kingdom,62000,13650,7450,7800,1,4.0
South Ayrshire,South Ayrshire,State/Province,United Kingdom,62000,13650,7450,7800,1,4.0
South Gloucestershire,South Gloucestershire,State/Province,United Kingdom,62000,13650,7450,7800,1,4.0
South Lanarkshire,South Lanarkshire,State/Province,United Kingdom,62000,13650,7450,7800,1,4.0
South Tyneside,South Tyneside,State/Province,United Kingdom,62000,13650,7450,7800,1,4.0
Southampton,Southampton,State/Province,United Kingdom,62000,13650,7450,7800,1,4.0
Southend-on-Sea,Southend-on-Sea,State/Province,United Kingdom,62000,13650,7450,7800,1,4.0
Southwark,Southwark,State/Province,United Kingdom,62000,13650,7450,7800,1,4.0
St. Helens,St. Helens,State/Province,United Kingdom,62000,13650,7450,7800,1,4.0
Staffordshire,Staffordshire,State/Province,United Kingdom,62000,13650,7450,7800,1,4.0
Stirling,Stirling,State/Province,United Kingdom,62000,13650,7450,7800,1,4.0
Stockport,Stockport,State/Province,United Kingdom,62000,13650,7450,7800,1,4.0
Stockton-on-Tees,Stockton-on-Tees,State/Province,United Kingdom,62000,13650,7450,7800,1,4.0
Stoke-on-Trent,Stoke-on-Trent,State/Province,United Kingdom,62000,13650,7450,7800,1,4.0
Suffolk,Suffolk,State/Province,United Kingdom,62000,13650,7450,7800,1,4.0
Sunderland,Sunderland,State/Province,United Kingdom,62000,13650,7450,7800,1,4.0
Surrey,Surrey,State/Province,United Kingdom,62000,13650,7450,7800,1,4.0
Sutton,Sutton,State/Province,United Kingdom,62000,13650,7450,7800,1,4.0
Swansea [Abertawe GB-ATA],Swansea [Abertawe GB-ATA],State/Province,United Kingdom,62000,13650,7450,7800,1,4.0
Swindon,Swindon,State/Province,United Kingdom,62000,13650,7450,7800,1,4.0
Tameside,Tameside,State/Province,United Kingdom,62000,13650,7450,7800,1,4.0
Telford and Wrekin,Telford and Wrekin,State/Province,United Kingdom,62000,13650,7450,7800,1,4.0
Thurrock,Thurrock,State/Province,United Kingdom,62000,13650,7450,7800,1,4.0
Torbay,Torbay,State/Province,United Kingdom,62000,13650,7450,7800,1,4.0
Torfaen [Tor-faen],Torfaen [Tor-faen],State/Province,United Kingdom,62000,13650,7450,7800,1,4.0
Tower Hamlets,Tower Hamlets,State/Province,United Kingdom,62000,13650,7450,7800,1,4.0
Trafford,Trafford,State/Province,United Kingdom,62000,13650,7450,7800,1,4.0
"Vale of Glamorgan, The [Bro Morgannwg GB-BMG]","Vale of Glamorgan, The [Bro Morgannwg GB-BMG]",State/Province,United Kingdom,62000,13650,7450,7800,1,4.0
Wakefield,Wakefield,State/Province,United Kingdom,62000,13650,7450,7800,1,4.0
Wales [Cymru GB-CYM],Wales [Cymru GB-CYM],State/Province,United Kingdom,62000,13650,7450,7800,1,4.0
Walsall,Walsall,State/Province,United Kingdom,62000,13650,7450,7800,1,4.0
Waltham Forest,Waltham Forest,State/Province,United Kingdom,62000,13650,7450,7800,1,4.0
Wandsworth,Wandsworth,State/Province,United Kingdom,62000,13650,7450,7800,1,4.0
Warrington,Warrington,State/Province,United Kingdom,62000,13650,7450,7800,1,4.0
Warwickshire,Warwickshire,State/Province,United Kingdom,62000,13650,7450,7800,1,4.0
West Berkshire,West Berkshire,State/Province,United Kingdom,62000,13650,7450,7800,1,4.0
West Dunbartonshire,West Dunbartonshire,State/Province,United Kingdom,62000,13650,7450,7800,1,4.0
West Lothian,West Lothian,State/Province,United Kingdom,62000,13650,7450,7800,1,4.0
West Northamptonshire,West Northamptonshire,State/Province,United Kingdom,62000,13650,7450,7800,1,4.0
West Sussex,West Sussex,State/Province,United Kingdom,62000,13650,7450,7800,1,4.0
Westminster,Westminster,State/Province,United Kingdom,62000,13650,7450,7800,1,4.0
Wigan,Wigan,State/Province,United Kingdom,62000,13650,7450,7800,1,4.0
Wiltshire,Wiltshire,State/Province,United Kingdom,62000,13650,7450,7800,1,4.0
Windsor and Maidenhead,Windsor and Maidenhead,State/Province,United Kingdom,62000,13650,7450,7800,1,4.0
Wirral,Wirral,State/Province,United Kingdom,62000,13650,7450,7800,1,4.0
Wokingham,Wokingham,State/Province,United Kingdom,62000,13650,7450,7800,1,4.0
Wolverhampton,Wolverhampton,State/Province,United Kingdom,62000,13650,7450,7800,1,4.0
Worcestershire,Worcestershire,State/Province,United Kingdom,62000,13650,7450,7800,1,4.0
Wrexham [Wrecsam GB-WRC],Wrexham [Wrecsam GB-WRC],State/Province,United Kingdom,62000,13650,7450,7800,1,4.0
York,York,State/Province,United Kingdom,62000,13650,7450,7800,1,4.0
District of Columbia,District of Columbia,Administrative Region,United States,79000,17400,9500,8800,1,4.0
Washington D.C.,Washington D.C.,Capital City,United States,87300,19200,10500,9300,2,4.4
United States,United States,Country,United States,88700,19500,10650,9600,3,4.1
Golden Gate Bridge,San Francisco,Landmark,United States,103300,22750,12400,11400,1,4.7
Statue of Liberty,New York,Landmark,United States,103300,22750,12400,11400,1,4.7
Walt Disney World,Orlando,Landmark,United States,103300,22750,12400,11400,1,4.7
Grand Canyon,Arizona,National Park,United States,101000,22200,12100,10800,1,4.7
Yellowstone National Park,Wyoming,National Park,United States,101000,22200,12100,10800,1,4.7
Yosemite National Park,California,National Park,United States,101000,22200,12100,10800,1,4.7
Niagara Falls,New York,Natural Wonder,United States,108700,23900,13050,11800,1,4.7
Alabama,Alabama,State/Province,United States,80700,17750,9700,8900,1,4.0
Alaska,Alaska,State/Province,United States,80700,17750,9700,8900,1,4.0
American Samoa,American Samoa,State/Province,United States,80700,17750,9700,8900,1,4.0
Arizona,Arizona,State/Province,United States,80700,17750,9700,8900,1,4.0
Arkansas,Arkansas,State/Province,United States,80700,17750,9700,8900,1,4.0
California,California,State/Province,United States,80700,17750,9700,8900,1,4.0
Colorado,Colorado,State/Province,United States,80700,17750,9700,8900,1,4.0
Connecticut,Connecticut,State/Province,United States,80700,17750,9700,8900,1,4.0
Delaware,Delaware,State/Province,United States,80700,17750,9700,8900,1,4.0
District of Columbia,District of Columbia,State/Province,United States,80700,17750,9700,8900,1,4.0
Florida,Florida,State/Province,United States,80700,17750,9700,8900,1,4.0
Georgia,Georgia,State/Province,United States,80700,17750,9700,8900,1,4.0
Guam,Guam,State/Province,United States,80700,17750,9700,8900,1,4.0
Hawaii,Hawaii,State/Province,United States,80700,17750,9700,8900,1,4.0
Idaho,Idaho,State/Province,United States,80700,17750,9700,8900,1,4.0
Illinois,Illinois,State/Province,United States,80700,17750,9700,8900,1,4.0
Indiana,Indiana,State/Province,United States,80700,17750,9700,8900,1,4.0
Iowa,Iowa,State/Province,United States,80700,17750,9700,8900,1,4.0
Kansas,Kansas,State/Province,United States,80700,17750,9700,8900,1,4.0
Kentucky,Kentucky,State/Province,United States,80700,17750,9700,8900,1,4.0
Louisiana,Louisiana,State/Province,United States,80700,17750,9700,8900,1,4.0
Maine,Maine,State/Province,United States,80700,17750,9700,8900,1,4.0
Maryland,Maryland,State/Province,United States,80700,17750,9700,8900,1,4.0
Massachusetts,Massachusetts,State/Province,United States,80700,17750,9700,8900,1,4.0
Michigan,Michigan,State/Province,United States,80700,17750,9700,8900,1,4.0
Minnesota,Minnesota,State/Province,United States,80700,17750,9700,8900,1,4.0
Mississippi,Mississippi,State/Province,United States,80700,17750,9700,8900,1,4.0
Missouri,Missouri,State/Province,United States,80700,17750,9700,8900,1,4.0
Montana,Montana,State/Province,United States,80700,17750,9700,8900,1,4.0
Nebraska,Nebraska,State/Province,United States,80700,17750,9700,8900,1,4.0
Nevada,Nevada,State/Province,United States,80700,17750,9700,8900,1,4.0
New Hampshire,New Hampshire,State/Province,United States,80700,17750,9700,8900,1,4.0
New Jersey,New Jersey,State/Province,United States,80700,17750,9700,8900,1,4.0
New Mexico,New Mexico,State/Province,United States,80700,17750,9700,8900,1,4.0
New York,New York,State/Province,United States,80700,17750,9700,8900,1,4.0
North Carolina,North Carolina,State/Province,United States,80700,17750,9700,8900,1,4.0
North Dakota,North Dakota,State/Province,United States,80700,17750,9700,8900,1,4.0
Northern Mariana Islands,Northern Mariana Islands,State/Province,United States,80700,17750,9700,8900,1,4.0
Ohio,Ohio,State/Province,United States,80700,17750,9700,8900,1,4.0
Oklahoma,Oklahoma,State/Province,United States,80700,17750,9700,8900,1,4.0
Oregon,Oregon,State/Province,United States,80700,17750,9700,8900,1,4.0
Pennsylvania,Pennsylvania,State/Province,United States,80700,17750,9700,8900,1,4.0
Puerto Rico,Puerto Rico,State/Province,United States,80700,17750,9700,8900,1,4.0
Rhode Island,Rhode Island,State/Province,United States,80700,17750,9700,8900,1,4.0
South Carolina,South Carolina,State/Province,United States,80700,17750,9700,8900,1,4.0
South Dakota,South Dakota,State/Province,United States,80700,17750,9700,8900,1,4.0
Tennessee,Tennessee,State/Province,United States,80700,17750,9700,8900,1,4.0
Texas,Texas,State/Province,United States,80700,17750,9700,8900,1,4.0
United States Minor Outlying Islands,United States Minor Outlying Islands,State/Province,United States,80700,17750,9700,8900,1,4.0
Utah,Utah,State/Province,United States,80700,17750,9700,8900,1,4.0
Vermont,Vermont,State/Province,United States,80700,17750,9700,8900,1,4.0
"Virgin Islands, U.S.","Virgin Islands, U.S.",State/Province,United States,80700,17750,9700,8900,1,4.0
Virginia,Virginia,State/Province,United States,80700,17750,9700,8900,1,4.0
Washington,Washington,State/Province,United States,80700,17750,9700,8900,1,4.0
West Virginia,West Virginia,State/Province,United States,80700,17750,9700,8900,1,4.0
Wisconsin,Wisconsin,State/Province,United States,80700,17750,9700,8900,1,4.0
Wyoming,Wyoming,State/Province,United States,80700,17750,9700,8900,1,4.0
United States Minor Outlying Islands,United States Minor Outlying Islands,Country,United States Minor Outlying Islands,62600,13750,7500,6400,3,4.1
Baker Island,Baker Island,Island/Territory,United States Minor Outlying Islands,86000,18900,10300,9100,1,4.0
Howland Island,Howland Island,Island/Territory,United States Minor Outlying Islands,86000,18900,10300,9100,1,4.0
Jarvis Island,Jarvis Island,Island/Territory,United States Minor Outlying Islands,86000,18900,10300,9100,1,4.0
Johnston Atoll,Johnston Atoll,Island/Territory,United States Minor Outlying Islands,86000,18900,10300,9100,1,4.0
Kingman Reef,Kingman Reef,Island/Territory,United States Minor Outlying Islands,86000,18900,10300,9100,1,4.0
Midway Islands,Midway Islands,Island/Territory,United States Minor Outlying Islands,86000,18900,10300,9100,1,4.0
Navassa Island,Navassa Island,Island/Territory,United States Minor Outlying Islands,86000,18900,10300,9100,1,4.0
Palmyra Atoll,Palmyra Atoll,Island/Territory,United States Minor Outlying Islands,86000,18900,10300,9100,1,4.0
Wake Island,Wake Island,Island/Territory,United States Minor Outlying Islands,86000,18900,10300,9100,1,4.0
Artigas,Artigas,Administrative Region,Uruguay,76400,16800,9150,8500,1,4.0
Canelones,Canelones,Administrative Region,Uruguay,76400,16800,9150,8500,1,4.0
Cerro Largo,Cerro Largo,Administrative Region,Uruguay,76400,16800,9150,8500,1,4.0
Colonia,Colonia,Administrative Region,Uruguay,76400,16800,9150,8500,1,4.0
Durazno,Durazno,Administrative Region,Uruguay,76400,16800,9150,8500,1,4.0
Flores,Flores,Administrative Region,Uruguay,76400,16800,9150,8500,1,4.0
Florida,Florida,Administrative Region,Uruguay,76400,16800,9150,8500,1,4.0
Lavalleja,Lavalleja,Administrative Region,Uruguay,76400,16800,9150,8500,1,4.0
Maldonado,Maldonado,Administrative Region,Uruguay,76400,16800,9150,8500,1,4.0
Montevideo,Montevideo,Administrative Region,Uruguay,76400,16800,9150,8500,1,4.0
Paysandú,Paysandú,Administrative Region,Uruguay,76400,16800,9150,8500,1,4.0
Rivera,Rivera,Administrative Region,Uruguay,76400,16800,9150,8500,1,4.0
Rocha,Rocha,Administrative Region,Uruguay,76400,16800,9150,8500,1,4.0
Río Negro,Río Negro,Administrative Region,Uruguay,76400,16800,9150,8500,1,4.0
Salto,Salto,Administrative Region,Uruguay,76400,16800,9150,8500,1,4.0
San José,San José,Administrative Region,Uruguay,76400,16800,9150,8500,1,4.0
Soriano,Soriano,Administrative Region,Uruguay,76400,16800,9150,8500,1,4.0
Tacuarembó,Tacuarembó,Administrative Region,Uruguay,76400,16800,9150,8500,1,4.0
Treinta y Tres,Treinta y Tres,Administrative Region,Uruguay,76400,16800,9150,8500,1,4.0
Montevideo,Montevideo,Capital City,Uruguay,96000,21100,11500,10600,2,4.4
Uruguay,Uruguay,Country,Uruguay,86100,18950,10350,9200,3,4.1
Artigas,Artigas,State/Province,Uruguay,78100,17200,9350,8500,1,4.0
Canelones,Canelones,State/Province,Uruguay,78100,17200,9350,8500,1,4.0
Cerro Largo,Cerro Largo,State/Province,Uruguay,78100,17200,9350,8500,1,4.0
Colonia,Colonia,State/Province,Uruguay,78100,17200,9350,8500,1,4.0
Durazno,Durazno,State/Province,Uruguay,78100,17200,9350,8500,1,4.0
Flores,Flores,State/Province,Uruguay,78100,17200,9350,8500,1,4.0
Florida,Florida,State/Province,Uruguay,78100,17200,9350,8500,1,4.0
Lavalleja,Lavalleja,State/Province,Uruguay,78100,17200,9350,8500,1,4.0
Maldonado,Maldonado,State/Province,Uruguay,78100,17200,9350,8500,1,4.0
Montevideo,Montevideo,State/Province,Uruguay,78100,17200,9350,8500,1,4.0
Paysandu,Paysandu,State/Province,Uruguay,78100,17200,9350,8500,1,4.0
Rio Negro,Rio Negro,State/Province,Uruguay,78100,17200,9350,8500,1,4.0
Rivera,Rivera,State/Province,Uruguay,78100,17200,9350,8500,1,4.0
Rocha,Rocha,State/Province,Uruguay,78100,17200,9350,8500,1,4.0
Salto,Salto,State/Province,Uruguay,78100,17200,9350,8500,1,4.0
San Jose,San Jose,State/Province,Uruguay,78100,17200,9350,8500,1,4.0
Soriano,Soriano,State/Province,Uruguay,78100,17200,9350,8500,1,4.0
Tacuarembo,Tacuarembo,State/Province,Uruguay,78100,17200,9350,8500,1,4.0
Treinta y Tres,Treinta y Tres,State/Province,Uruguay,78100,17200,9350,8500,1,4.0
Beverly Hills,Los Angeles,Attraction,USA,58460,999999,999999,9848,0.3,4.6
Pier 39,San Francisco,Attraction,USA,44802,999999,999999,8068,0.5,4.7
Times Square,New York,Attraction,USA,70000,999999,999999,15000,0.2,4.6
Santa Monica Pier,Los Angeles,Beach,USA,58460,999999,999999,9848,0.2,4.8
The Strip,Las Vegas,Beach,USA,65074,999999,999999,11918,0.2,4.6
Chicago,Chicago,City,USA,72000,999999,999999,16000,3,4.7
Las Vegas,Las Vegas,City,USA,65074,999999,999999,11918,3,4.6
Los Angeles,Los Angeles,City,USA,58460,999999,999999,9848,3,4.6
Miami,Miami,City,USA,70403,999999,999999,14905,3,4.6
New York,New York,City,USA,70000,999999,999999,15000,3,4.7
San Francisco,San Francisco,City,USA,44802,999999,999999,8068,3,4.6
Hollywood Sign,Los Angeles,Historical,USA,58460,999999,999999,9848,0.6,4.7
Hoover Dam,Las Vegas,Historical,USA,65074,999999,999999,11918,0.3,5.0
Empire State Building,New York,Landmark,USA,70000,999999,999999,15000,0.3,4.8
Willis Tower,Chicago,Landmark,USA,72000,999999,999999,16000,0.3,4.7
Bellagio Fountains,Las Vegas,Leisure,USA,65074,999999,999999,11918,0.5,4.7
Central Park,New York,Leisure,USA,70000,999999,999999,14000,0.4,4.7
Chinatown,San Francisco,Leisure,USA,44802,999999,999999,8068,0.3,4.5
Griffith Observatory,Los Angeles,Leisure,USA,58460,999999,999999,9848,0.4,4.8
Little Havana,Miami,Monument,USA,70403,999999,999999,14905,0.5,4.7
Red Rock Canyon,Las Vegas,Monument,USA,65074,999999,999999,11918,0.4,4.8
Statue of Liberty,New York,Monument,USA,70000,999999,999999,15000,0.5,4.8
Universal Studios,Los Angeles,Monument,USA,58460,999999,999999,9848,0.3,5.0
Art Institute of Chicago,Chicago,Museum,USA,72000,999999,999999,16000,0.5,4.9
Venice Beach,Los Angeles,Museum,USA,58460,999999,999999,9848,0.5,4.6
Bayside Marketplace,Miami,Nature,USA,70403,999999,999999,14905,0.6,4.5
Fisherman's Wharf,San Francisco,Nature,USA,44802,999999,999999,8068,0.5,4.7
Fremont Street,Las Vegas,Nature,USA,65074,999999,999999,11918,0.3,4.4
Grand Canyon,Arizona,Nature,USA,74486,1572,511,9043,1,4.3
High Roller,Las Vegas,Nature,USA,65074,999999,999999,11918,0.4,4.9
South Beach,Miami,Nature,USA,70403,999999,999999,14905,0.2,4.4
Vizcaya Museum,Miami,Nature,USA,70403,999999,999999,14905,0.6,4.5
Alcatraz Island,San Francisco,Park,USA,44802,999999,999999,8068,0.3,4.5
Golden Gate Bridge,San Francisco,Park,USA,44802,999999,999999,8068,0.5,4.6
Millennium Park,Chicago,Park,USA,72000,999999,999999,16000,0.3,4.8
Art Deco District,Miami,Shopping,USA,70403,999999,999999,14905,0.2,4.5
Everglades,Miami,Shopping,USA,70403,999999,999999,14905,0.4,4.7
Lombard Street,San Francisco,Shopping,USA,44802,999999,999999,8068,0.3,4.5
Andijon,Andijon,Administrative Region,Uzbekistan,32600,7150,3900,5300,1,4.0
Buxoro,Buxoro,Administrative Region,Uzbekistan,32600,7150,3900,5300,1,4.0
Farg‘ona,Farg‘ona,Administrative Region,Uzbekistan,32600,7150,3900,5300,1,4.0
Jizzax,Jizzax,Administrative Region,Uzbekistan,32600,7150,3900,5300,1,4.0
Namangan,Namangan,Administrative Region,Uzbekistan,32600,7150,3900,5300,1,4.0
Navoiy,Navoiy,Administrative Region,Uzbekistan,32600,7150,3900,5300,1,4.0
Qashqadaryo,Qashqadaryo,Administrative Region,Uzbekistan,32600,7150,3900,5300,1,4.0
Samarqand,Samarqand,Administrative Region,Uzbekistan,32600,7150,3900,5300,1,4.0
Sirdaryo,Sirdaryo,Administrative Region,Uzbekistan,32600,7150,3900,5300,1,4.0
Surxondaryo,Surxondaryo,Administrative Region,Uzbekistan,32600,7150,3900,5300,1,4.0
Toshkent,Toshkent,Administrative Region,Uzbekistan,32600,7150,3900,5300,1,4.0
Xorazm,Xorazm,Administrative Region,Uzbekistan,32600,7150,3900,5300,1,4.0
Tashkent,Tashkent,Capital City,Uzbekistan,41200,9050,4950,6700,2,4.4
Tashkent,Tashkent,City,Uzbekistan,25000,999999,999999,5000,3,4.4
Uzbekistan,Uzbekistan,Country,Uzbekistan,31400,6900,3750,5200,3,4.1
Kukeldash Madrasah,Tashkent,Historical,Uzbekistan,25000,999999,999999,5000,0.3,4.5
Chorsu Bazaar,Tashkent,Market,Uzbekistan,25000,999999,999999,5000,0.4,4.6
Andijon Wiloyati,Andijon Wiloyati,State/Province,Uzbekistan,31600,6950,3800,5200,1,4.0
Bukhoro Wiloyati,Bukhoro Wiloyati,State/Province,Uzbekistan,31600,6950,3800,5200,1,4.0
Farghona Wiloyati,Farghona Wiloyati,State/Province,Uzbekistan,31600,6950,3800,5200,1,4.0
Jizzakh Wiloyati,Jizzakh Wiloyati,State/Province,Uzbekistan,31600,6950,3800,5200,1,4.0
Khorazm Wiloyati (Urganch),Khorazm Wiloyati (Urganch),State/Province,Uzbekistan,31600,6950,3800,5200,1,4.0
Namangan Wiloyati,Namangan Wiloyati,State/Province,Uzbekistan,31600,6950,3800,5200,1,4.0
Nawoiy Wiloyati,Nawoiy Wiloyati,State/Province,Uzbekistan,31600,6950,3800,5200,1,4.0
Qashqadaryo Wiloyati (Qarshi),Qashqadaryo Wiloyati (Qarshi),State/Province,Uzbekistan,31600,6950,3800,5200,1,4.0
Qoraqalpoghiston (Nukus),Qoraqalpoghiston (Nukus),State/Province,Uzbekistan,31600,6950,3800,5200,1,4.0
Qoraqalpog‘iston Respublikasi,Qoraqalpog‘iston Respublikasi,State/Province,Uzbekistan,31600,6950,3800,5200,1,4.0
Samarqand Wiloyati,Samarqand Wiloyati,State/Province,Uzbekistan,31600,6950,3800,5200,1,4.0
Sirdaryo Wiloyati (Guliston),Sirdaryo Wiloyati (Guliston),State/Province,Uzbekistan,31600,6950,3800,5200,1,4.0
Surkhondaryo Wiloyati (Termiz),Surkhondaryo Wiloyati (Termiz),State/Province,Uzbekistan,31600,6950,3800,5200,1,4.0
Toshkent,Toshkent,State/Province,Uzbekistan,31600,6950,3800,5200,1,4.0
Toshkent Shahri,Toshkent Shahri,State/Province,Uzbekistan,31600,6950,3800,5200,1,4.0
Toshkent Wiloyati,Toshkent Wiloyati,State/Province,Uzbekistan,31600,6950,3800,5200,1,4.0
Port Vila,Port Vila,Capital City,Vanuatu,99400,21850,11950,10900,2,4.4
Vanuatu,Vanuatu,Country,Vanuatu,100800,22200,12100,11100,3,4.1
Malampa,Malampa,State/Province,Vanuatu,80800,17800,9700,8700,1,4.0
Penama,Penama,State/Province,Vanuatu,80800,17800,9700,8700,1,4.0
Pénama,Pénama,State/Province,Vanuatu,80800,17800,9700,8700,1,4.0
Sanma,Sanma,State/Province,Vanuatu,80800,17800,9700,8700,1,4.0
Shefa,Shefa,State/Province,Vanuatu,80800,17800,9700,8700,1,4.0
Shéfa,Shéfa,State/Province,Vanuatu,80800,17800,9700,8700,1,4.0
Tafea,Tafea,State/Province,Vanuatu,80800,17800,9700,8700,1,4.0
Taféa,Taféa,State/Province,Vanuatu,80800,17800,9700,8700,1,4.0
Torba,Torba,State/Province,Vanuatu,80800,17800,9700,8700,1,4.0
Vatican Museums,Vatican City,Museum,Vatican City,69800,15350,8400,7500,1,4.7
Distrito Capital,Distrito Capital,Administrative Region,Venezuela,75100,16500,9000,8300,1,4.0
Caracas,Caracas,Capital City,Venezuela,94700,20850,11350,10500,2,4.4
Venezuela,Venezuela,Country,Venezuela,96200,21150,11550,10700,3,4.1
Amazonas,Amazonas,State/Province,Venezuela,76900,16900,9250,8300,1,4.0
Anzoategui,Anzoategui,State/Province,Venezuela,76900,16900,9250,8300,1,4.0
Anzoátegui,Anzoátegui,State/Province,Venezuela,76900,16900,9250,8300,1,4.0
Apure,Apure,State/Province,Venezuela,76900,16900,9250,8300,1,4.0
Aragua,Aragua,State/Province,Venezuela,76900,16900,9250,8300,1,4.0
Barinas,Barinas,State/Province,Venezuela,76900,16900,9250,8300,1,4.0
Bolivar,Bolivar,State/Province,Venezuela,76900,16900,9250,8300,1,4.0
Bolívar,Bolívar,State/Province,Venezuela,76900,16900,9250,8300,1,4.0
Carabobo,Carabobo,State/Province,Venezuela,76900,16900,9250,8300,1,4.0
Cojedes,Cojedes,State/Province,Venezuela,76900,16900,9250,8300,1,4.0
Delta Amacuro,Delta Amacuro,State/Province,Venezuela,76900,16900,9250,8300,1,4.0
Dependencias Federales,Dependencias Federales,State/Province,Venezuela,76900,16900,9250,8300,1,4.0
Distrito Federal,Distrito Federal,State/Province,Venezuela,76900,16900,9250,8300,1,4.0
Falcon,Falcon,State/Province,Venezuela,76900,16900,9250,8300,1,4.0
Falcón,Falcón,State/Province,Venezuela,76900,16900,9250,8300,1,4.0
Guarico,Guarico,State/Province,Venezuela,76900,16900,9250,8300,1,4.0
Guárico,Guárico,State/Province,Venezuela,76900,16900,9250,8300,1,4.0
La Guaira,La Guaira,State/Province,Venezuela,76900,16900,9250,8300,1,4.0
Lara,Lara,State/Province,Venezuela,76900,16900,9250,8300,1,4.0
Merida,Merida,State/Province,Venezuela,76900,16900,9250,8300,1,4.0
Miranda,Miranda,State/Province,Venezuela,76900,16900,9250,8300,1,4.0
Monagas,Monagas,State/Province,Venezuela,76900,16900,9250,8300,1,4.0
Mérida,Mérida,State/Province,Venezuela,76900,16900,9250,8300,1,4.0
Nueva Esparta,Nueva Esparta,State/Province,Venezuela,76900,16900,9250,8300,1,4.0
Portuguesa,Portuguesa,State/Province,Venezuela,76900,16900,9250,8300,1,4.0
Sucre,Sucre,State/Province,Venezuela,76900,16900,9250,8300,1,4.0
Tachira,Tachira,State/Province,Venezuela,76900,16900,9250,8300,1,4.0
Trujillo,Trujillo,State/Province,Venezuela,76900,16900,9250,8300,1,4.0
Táchira,Táchira,State/Province,Venezuela,76900,16900,9250,8300,1,4.0
Vargas,Vargas,State/Province,Venezuela,76900,16900,9250,8300,1,4.0
Yaracuy,Yaracuy,State/Province,Venezuela,76900,16900,9250,8300,1,4.0
Zulia,Zulia,State/Province,Venezuela,76900,16900,9250,8300,1,4.0
Cần Thơ,Cần Thơ,Administrative Region,Vietnam,29000,6400,3500,4700,1,4.0
Hà Nội,Hà Nội,Administrative Region,Vietnam,29000,6400,3500,4700,1,4.0
Hải Phòng,Hải Phòng,Administrative Region,Vietnam,29000,6400,3500,4700,1,4.0
Hồ Chí Minh,Hồ Chí Minh,Administrative Region,Vietnam,29000,6400,3500,4700,1,4.0
Đà Nẵng,Đà Nẵng,Administrative Region,Vietnam,29000,6400,3500,4700,1,4.0
Hanoi,Hanoi,Capital City,Vietnam,37600,8250,4500,6100,2,4.4
Hanoi,Hanoi,City,Vietnam,26000,999999,999999,4500,3,4.7
Ho Chi Minh City,Ho Chi Minh City,City,Vietnam,28000,999999,999999,5000,3,4.6
Vietnam,Vietnam,Country,Vietnam,39000,8600,4700,6400,3,4.1
Hoi An Ancient Town,Hoi An,Historic Site,Vietnam,42600,9350,5100,6900,1,4.7
Cu Chi Tunnels,Ho Chi Minh City,Historical,Vietnam,28000,999999,999999,5000,0.7,4.5
Old Quarter Hanoi,Hanoi,Historical,Vietnam,26000,999999,999999,4500,0.6,4.7
Temple of Literature,Hanoi,Historical,Vietnam,26000,999999,999999,4500,0.4,4.6
Ben Thanh Market,Ho Chi Minh City,Market,Vietnam,28000,999999,999999,5000,0.4,4.2
War Remnants Museum,Ho Chi Minh City,Museum,Vietnam,28000,999999,999999,5000,0.5,4.5
Ha Long Bay,Quang Ninh,Natural Wonder,Vietnam,36700,8050,4400,6100,1,4.7
Hoan Kiem Lake,Hanoi,Nature,Vietnam,26000,999999,999999,4500,0.4,4.7
An Giang,An Giang,State/Province,Vietnam,28000,6150,3350,4600,1,4.0
Ba Ria-Vung Tau,Ba Ria-Vung Tau,State/Province,Vietnam,28000,6150,3350,4600,1,4.0
Bac Giang,Bac Giang,State/Province,Vietnam,28000,6150,3350,4600,1,4.0
Bac Kan,Bac Kan,State/Province,Vietnam,28000,6150,3350,4600,1,4.0
Bac Lieu,Bac Lieu,State/Province,Vietnam,28000,6150,3350,4600,1,4.0
Bac Ninh,Bac Ninh,State/Province,Vietnam,28000,6150,3350,4600,1,4.0
Ben Tre,Ben Tre,State/Province,Vietnam,28000,6150,3350,4600,1,4.0
Binh Dinh,Binh Dinh,State/Province,Vietnam,28000,6150,3350,4600,1,4.0
Binh Duong,Binh Duong,State/Province,Vietnam,28000,6150,3350,4600,1,4.0
Binh Phuoc,Binh Phuoc,State/Province,Vietnam,28000,6150,3350,4600,1,4.0
Binh Thuan,Binh Thuan,State/Province,Vietnam,28000,6150,3350,4600,1,4.0
Bà Rịa - Vũng Tàu,Bà Rịa - Vũng Tàu,State/Province,Vietnam,28000,6150,3350,4600,1,4.0
Bình Dương,Bình Dương,State/Province,Vietnam,28000,6150,3350,4600,1,4.0
Bình Phước,Bình Phước,State/Province,Vietnam,28000,6150,3350,4600,1,4.0
Bình Thuận,Bình Thuận,State/Province,Vietnam,28000,6150,3350,4600,1,4.0
Bình Định,Bình Định,State/Province,Vietnam,28000,6150,3350,4600,1,4.0
Bạc Liêu,Bạc Liêu,State/Province,Vietnam,28000,6150,3350,4600,1,4.0
Bắc Giang,Bắc Giang,State/Province,Vietnam,28000,6150,3350,4600,1,4.0
Bắc Kạn,Bắc Kạn,State/Province,Vietnam,28000,6150,3350,4600,1,4.0
Bắc Ninh,Bắc Ninh,State/Province,Vietnam,28000,6150,3350,4600,1,4.0
Bến Tre,Bến Tre,State/Province,Vietnam,28000,6150,3350,4600,1,4.0
Ca Mau,Ca Mau,State/Province,Vietnam,28000,6150,3350,4600,1,4.0
Can Tho,Can Tho,State/Province,Vietnam,28000,6150,3350,4600,1,4.0
Cao Bang,Cao Bang,State/Province,Vietnam,28000,6150,3350,4600,1,4.0
Cao Bằng,Cao Bằng,State/Province,Vietnam,28000,6150,3350,4600,1,4.0
Cà Mau,Cà Mau,State/Province,Vietnam,28000,6150,3350,4600,1,4.0
Da Nang,Da Nang,State/Province,Vietnam,28000,6150,3350,4600,1,4.0
Dac Lak,Dac Lak,State/Province,Vietnam,28000,6150,3350,4600,1,4.0
Dong Nai,Dong Nai,State/Province,Vietnam,28000,6150,3350,4600,1,4.0
Dong Thap,Dong Thap,State/Province,Vietnam,28000,6150,3350,4600,1,4.0
Gia Lai,Gia Lai,State/Province,Vietnam,28000,6150,3350,4600,1,4.0
Ha Giang,Ha Giang,State/Province,Vietnam,28000,6150,3350,4600,1,4.0
Ha Nam,Ha Nam,State/Province,Vietnam,28000,6150,3350,4600,1,4.0
Ha Noi,Ha Noi,State/Province,Vietnam,28000,6150,3350,4600,1,4.0
Ha Tay,Ha Tay,State/Province,Vietnam,28000,6150,3350,4600,1,4.0
Ha Tinh,Ha Tinh,State/Province,Vietnam,28000,6150,3350,4600,1,4.0
Hai Duong,Hai Duong,State/Province,Vietnam,28000,6150,3350,4600,1,4.0
Hai Phong,Hai Phong,State/Province,Vietnam,28000,6150,3350,4600,1,4.0
Ho Chi Minh,Ho Chi Minh,State/Province,Vietnam,28000,6150,3350,4600,1,4.0
Hoa Binh,Hoa Binh,State/Province,Vietnam,28000,6150,3350,4600,1,4.0
Hung Yen,Hung Yen,State/Province,Vietnam,28000,6150,3350,4600,1,4.0
Hà Giang,Hà Giang,State/Province,Vietnam,28000,6150,3350,4600,1,4.0
Hà Nam,Hà Nam,State/Province,Vietnam,28000,6150,3350,4600,1,4.0
Hà Tĩnh,Hà Tĩnh,State/Province,Vietnam,28000,6150,3350,4600,1,4.0
Hòa Bình,Hòa Bình,State/Province,Vietnam,28000,6150,3350,4600,1,4.0
Hưng Yên,Hưng Yên,State/Province,Vietnam,28000,6150,3350,4600,1,4.0
Hải Dương,Hải Dương,State/Province,Vietnam,28000,6150,3350,4600,1,4.0
Hậu Giang,Hậu Giang,State/Province,Vietnam,28000,6150,3350,4600,1,4.0
Khanh Hoa,Khanh Hoa,State/Province,Vietnam,28000,6150,3350,4600,1,4.0
Khánh Hòa,Khánh Hòa,State/Province,Vietnam,28000,6150,3350,4600,1,4.0
Kien Giang,Kien Giang,State/Province,Vietnam,28000,6150,3350,4600,1,4.0
Kiến Giang,Kiến Giang,State/Province,Vietnam,28000,6150,3350,4600,1,4.0
Kon Tum,Kon Tum,State/Province,Vietnam,28000,6150,3350,4600,1,4.0
Lai Chau,Lai Chau,State/Province,Vietnam,28000,6150,3350,4600,1,4.0
Lai Châu,Lai Châu,State/Province,Vietnam,28000,6150,3350,4600,1,4.0
Lam Dong,Lam Dong,State/Province,Vietnam,28000,6150,3350,4600,1,4.0
Lang Son,Lang Son,State/Province,Vietnam,28000,6150,3350,4600,1,4.0
Lao Cai,Lao Cai,State/Province,Vietnam,28000,6150,3350,4600,1,4.0
Long An,Long An,State/Province,Vietnam,28000,6150,3350,4600,1,4.0
Lào Cai,Lào Cai,State/Province,Vietnam,28000,6150,3350,4600,1,4.0
Lâm Đồng,Lâm Đồng,State/Province,Vietnam,28000,6150,3350,4600,1,4.0
Lạng Sơn,Lạng Sơn,State/Province,Vietnam,28000,6150,3350,4600,1,4.0
Nam Dinh,Nam Dinh,State/Province,Vietnam,28000,6150,3350,4600,1,4.0
Nam Định,Nam Định,State/Province,Vietnam,28000,6150,3350,4600,1,4.0
Nghe An,Nghe An,State/Province,Vietnam,28000,6150,3350,4600,1,4.0
Nghệ An,Nghệ An,State/Province,Vietnam,28000,6150,3350,4600,1,4.0
Ninh Binh,Ninh Binh,State/Province,Vietnam,28000,6150,3350,4600,1,4.0
Ninh Bình,Ninh Bình,State/Province,Vietnam,28000,6150,3350,4600,1,4.0
Ninh Thuan,Ninh Thuan,State/Province,Vietnam,28000,6150,3350,4600,1,4.0
Ninh Thuận,Ninh Thuận,State/Province,Vietnam,28000,6150,3350,4600,1,4.0
Phu Tho,Phu Tho,State/Province,Vietnam,28000,6150,3350,4600,1,4.0
Phu Yen,Phu Yen,State/Province,Vietnam,28000,6150,3350,4600,1,4.0
Phú Thọ,Phú Thọ,State/Province,Vietnam,28000,6150,3350,4600,1,4.0
Phú Yên,Phú Yên,State/Province,Vietnam,28000,6150,3350,4600,1,4.0
Quang Binh,Quang Binh,State/Province,Vietnam,28000,6150,3350,4600,1,4.0
Quang Nam,Quang Nam,State/Province,Vietnam,28000,6150,3350,4600,1,4.0
Quang Ngai,Quang Ngai,State/Province,Vietnam,28000,6150,3350,4600,1,4.0
Quang Ninh,Quang Ninh,State/Province,Vietnam,28000,6150,3350,4600,1,4.0
Quang Tri,Quang Tri,State/Province,Vietnam,28000,6150,3350,4600,1,4.0
Quảng Bình,Quảng Bình,State/Province,Vietnam,28000,6150,3350,4600,1,4.0
Quảng Nam,Quảng Nam,State/Province,Vietnam,28000,6150,3350,4600,1,4.0
Quảng Ngãi,Quảng Ngãi,State/Province,Vietnam,28000,6150,3350,4600,1,4.0
Quảng Ninh,Quảng Ninh,State/Province,Vietnam,28000,6150,3350,4600,1,4.0
Quảng Trị,Quảng Trị,State/Province,Vietnam,28000,6150,3350,4600,1,4.0
Soc Trang,Soc Trang,State/Province,Vietnam,28000,6150,3350,4600,1,4.0
Son La,Son La,State/Province,Vietnam,28000,6150,3350,4600,1,4.0
Sóc Trăng,Sóc Trăng,State/Province,Vietnam,28000,6150,3350,4600,1,4.0
Sơn La,Sơn La,State/Province,Vietnam,28000,6150,3350,4600,1,4.0
Tay Ninh,Tay Ninh,State/Province,Vietnam,28000,6150,3350,4600,1,4.0
Thai Binh,Thai Binh,State/Province,Vietnam,28000,6150,3350,4600,1,4.0
Thai Nguyen,Thai Nguyen,State/Province,Vietnam,28000,6150,3350,4600,1,4.0
Thanh Hoa,Thanh Hoa,State/Province,Vietnam,28000,6150,3350,4600,1,4.0
Thanh Hóa,Thanh Hóa,State/Province,Vietnam,28000,6150,3350,4600,1,4.0
Thua Thien-Hue,Thua Thien-Hue,State/Province,Vietnam,28000,6150,3350,4600,1,4.0
Thái Bình,Thái Bình,State/Province,Vietnam,28000,6150,3350,4600,1,4.0
Thái Nguyên,Thái Nguyên,State/Province,Vietnam,28000,6150,3350,4600,1,4.0
Thừa Thiên-Huế,Thừa Thiên-Huế,State/Province,Vietnam,28000,6150,3350,4600,1,4.0
Tien Giang,Tien Giang,State/Province,Vietnam,28000,6150,3350,4600,1,4.0
Tiền Giang,Tiền Giang,State/Province,Vietnam,28000,6150,3350,4600,1,4.0
Tra Vinh,Tra Vinh,State/Province,Vietnam,28000,6150,3350,4600,1,4.0
Trà Vinh,Trà Vinh,State/Province,Vietnam,28000,6150,3350,4600,1,4.0
Tuyen Quang,Tuyen Quang,State/Province,Vietnam,28000,6150,3350,4600,1,4.0
Tuyên Quang,Tuyên Quang,State/Province,Vietnam,28000,6150,3350,4600,1,4.0
Tây Ninh,Tây Ninh,State/Province,Vietnam,28000,6150,3350,4600,1,4.0
Vinh Long,Vinh Long,State/Province,Vietnam,28000,6150,3350,4600,1,4.0
Vinh Phuc,Vinh Phuc,State/Province,Vietnam,28000,6150,3350,4600,1,4.0
Vĩnh Long,Vĩnh Long,State/Province,Vietnam,28000,6150,3350,4600,1,4.0
Vĩnh Phúc,Vĩnh Phúc,State/Province,Vietnam,28000,6150,3350,4600,1,4.0
Yen Bai,Yen Bai,State/Province,Vietnam,28000,6150,3350,4600,1,4.0
Yên Bái,Yên Bái,State/Province,Vietnam,28000,6150,3350,4600,1,4.0
Điện Biên,Điện Biên,State/Province,Vietnam,28000,6150,3350,4600,1,4.0
Đắk Lắk,Đắk Lắk,State/Province,Vietnam,28000,6150,3350,4600,1,4.0
Đắk Nông,Đắk Nông,State/Province,Vietnam,28000,6150,3350,4600,1,4.0
Đồng Nai,Đồng Nai,State/Province,Vietnam,28000,6150,3350,4600,1,4.0
Đồng Tháp,Đồng Tháp,State/Province,Vietnam,28000,6150,3350,4600,1,4.0
"Virgin Islands, British","Virgin Islands, British",Country,"Virgin Islands, British",63400,13950,7600,6500,3,4.1
"Virgin Islands, U.S.","Virgin Islands, U.S.",Country,"Virgin Islands, U.S.",67300,14800,8100,7100,3,4.1
Blaenau Gwent,Blaenau Gwent,State/Province,Wales,51700,11350,6200,5200,1,4.0
Bridgend,Bridgend,State/Province,Wales,51700,11350,6200,5200,1,4.0
Caerphilly,Caerphilly,State/Province,Wales,51700,11350,6200,5200,1,4.0
Cardiff,Cardiff,State/Province,Wales,51700,11350,6200,5200,1,4.0
Carmarthenshire,Carmarthenshire,State/Province,Wales,51700,11350,6200,5200,1,4.0
Ceredigion,Ceredigion,State/Province,Wales,51700,11350,6200,5200,1,4.0
Conwy,Conwy,State/Province,Wales,51700,11350,6200,5200,1,4.0
Denbighshire,Denbighshire,State/Province,Wales,51700,11350,6200,5200,1,4.0
Flintshire,Flintshire,State/Province,Wales,51700,11350,6200,5200,1,4.0
Gwynedd,Gwynedd,State/Province,Wales,51700,11350,6200,5200,1,4.0
Isle of Anglesey,Isle of Anglesey,State/Province,Wales,51700,11350,6200,5200,1,4.0
Merthyr Tydfil,Merthyr Tydfil,State/Province,Wales,51700,11350,6200,5200,1,4.0
Monmouthshire,Monmouthshire,State/Province,Wales,51700,11350,6200,5200,1,4.0
Neath Port Talbot,Neath Port Talbot,State/Province,Wales,51700,11350,6200,5200,1,4.0
Newport,Newport,State/Province,Wales,51700,11350,6200,5200,1,4.0
Pembrokeshire,Pembrokeshire,State/Province,Wales,51700,11350,6200,5200,1,4.0
Powys,Powys,State/Province,Wales,51700,11350,6200,5200,1,4.0
Rhondda Cynon Taff,Rhondda Cynon Taff,State/Province,Wales,51700,11350,6200,5200,1,4.0
Swansea,Swansea,State/Province,Wales,51700,11350,6200,5200,1,4.0
The Vale of Glamorgan,The Vale of Glamorgan,State/Province,Wales,51700,11350,6200,5200,1,4.0
Torfaen,Torfaen,State/Province,Wales,51700,11350,6200,5200,1,4.0
Wrexham,Wrexham,State/Province,Wales,51700,11350,6200,5200,1,4.0
Mata-Utu,Mata-Utu,Capital City,Wallis and Futuna,96900,21300,11650,10500,2,4.4
Wallis and Futuna,Wallis and Futuna,Country,Wallis and Futuna,98400,21650,11800,10800,3,4.1
Alo,Alo,State/Province,Wallis and Futuna,78300,17250,9400,8300,1,4.0
Sigave,Sigave,State/Province,Wallis and Futuna,78300,17250,9400,8300,1,4.0
Uvea,Uvea,State/Province,Wallis and Futuna,78300,17250,9400,8300,1,4.0
Wallis,Wallis,State/Province,Wallis and Futuna,78300,17250,9400,8300,1,4.0
El Aaiún,El Aaiún,Capital City,Western Sahara,56200,12350,6750,6700,2,4.4
Western Sahara,Western Sahara,Country,Western Sahara,57700,12700,6900,6900,3,4.1
Western Sahara,Western Sahara,State/Province,Western Sahara,54200,11900,6500,6600,1,4.0
Amānat al ‘Āşimah [city],Amānat al ‘Āşimah [city],Administrative Region,Yemen,27400,6050,3300,4500,1,4.0
Sana'a,Sana'a,Capital City,Yemen,36000,7900,4300,5900,2,4.4
Yemen,Yemen,Country,Yemen,37500,8250,4500,6100,3,4.1
'Adan,'Adan,State/Province,Yemen,26400,5800,3150,4400,1,4.0
'Ataq,'Ataq,State/Province,Yemen,26400,5800,3150,4400,1,4.0
Abyan,Abyan,State/Province,Yemen,26400,5800,3150,4400,1,4.0
Al Bayda',Al Bayda',State/Province,Yemen,26400,5800,3150,4400,1,4.0
Al Bayḑā’,Al Bayḑā’,State/Province,Yemen,26400,5800,3150,4400,1,4.0
Al Hudaydah,Al Hudaydah,State/Province,Yemen,26400,5800,3150,4400,1,4.0
Al Jawf,Al Jawf,State/Province,Yemen,26400,5800,3150,4400,1,4.0
Al Mahrah,Al Mahrah,State/Province,Yemen,26400,5800,3150,4400,1,4.0
Al Mahwit,Al Mahwit,State/Province,Yemen,26400,5800,3150,4400,1,4.0
Al Maḩwīt,Al Maḩwīt,State/Province,Yemen,26400,5800,3150,4400,1,4.0
Al Ḩudaydah,Al Ḩudaydah,State/Province,Yemen,26400,5800,3150,4400,1,4.0
Arkhabīl Suquţrá,Arkhabīl Suquţrá,State/Province,Yemen,26400,5800,3150,4400,1,4.0
Aḑ Ḑāli‘,Aḑ Ḑāli‘,State/Province,Yemen,26400,5800,3150,4400,1,4.0
Dhamar,Dhamar,State/Province,Yemen,26400,5800,3150,4400,1,4.0
Dhamār,Dhamār,State/Province,Yemen,26400,5800,3150,4400,1,4.0
Hadhramawt,Hadhramawt,State/Province,Yemen,26400,5800,3150,4400,1,4.0
Hajjah,Hajjah,State/Province,Yemen,26400,5800,3150,4400,1,4.0
Ibb,Ibb,State/Province,Yemen,26400,5800,3150,4400,1,4.0
Lahij,Lahij,State/Province,Yemen,26400,5800,3150,4400,1,4.0
Laḩij,Laḩij,State/Province,Yemen,26400,5800,3150,4400,1,4.0
Ma'rib,Ma'rib,State/Province,Yemen,26400,5800,3150,4400,1,4.0
Ma’rib,Ma’rib,State/Province,Yemen,26400,5800,3150,4400,1,4.0
Raymah,Raymah,State/Province,Yemen,26400,5800,3150,4400,1,4.0
Sa'dah,Sa'dah,State/Province,Yemen,26400,5800,3150,4400,1,4.0
San'a',San'a',State/Province,Yemen,26400,5800,3150,4400,1,4.0
Shabwah,Shabwah,State/Province,Yemen,26400,5800,3150,4400,1,4.0
Ta'izz,Ta'izz,State/Province,Yemen,26400,5800,3150,4400,1,4.0
Tāʻizz,Tāʻizz,State/Province,Yemen,26400,5800,3150,4400,1,4.0
Şanʻā’,Şanʻā’,State/Province,Yemen,26400,5800,3150,4400,1,4.0
Şāʻdah,Şāʻdah,State/Province,Yemen,26400,5800,3150,4400,1,4.0
Ḩajjah,Ḩajjah,State/Province,Yemen,26400,5800,3150,4400,1,4.0
Ḩaḑramawt,Ḩaḑramawt,State/Province,Yemen,26400,5800,3150,4400,1,4.0
‘Adan,‘Adan,State/Province,Yemen,26400,5800,3150,4400,1,4.0
‘Amrān,‘Amrān,State/Province,Yemen,26400,5800,3150,4400,1,4.0
Lusaka,Lusaka,Capital City,Zambia,59400,13050,7150,7200,2,4.4
Zambia,Zambia,Country,Zambia,60900,13400,7300,7400,3,4.1
Victoria Falls,Livingstone,Natural Wonder,Zambia,74800,16450,9000,9100,1,4.7
Central,Central,State/Province,Zambia,57400,12650,6900,7100,1,4.0
Copperbelt,Copperbelt,State/Province,Zambia,57400,12650,6900,7100,1,4.0
Eastern,Eastern,State/Province,Zambia,57400,12650,6900,7100,1,4.0
Luapula,Luapula,State/Province,Zambia,57400,12650,6900,7100,1,4.0
Lusaka,Lusaka,State/Province,Zambia,57400,12650,6900,7100,1,4.0
Muchinga,Muchinga,State/Province,Zambia,57400,12650,6900,7100,1,4.0
North-Western,North-Western,State/Province,Zambia,57400,12650,6900,7100,1,4.0
Northern,Northern,State/Province,Zambia,57400,12650,6900,7100,1,4.0
Southern,Southern,State/Province,Zambia,57400,12650,6900,7100,1,4.0
Western,Western,State/Province,Zambia,57400,12650,6900,7100,1,4.0
Harare,Harare,Capital City,Zimbabwe,61800,13600,7400,7500,2,4.4
Zimbabwe,Zimbabwe,Country,Zimbabwe,63200,13900,7600,7700,3,4.1
Bulawayo,Bulawayo,State/Province,Zimbabwe,48400,10650,5800,5800,1,4.0
Harare,Harare,State/Province,Zimbabwe,48400,10650,5800,5800,1,4.0
Manicaland,Manicaland,State/Province,Zimbabwe,48400,10650,5800,5800,1,4.0
ManicalandMashonaland Central,ManicalandMashonaland Central,State/Province,Zimbabwe,48400,10650,5800,5800,1,4.0
Mashonaland,Mashonaland,State/Province,Zimbabwe,48400,10650,5800,5800,1,4.0
Mashonaland Central,Mashonaland Central,State/Province,Zimbabwe,48400,10650,5800,5800,1,4.0
Mashonaland East,Mashonaland East,State/Province,Zimbabwe,48400,10650,5800,5800,1,4.0
Mashonaland West,Mashonaland West,State/Province,Zimbabwe,48400,10650,5800,5800,1,4.0
Masvingo,Masvingo,State/Province,Zimbabwe,48400,10650,5800,5800,1,4.0
Matabeleland North,Matabeleland North,State/Province,Zimbabwe,48400,10650,5800,5800,1,4.0
Matabeleland South,Matabeleland South,State/Province,Zimbabwe,48400,10650,5800,5800,1,4.0
Midlands,Midlands,State/Province,Zimbabwe,48400,10650,5800,5800,1,4.0
Åland Islands,Åland Islands,Country,Åland Islands,62000,13650,7450,6300,3,4.1
